run_id,source,size,seed,architecture,schedule,reference_policy,finding,images,positive_labels,AUROC,average_precision,Brier,ECE
chexpert_n1000_seed1_densenet121_convergence,chexpert,1000,1,densenet121,convergence,any_reader,Cardiomegaly,15000,2316,0.8233760189901029,0.48011667485139553,0.20177530489768217,0.20907675204277038
chexpert_n1000_seed1_densenet121_convergence,chexpert,1000,1,densenet121,convergence,any_reader,Pleural_Effusion,15000,1038,0.7428734448222936,0.15549462091571675,0.5336887180761133,0.5733853888750077
chexpert_n1000_seed1_densenet121_convergence,chexpert,1000,1,densenet121,convergence,any_reader,Atelectasis,15000,187,0.7465347860727911,0.032226920827036785,0.8691840033303861,0.9035247620463371
chexpert_n1000_seed1_densenet121_convergence,chexpert,1000,1,densenet121,convergence,any_reader,Consolidation,15000,353,0.8223951534806555,0.1118905609523352,0.24044866164751225,0.28231958638429644
chexpert_n1000_seed1_densenet121_convergence,chexpert,1000,1,densenet121,convergence,majority,Cardiomegaly,15000,1817,0.8310465008657812,0.41401660970434595,0.21119091102287796,0.2300767520427704
chexpert_n1000_seed1_densenet121_convergence,chexpert,1000,1,densenet121,convergence,majority,Pleural_Effusion,15000,634,0.8093726819940703,0.12462082905134228,0.5493096759593122,0.6003187222083409
chexpert_n1000_seed1_densenet121_convergence,chexpert,1000,1,densenet121,convergence,majority,Atelectasis,15000,62,0.7823417437235196,0.011560623198952177,0.8771810248147611,0.9118580953796704
chexpert_n1000_seed1_densenet121_convergence,chexpert,1000,1,densenet121,convergence,majority,Consolidation,15000,121,0.8423453322365151,0.039212708106356554,0.24830234774179633,0.29778625305096307
chexpert_n1000_seed1_densenet121_convergence,chexpert,1000,1,densenet121,convergence,all_readers,Cardiomegaly,15000,1297,0.837662188229187,0.32132755082626213,0.2246800402880274,0.25421008537610373
chexpert_n1000_seed1_densenet121_convergence,chexpert,1000,1,densenet121,convergence,all_readers,Pleural_Effusion,15000,439,0.8389349088173403,0.09717894135125534,0.559327200551394,0.6133187222083409
chexpert_n1000_seed1_densenet121_convergence,chexpert,1000,1,densenet121,convergence,all_readers,Atelectasis,15000,18,0.7782264643498124,0.0032549903407565095,0.8800635117939278,0.9147914287130038
chexpert_n1000_seed1_densenet121_convergence,chexpert,1000,1,densenet121,convergence,all_readers,Consolidation,15000,31,0.8385889979075034,0.008527776390159638,0.25214732206093643,0.3037862530509631
nih_n1000_seed1_densenet121_convergence,nih,1000,1,densenet121,convergence,any_reader,Cardiomegaly,15000,2316,0.7623171373342942,0.40728066605057966,0.1471047625498246,0.14663993948698043
nih_n1000_seed1_densenet121_convergence,nih,1000,1,densenet121,convergence,any_reader,Pleural_Effusion,15000,1038,0.754331568565269,0.32878232706109656,0.06110769309715421,0.05545518902540207
nih_n1000_seed1_densenet121_convergence,nih,1000,1,densenet121,convergence,any_reader,Atelectasis,15000,187,0.5771967894944136,0.016945416589793663,0.02071222534695374,0.023760195565223696
nih_n1000_seed1_densenet121_convergence,nih,1000,1,densenet121,convergence,any_reader,Consolidation,15000,353,0.6476353529162493,0.061104934329223676,0.02344682615903229,0.02286505714257558
nih_n1000_seed1_densenet121_convergence,nih,1000,1,densenet121,convergence,majority,Cardiomegaly,15000,1817,0.7731630031188329,0.34618009622816526,0.11562676011286882,0.11432268688281377
nih_n1000_seed1_densenet121_convergence,nih,1000,1,densenet121,convergence,majority,Pleural_Effusion,15000,634,0.8354877842048194,0.35279976133749313,0.037746267697373936,0.03327813824415207
nih_n1000_seed1_densenet121_convergence,nih,1000,1,densenet121,convergence,majority,Atelectasis,15000,62,0.5626535918355007,0.007046611454031309,0.012667139455865893,0.01622686223189036
nih_n1000_seed1_densenet121_convergence,nih,1000,1,densenet121,convergence,majority,Consolidation,15000,121,0.6392402848542984,0.018737888919606115,0.008189536709658407,0.007862550632158915
nih_n1000_seed1_densenet121_convergence,nih,1000,1,densenet121,convergence,all_readers,Cardiomegaly,15000,1297,0.7766249825365076,0.27579876621074906,0.082370000826942,0.08011741344531377
nih_n1000_seed1_densenet121_convergence,nih,1000,1,densenet121,convergence,all_readers,Pleural_Effusion,15000,439,0.8789272182894395,0.3596403838940803,0.028538514118552114,0.02587813824415207
nih_n1000_seed1_densenet121_convergence,nih,1000,1,densenet121,convergence,all_readers,Atelectasis,15000,18,0.510642400510242,0.0017747903341587292,0.009964149631252956,0.013560195565223693
nih_n1000_seed1_densenet121_convergence,nih,1000,1,densenet121,convergence,all_readers,Consolidation,15000,31,0.6122459534651182,0.00537872339975264,0.0022348997623444626,0.0019333188613255819
chexpert_nall_seed1_densenet121_convergence,chexpert,all,1,densenet121,convergence,any_reader,Cardiomegaly,15000,2316,0.8505557775043587,0.5631609262354873,0.12260097797001168,0.14053211924235026
chexpert_nall_seed1_densenet121_convergence,chexpert,all,1,densenet121,convergence,any_reader,Pleural_Effusion,15000,1038,0.9082150864209184,0.6799955980725307,0.0765937213391084,0.12667216742833456
chexpert_nall_seed1_densenet121_convergence,chexpert,all,1,densenet121,convergence,any_reader,Atelectasis,15000,187,0.7768061079460844,0.04761990914392467,0.6303573027839263,0.7716891520182292
chexpert_nall_seed1_densenet121_convergence,chexpert,all,1,densenet121,convergence,any_reader,Consolidation,15000,353,0.9148593404251245,0.34595768810348454,0.051013482910641623,0.10302706572214762
chexpert_nall_seed1_densenet121_convergence,chexpert,all,1,densenet121,convergence,majority,Cardiomegaly,15000,1817,0.869677246897125,0.5392999707800011,0.11977703591272001,0.17379878590901693
chexpert_nall_seed1_densenet121_convergence,chexpert,all,1,densenet121,convergence,majority,Pleural_Effusion,15000,634,0.9666873589982656,0.7481733527199246,0.07810691357950553,0.15360550076166787
chexpert_nall_seed1_densenet121_convergence,chexpert,all,1,densenet121,convergence,majority,Atelectasis,15000,62,0.7802108931972583,0.015866517559979726,0.6371254668464263,0.7800224853515625
chexpert_nall_seed1_densenet121_convergence,chexpert,all,1,densenet121,convergence,majority,Consolidation,15000,121,0.9374191480699128,0.1942474706307507,0.05468255385383824,0.11849373238881429
chexpert_nall_seed1_densenet121_convergence,chexpert,all,1,densenet121,convergence,all_readers,Cardiomegaly,15000,1297,0.8891658040653265,0.4912223346955911,0.12215570616011585,0.2084654525756836
chexpert_nall_seed1_densenet121_convergence,chexpert,all,1,densenet121,convergence,all_readers,Pleural_Effusion,15000,439,0.9837807454899887,0.736541168587831,0.08496644421915396,0.16660550076166789
chexpert_nall_seed1_densenet121_convergence,chexpert,all,1,densenet121,convergence,all_readers,Atelectasis,15000,18,0.7408835046500244,0.0033507675922592726,0.6395963001797597,0.7829558186848958
chexpert_nall_seed1_densenet121_convergence,chexpert,all,1,densenet121,convergence,all_readers,Consolidation,15000,31,0.9275761304545523,0.08726489717061646,0.057329819478838244,0.1244937323888143
nih_nall_seed1_densenet121_convergence,nih,all,1,densenet121,convergence,any_reader,Cardiomegaly,15000,2316,0.8372308496309113,0.5031713041224298,0.12966053300090533,0.12539168603817621
nih_nall_seed1_densenet121_convergence,nih,all,1,densenet121,convergence,any_reader,Pleural_Effusion,15000,1038,0.8711184210707897,0.6019395522108968,0.04311827134679617,0.022811233258247375
nih_nall_seed1_densenet121_convergence,nih,all,1,densenet121,convergence,any_reader,Atelectasis,15000,187,0.7283961804037572,0.026792914026427254,0.02031352053268433,0.04650653697649638
nih_nall_seed1_densenet121_convergence,nih,all,1,densenet121,convergence,any_reader,Consolidation,15000,353,0.9238356441514771,0.30934494379776895,0.02055498084680181,0.009050452367464702
nih_nall_seed1_densenet121_convergence,nih,all,1,densenet121,convergence,majority,Cardiomegaly,15000,1817,0.8673130005868451,0.5070315631771228,0.09814560031282803,0.09212501937150955
nih_nall_seed1_densenet121_convergence,nih,all,1,densenet121,convergence,majority,Pleural_Effusion,15000,634,0.9351398609844221,0.68844285581693,0.022285394505568955,0.015272393043835958
nih_nall_seed1_densenet121_convergence,nih,all,1,densenet121,convergence,majority,Atelectasis,15000,62,0.7439529625678611,0.01069017459666242,0.013803034692840579,0.05483987030982971
nih_nall_seed1_densenet121_convergence,nih,all,1,densenet121,convergence,majority,Consolidation,15000,121,0.9428108505025943,0.1760188150200896,0.0072772787695719945,0.007297879338264465
nih_nall_seed1_densenet121_convergence,nih,all,1,densenet121,convergence,all_readers,Cardiomegaly,15000,1297,0.8947426152707247,0.48875339955785757,0.06720183980651596,0.057459915204842886
nih_nall_seed1_densenet121_convergence,nih,all,1,densenet121,convergence,all_readers,Pleural_Effusion,15000,439,0.9618369285821222,0.7070834937351104,0.015002984074660754,0.021305758929252624
nih_nall_seed1_densenet121_convergence,nih,all,1,densenet121,convergence,all_readers,Atelectasis,15000,18,0.7116410062445305,0.002043762996238743,0.011616388167775476,0.057773203643163046
nih_nall_seed1_densenet121_convergence,nih,all,1,densenet121,convergence,all_readers,Consolidation,15000,31,0.9295910473042136,0.12494158879512914,0.002323204672892307,0.012416214299201965
chexpert_n1000_seed2_densenet121_convergence,chexpert,1000,2,densenet121,convergence,any_reader,Cardiomegaly,15000,2316,0.6932828386189828,0.2992618326800506,0.223025047446903,0.22150465872685116
chexpert_n1000_seed2_densenet121_convergence,chexpert,1000,2,densenet121,convergence,any_reader,Pleural_Effusion,15000,1038,0.8109880341328335,0.26027107291461005,0.31613213327326817,0.35748011104663213
chexpert_n1000_seed2_densenet121_convergence,chexpert,1000,2,densenet121,convergence,any_reader,Atelectasis,15000,187,0.64731062576556,0.019453463542384034,0.9638237321802299,0.9730991765340169
chexpert_n1000_seed2_densenet121_convergence,chexpert,1000,2,densenet121,convergence,any_reader,Consolidation,15000,353,0.8049617524090538,0.12231207907591504,0.12029919954031539,0.15288997902472815
chexpert_n1000_seed2_densenet121_convergence,chexpert,1000,2,densenet121,convergence,majority,Cardiomegaly,15000,1817,0.6984221645002271,0.24773398688646037,0.22122878340245922,0.23543799206018448
chexpert_n1000_seed2_densenet121_convergence,chexpert,1000,2,densenet121,convergence,majority,Pleural_Effusion,15000,634,0.861906025047749,0.22272212488080026,0.3279349337537929,0.3831015865445137
chexpert_n1000_seed2_densenet121_convergence,chexpert,1000,2,densenet121,convergence,majority,Atelectasis,15000,62,0.6124788912451032,0.005517862454466678,0.9721250342635632,0.9814325098673503
chexpert_n1000_seed2_densenet121_convergence,chexpert,1000,2,densenet121,convergence,majority,Consolidation,15000,121,0.8122105091262354,0.043047565066398785,0.12110846457371942,0.1683566456913948
chexpert_n1000_seed2_densenet121_convergence,chexpert,1000,2,densenet121,convergence,all_readers,Cardiomegaly,15000,1297,0.7067072920623441,0.1938922004938867,0.22110095688662568,0.2549966916044553
chexpert_n1000_seed2_densenet121_convergence,chexpert,1000,2,densenet121,convergence,all_readers,Pleural_Effusion,15000,439,0.8917013791169002,0.1883437452517887,0.33591947098968866,0.3961015865445137
chexpert_n1000_seed2_densenet121_convergence,chexpert,1000,2,densenet121,convergence,all_readers,Atelectasis,15000,18,0.617040448538246,0.0016735924464925354,0.9750213233260632,0.9843658432006835
chexpert_n1000_seed2_densenet121_convergence,chexpert,1000,2,densenet121,convergence,all_readers,Consolidation,15000,31,0.8073696391898094,0.015339692973345321,0.12169371015121372,0.1743566456913948
nih_n1000_seed2_densenet121_convergence,nih,1000,2,densenet121,convergence,any_reader,Cardiomegaly,15000,2316,0.6315804245785288,0.2347565356603924,0.1538785155575879,0.15346954762538273
nih_n1000_seed2_densenet121_convergence,nih,1000,2,densenet121,convergence,any_reader,Pleural_Effusion,15000,1038,0.7309024715861026,0.232350247797994,0.07578233765696832,0.07280340232451757
nih_n1000_seed2_densenet121_convergence,nih,1000,2,densenet121,convergence,any_reader,Atelectasis,15000,187,0.6289797839807569,0.019382397051650097,0.017080612015751877,0.018820367995897928
nih_n1000_seed2_densenet121_convergence,nih,1000,2,densenet121,convergence,any_reader,Consolidation,15000,353,0.5158222076434839,0.02657296496338456,0.02482712285978606,0.02565948241551717
nih_n1000_seed2_densenet121_convergence,nih,1000,2,densenet121,convergence,majority,Cardiomegaly,15000,1817,0.6527302406732776,0.20401659005418976,0.12067919883344648,0.12020288095871608
nih_n1000_seed2_densenet121_convergence,nih,1000,2,densenet121,convergence,majority,Pleural_Effusion,15000,634,0.7882027139965508,0.22961093019287176,0.05441399579778659,0.05480273500680923
nih_n1000_seed2_densenet121_convergence,nih,1000,2,densenet121,convergence,majority,Atelectasis,15000,62,0.5908745394944265,0.005425790802539849,0.009142291545895615,0.011153701329231262
nih_n1000_seed2_densenet121_convergence,nih,1000,2,densenet121,convergence,majority,Consolidation,15000,121,0.521326024420685,0.008731068063383514,0.009704675377041208,0.010592815748850504
nih_n1000_seed2_densenet121_convergence,nih,1000,2,densenet121,convergence,all_readers,Cardiomegaly,15000,1297,0.663275087182424,0.15778304192628234,0.08618119683677035,0.08572285166184107
nih_n1000_seed2_densenet121_convergence,nih,1000,2,densenet121,convergence,all_readers,Pleural_Effusion,15000,439,0.8331580958841127,0.2185054556890431,0.04585576669310876,0.048602735006809235
nih_n1000_seed2_densenet121_convergence,nih,1000,2,densenet121,convergence,all_readers,Atelectasis,15000,18,0.5916952194485234,0.0016518027781217749,0.006224041167922695,0.008353701329231262
nih_n1000_seed2_densenet121_convergence,nih,1000,2,densenet121,convergence,all_readers,Consolidation,15000,31,0.5180502069869128,0.002431540692743946,0.0037711910214325846,0.004726149082183838
chexpert_nall_seed2_densenet121_convergence,chexpert,all,2,densenet121,convergence,any_reader,Cardiomegaly,15000,2316,0.8617594092676016,0.5494885901510829,0.15153223782913217,0.20279173533121744
chexpert_nall_seed2_densenet121_convergence,chexpert,all,2,densenet121,convergence,any_reader,Pleural_Effusion,15000,1038,0.9115488323798784,0.7042037337309724,0.06567189072147529,0.10941523071924845
chexpert_nall_seed2_densenet121_convergence,chexpert,all,2,densenet121,convergence,any_reader,Atelectasis,15000,187,0.7557164522707507,0.048335640463717175,0.598732836915056,0.7393848470052083
chexpert_nall_seed2_densenet121_convergence,chexpert,all,2,densenet121,convergence,any_reader,Consolidation,15000,353,0.916205370154791,0.33872810074303034,0.04798248613769459,0.09470190461476644
chexpert_nall_seed2_densenet121_convergence,chexpert,all,2,densenet121,convergence,majority,Cardiomegaly,15000,1817,0.8794870822903582,0.510224090419332,0.15574580390986134,0.2360584019978841
chexpert_nall_seed2_densenet121_convergence,chexpert,all,2,densenet121,convergence,majority,Pleural_Effusion,15000,634,0.9690239199547126,0.7658911413224255,0.06666639692162991,0.13634856405258178
chexpert_nall_seed2_densenet121_convergence,chexpert,all,2,densenet121,convergence,majority,Atelectasis,15000,62,0.7690086767240076,0.01712349361094075,0.6052105387379726,0.7477181803385416
chexpert_nall_seed2_densenet121_convergence,chexpert,all,2,densenet121,convergence,majority,Consolidation,15000,121,0.9415785962688554,0.20474485457690605,0.05183733487223235,0.1101685712814331
chexpert_nall_seed2_densenet121_convergence,chexpert,all,2,densenet121,convergence,all_readers,Cardiomegaly,15000,1297,0.8968261653445426,0.44755779960403075,0.16544824531611133,0.27072506866455076
chexpert_nall_seed2_densenet121_convergence,chexpert,all,2,densenet121,convergence,all_readers,Pleural_Effusion,15000,439,0.984938235643344,0.742157369406783,0.07334152000919503,0.1493485640525818
chexpert_nall_seed2_densenet121_convergence,chexpert,all,2,densenet121,convergence,all_readers,Atelectasis,15000,18,0.7514925317788753,0.005686503507221675,0.6076233968108893,0.750651513671875
chexpert_nall_seed2_densenet121_convergence,chexpert,all,2,densenet121,convergence,all_readers,Consolidation,15000,31,0.9358071196602009,0.060245587035782026,0.054622739331867766,0.11616857128143311
nih_nall_seed2_densenet121_convergence,nih,all,2,densenet121,convergence,any_reader,Cardiomegaly,15000,2316,0.848523431121525,0.5350510000591121,0.1300349465802188,0.12767686715920767
nih_nall_seed2_densenet121_convergence,nih,all,2,densenet121,convergence,any_reader,Pleural_Effusion,15000,1038,0.8939862643967014,0.642279350613553,0.04182024606564047,0.021900074938933055
nih_nall_seed2_densenet121_convergence,nih,all,2,densenet121,convergence,any_reader,Atelectasis,15000,187,0.7454588053346696,0.03364893271148105,0.015326586600981167,0.026979590288798014
nih_nall_seed2_densenet121_convergence,nih,all,2,densenet121,convergence,any_reader,Consolidation,15000,353,0.9077323165694818,0.2780693519300892,0.021274015105994613,0.008056595007578531
nih_nall_seed2_densenet121_convergence,nih,all,2,densenet121,convergence,majority,Cardiomegaly,15000,1817,0.8803130363644812,0.5435805252710968,0.09851123284845305,0.094410200492541
nih_nall_seed2_densenet121_convergence,nih,all,2,densenet121,convergence,majority,Pleural_Effusion,15000,634,0.952106840941919,0.7266896441606665,0.021258191367967944,0.020921995373566947
nih_nall_seed2_densenet121_convergence,nih,all,2,densenet121,convergence,majority,Atelectasis,15000,62,0.7493764549384769,0.01624621269792339,0.008396813143136114,0.03531292362213135
nih_nall_seed2_densenet121_convergence,nih,all,2,densenet121,convergence,majority,Consolidation,15000,121,0.9234744292666075,0.14224595170072912,0.007494921427202295,0.009186560916900635
nih_nall_seed2_densenet121_convergence,nih,all,2,densenet121,convergence,all_readers,Cardiomegaly,15000,1297,0.906427836798396,0.5227389071918056,0.06751695810505502,0.059875955700874325
nih_nall_seed2_densenet121_convergence,nih,all,2,densenet121,convergence,all_readers,Pleural_Effusion,15000,439,0.9737878306000098,0.7274149057433873,0.014551429689908048,0.02378377922773361
nih_nall_seed2_densenet121_convergence,nih,all,2,densenet121,convergence,all_readers,Atelectasis,15000,18,0.684521425710853,0.0021946523964233864,0.006044841707589239,0.03824625695546468
nih_nall_seed2_densenet121_convergence,nih,all,2,densenet121,convergence,all_readers,Consolidation,15000,31,0.9093998564775805,0.07349548719518317,0.002282580118608545,0.013466598351796468
chexpert_n1000_seed3_densenet121_convergence,chexpert,1000,3,densenet121,convergence,any_reader,Cardiomegaly,15000,2316,0.7595904009729799,0.36002834287842683,0.31412895390488527,0.33575513837337495
chexpert_n1000_seed3_densenet121_convergence,chexpert,1000,3,densenet121,convergence,any_reader,Pleural_Effusion,15000,1038,0.765865765845583,0.2225550466771375,0.2223351818613274,0.23908629695574443
chexpert_n1000_seed3_densenet121_convergence,chexpert,1000,3,densenet121,convergence,any_reader,Atelectasis,15000,187,0.5731592895530772,0.01665537697954806,0.9104919211771125,0.936538678296407
chexpert_n1000_seed3_densenet121_convergence,chexpert,1000,3,densenet121,convergence,any_reader,Consolidation,15000,353,0.7773185819022197,0.11334320026056036,0.1306865502239591,0.1539934141476949
chexpert_n1000_seed3_densenet121_convergence,chexpert,1000,3,densenet121,convergence,majority,Cardiomegaly,15000,1817,0.7765585596199238,0.323082046476394,0.32552143669424277,0.3604884717067083
chexpert_n1000_seed3_densenet121_convergence,chexpert,1000,3,densenet121,convergence,majority,Pleural_Effusion,15000,634,0.8380278465936264,0.20338414996965587,0.21986301238259306,0.2429529636224111
chexpert_n1000_seed3_densenet121_convergence,chexpert,1000,3,densenet121,convergence,majority,Atelectasis,15000,62,0.5666588566073102,0.005764496338745025,0.917817044773304,0.9448720116297404
chexpert_n1000_seed3_densenet121_convergence,chexpert,1000,3,densenet121,convergence,majority,Consolidation,15000,121,0.7633174827909324,0.04357778987475197,0.13226103222780689,0.16446145238876342
chexpert_n1000_seed3_densenet121_convergence,chexpert,1000,3,densenet121,convergence,all_readers,Cardiomegaly,15000,1297,0.7906820600095956,0.2627052935871185,0.34158101062275786,0.39001213864485423
chexpert_n1000_seed3_densenet121_convergence,chexpert,1000,3,densenet121,convergence,all_readers,Pleural_Effusion,15000,439,0.8818754625697658,0.1820498329281569,0.22248877711018553,0.2507307684739431
chexpert_n1000_seed3_densenet121_convergence,chexpert,1000,3,densenet121,convergence,all_readers,Atelectasis,15000,18,0.5469007253148223,0.0013276668017869846,0.9203051469868456,0.9478053449630738
chexpert_n1000_seed3_densenet121_convergence,chexpert,1000,3,densenet121,convergence,all_readers,Consolidation,15000,31,0.7317466850846589,0.0156086945917973,0.13292912885758543,0.17046145238876342
nih_n1000_seed3_densenet121_convergence,nih,1000,3,densenet121,convergence,any_reader,Cardiomegaly,15000,2316,0.6276479649609561,0.2557676186135991,0.1540829206854717,0.15403930631081264
nih_n1000_seed3_densenet121_convergence,nih,1000,3,densenet121,convergence,any_reader,Pleural_Effusion,15000,1038,0.7519139825990668,0.29582704109593133,0.06524530645244826,0.058425451680024464
nih_n1000_seed3_densenet121_convergence,nih,1000,3,densenet121,convergence,any_reader,Atelectasis,15000,187,0.5121643042983997,0.013043139050103314,0.031993720759080684,0.039574388821919756
nih_n1000_seed3_densenet121_convergence,nih,1000,3,densenet121,convergence,any_reader,Consolidation,15000,353,0.6547032903314276,0.05869545617571815,0.023407378971967274,0.02296314368247986
nih_n1000_seed3_densenet121_convergence,nih,1000,3,densenet121,convergence,majority,Cardiomegaly,15000,1817,0.639978289612742,0.21640666293123634,0.12091236283685923,0.12082817349831264
nih_n1000_seed3_densenet121_convergence,nih,1000,3,densenet121,convergence,majority,Pleural_Effusion,15000,634,0.8239391465390374,0.32345940247624483,0.04240910161369552,0.0372806600133578
nih_n1000_seed3_densenet121_convergence,nih,1000,3,densenet121,convergence,majority,Atelectasis,15000,62,0.531777044040097,0.004782202659879219,0.024207307486858804,0.032441055488586425
nih_n1000_seed3_densenet121_convergence,nih,1000,3,densenet121,convergence,majority,Consolidation,15000,121,0.6123903621444389,0.01842762357311162,0.008507686110728156,0.008291903448104859
nih_n1000_seed3_densenet121_convergence,nih,1000,3,densenet121,convergence,all_readers,Cardiomegaly,15000,1297,0.6566194077227376,0.1726696414823507,0.08628169321920633,0.08616150683164596
nih_n1000_seed3_densenet121_convergence,nih,1000,3,densenet121,convergence,all_readers,Pleural_Effusion,15000,439,0.8687596395589116,0.3177389022472163,0.03425939260357131,0.031613993346691134
nih_n1000_seed3_densenet121_convergence,nih,1000,3,densenet121,convergence,all_readers,Atelectasis,15000,18,0.5149790860143283,0.0014569560323596244,0.021478338302301208,0.03367979412078857
nih_n1000_seed3_densenet121_convergence,nih,1000,3,densenet121,convergence,all_readers,Consolidation,15000,31,0.59721273427449,0.006677075221063918,0.0026443917079698753,0.0028252367814381916
chexpert_nall_seed3_densenet121_convergence,chexpert,all,3,densenet121,convergence,any_reader,Cardiomegaly,15000,2316,0.877797099578488,0.6049089718351877,0.0958043994526534,0.07944006652832031
chexpert_nall_seed3_densenet121_convergence,chexpert,all,3,densenet121,convergence,any_reader,Pleural_Effusion,15000,1038,0.9241015525487706,0.6940025617387325,0.08595314107314131,0.15696072018941243
chexpert_nall_seed3_densenet121_convergence,chexpert,all,3,densenet121,convergence,any_reader,Atelectasis,15000,187,0.7742703962518831,0.05667580088554001,0.677079070547223,0.8047972249348958
chexpert_nall_seed3_densenet121_convergence,chexpert,all,3,densenet121,convergence,any_reader,Consolidation,15000,353,0.9317104837912645,0.4069160181944038,0.04533494228652471,0.1005813990910848
chexpert_nall_seed3_densenet121_convergence,chexpert,all,3,densenet121,convergence,majority,Cardiomegaly,15000,1817,0.8940975709155957,0.5772931288495271,0.08810322350864298,0.11270673319498697
chexpert_nall_seed3_densenet121_convergence,chexpert,all,3,densenet121,convergence,majority,Pleural_Effusion,15000,634,0.9735829119841758,0.7485728326288897,0.09104979990696292,0.18389405352274577
chexpert_nall_seed3_densenet121_convergence,chexpert,all,3,densenet121,convergence,majority,Atelectasis,15000,62,0.7783461965370844,0.016589465932655544,0.6840901382555564,0.8131305582682292
chexpert_nall_seed3_densenet121_convergence,chexpert,all,3,densenet121,convergence,majority,Consolidation,15000,121,0.9498158422847889,0.23157635132871698,0.04990650397272263,0.11604806575775146
chexpert_nall_seed3_densenet121_convergence,chexpert,all,3,densenet121,convergence,all_readers,Cardiomegaly,15000,1297,0.9094354960906252,0.5239873707366016,0.08503299238885131,0.14737339986165365
chexpert_nall_seed3_densenet121_convergence,chexpert,all,3,densenet121,convergence,all_readers,Pleural_Effusion,15000,439,0.9856409584124849,0.7169630928925625,0.09897993092909835,0.19689405352274578
chexpert_nall_seed3_densenet121_convergence,chexpert,all,3,densenet121,convergence,all_readers,Atelectasis,15000,18,0.7238297067592222,0.004326531621037642,0.6866362320055565,0.8160638916015625
chexpert_nall_seed3_densenet121_convergence,chexpert,all,3,densenet121,convergence,all_readers,Consolidation,15000,31,0.9621454231217634,0.08475710931724588,0.05313335944147263,0.12204806575775147
nih_nall_seed3_densenet121_convergence,nih,all,3,densenet121,convergence,any_reader,Cardiomegaly,15000,2316,0.8598352969674985,0.5600752425439676,0.12586793306520314,0.12235550699234009
nih_nall_seed3_densenet121_convergence,nih,all,3,densenet121,convergence,any_reader,Pleural_Effusion,15000,1038,0.8975220106101367,0.6530857097340784,0.04208376599286404,0.025575911990801493
nih_nall_seed3_densenet121_convergence,nih,all,3,densenet121,convergence,any_reader,Atelectasis,15000,187,0.7512883429824433,0.0342300474006839,0.016135139159561822,0.031987182235717775
nih_nall_seed3_densenet121_convergence,nih,all,3,densenet121,convergence,any_reader,Consolidation,15000,353,0.9180308607221388,0.27584631324931735,0.021059869141753673,0.008274533653259277
nih_nall_seed3_densenet121_convergence,nih,all,3,densenet121,convergence,majority,Cardiomegaly,15000,1817,0.8906904503477591,0.5665594971864447,0.09501281768332649,0.08908884032567342
nih_nall_seed3_densenet121_convergence,nih,all,3,densenet121,convergence,majority,Pleural_Effusion,15000,634,0.9543358595983946,0.7280699874747194,0.021537295732243927,0.019524332149823506
nih_nall_seed3_densenet121_convergence,nih,all,3,densenet121,convergence,majority,Atelectasis,15000,62,0.7623785841694057,0.018299550272026698,0.009377096251846979,0.040320515569051106
nih_nall_seed3_densenet121_convergence,nih,all,3,densenet121,convergence,majority,Consolidation,15000,121,0.9451937085881206,0.16365598768304293,0.0073730672313532825,0.009905609575907389
nih_nall_seed3_densenet121_convergence,nih,all,3,densenet121,convergence,all_readers,Cardiomegaly,15000,1297,0.9150299184860724,0.5464782268256456,0.06478806830893685,0.05451149657567342
nih_nall_seed3_densenet121_convergence,nih,all,3,densenet121,convergence,all_readers,Pleural_Effusion,15000,439,0.9763814282824639,0.7246236740571269,0.014663093766911899,0.02060273384253184
nih_nall_seed3_densenet121_convergence,nih,all,3,densenet121,convergence,all_readers,Atelectasis,15000,18,0.762483498716979,0.00277857695915966,0.007050625813207656,0.04325384890238444
nih_nall_seed3_densenet121_convergence,nih,all,3,densenet121,convergence,all_readers,Consolidation,15000,31,0.9333633595452107,0.0998374080302805,0.002295579031483491,0.01319213301340739
chexpert_n10000_seed1_densenet121_convergence,chexpert,10000,1,densenet121,convergence,any_reader,Cardiomegaly,15000,2316,0.8675883567291882,0.5280568789388146,0.13218420202534956,0.17727442525227866
chexpert_n10000_seed1_densenet121_convergence,chexpert,10000,1,densenet121,convergence,any_reader,Pleural_Effusion,15000,1038,0.8734756657141777,0.5398161344944002,0.06216165039782475,0.07767224260965983
chexpert_n10000_seed1_densenet121_convergence,chexpert,10000,1,densenet121,convergence,any_reader,Atelectasis,15000,187,0.7965387390971437,0.06324432369493324,0.7036985404292743,0.827978271484375
chexpert_n10000_seed1_densenet121_convergence,chexpert,10000,1,densenet121,convergence,any_reader,Consolidation,15000,353,0.8845679175907586,0.18533447157854527,0.058167439442236596,0.10963578389485677
chexpert_n10000_seed1_densenet121_convergence,chexpert,10000,1,densenet121,convergence,majority,Cardiomegaly,15000,1817,0.88136718245605,0.482724328093916,0.1344205871164954,0.21054109191894532
chexpert_n10000_seed1_densenet121_convergence,chexpert,10000,1,densenet121,convergence,majority,Pleural_Effusion,15000,634,0.9345401164069915,0.5696083710540029,0.05466918773099533,0.10460557594299316
chexpert_n10000_seed1_densenet121_convergence,chexpert,10000,1,densenet121,convergence,majority,Atelectasis,15000,62,0.8116273068467947,0.025206795803358814,0.7107570039709409,0.8363116048177084
chexpert_n10000_seed1_densenet121_convergence,chexpert,10000,1,densenet121,convergence,majority,Consolidation,15000,121,0.9149900103257184,0.09226766213858786,0.05876623908416368,0.12510245056152344
chexpert_n10000_seed1_densenet121_convergence,chexpert,10000,1,densenet121,convergence,all_readers,Cardiomegaly,15000,1297,0.8891499089816564,0.4015061195969101,0.14210231725972455,0.24520775858561197
chexpert_n10000_seed1_densenet121_convergence,chexpert,10000,1,densenet121,convergence,all_readers,Pleural_Effusion,15000,439,0.9552600097711631,0.5545423676224273,0.05599293854479741,0.11760557594299316
chexpert_n10000_seed1_densenet121_convergence,chexpert,10000,1,densenet121,convergence,all_readers,Atelectasis,15000,18,0.8154971150565864,0.008742542920616877,0.7132812878251076,0.8392449381510416
chexpert_n10000_seed1_densenet121_convergence,chexpert,10000,1,densenet121,convergence,all_readers,Consolidation,15000,31,0.9194485808304905,0.025211599542493614,0.06031979539926785,0.13110245056152345
chexpert_n5000_seed1_densenet121_convergence,chexpert,5000,1,densenet121,convergence,any_reader,Cardiomegaly,15000,2316,0.7864070587344616,0.4125654214016336,0.2791482945931134,0.34837015787760417
chexpert_n5000_seed1_densenet121_convergence,chexpert,5000,1,densenet121,convergence,any_reader,Pleural_Effusion,15000,1038,0.8349468513352648,0.3833221467562766,0.13709356418378496,0.18554505268732707
chexpert_n5000_seed1_densenet121_convergence,chexpert,5000,1,densenet121,convergence,any_reader,Atelectasis,15000,187,0.7228180839853418,0.03670770478941562,0.7821863890727361,0.8729872721354167
chexpert_n5000_seed1_densenet121_convergence,chexpert,5000,1,densenet121,convergence,any_reader,Consolidation,15000,353,0.8037149414812148,0.11995571617831743,0.0634256342003961,0.10888891026973724
chexpert_n5000_seed1_densenet121_convergence,chexpert,5000,1,densenet121,convergence,majority,Cardiomegaly,15000,1817,0.7947094060657747,0.36221128746952247,0.2932219477506655,0.38163682454427084
chexpert_n5000_seed1_densenet121_convergence,chexpert,5000,1,densenet121,convergence,majority,Pleural_Effusion,15000,634,0.9032244464343826,0.37901045277819023,0.13589431695071202,0.2124783860206604
chexpert_n5000_seed1_densenet121_convergence,chexpert,5000,1,densenet121,convergence,majority,Atelectasis,15000,62,0.7571715780062971,0.017503870406458507,0.7894372354269028,0.88132060546875
chexpert_n5000_seed1_densenet121_convergence,chexpert,5000,1,densenet121,convergence,majority,Consolidation,15000,121,0.8407864764749696,0.054603907965083215,0.060667424081784445,0.12435557693640391
chexpert_n5000_seed1_densenet121_convergence,chexpert,5000,1,densenet121,convergence,all_readers,Cardiomegaly,15000,1297,0.8041976918538005,0.2885329599241864,0.31028379263998845,0.4163034912109375
chexpert_n5000_seed1_densenet121_convergence,chexpert,5000,1,densenet121,convergence,all_readers,Pleural_Effusion,15000,439,0.9360164035393324,0.3526330778538277,0.1400178668571248,0.2254783860206604
chexpert_n5000_seed1_densenet121_convergence,chexpert,5000,1,densenet121,convergence,all_readers,Atelectasis,15000,18,0.8159031578635102,0.009388285510909127,0.7920751911560694,0.8842539388020834
chexpert_n5000_seed1_densenet121_convergence,chexpert,5000,1,densenet121,convergence,all_readers,Consolidation,15000,31,0.8452899433021794,0.010938544578390937,0.06046468411189512,0.1303555769364039
chexpert_n50000_seed1_densenet121_convergence,chexpert,50000,1,densenet121,convergence,any_reader,Cardiomegaly,15000,2316,0.8530564971359073,0.516302424799408,0.16673444103572208,0.23556922709147135
chexpert_n50000_seed1_densenet121_convergence,chexpert,50000,1,densenet121,convergence,any_reader,Pleural_Effusion,15000,1038,0.9154848875519267,0.6908762011970367,0.07256416585684007,0.13600695343017577
chexpert_n50000_seed1_densenet121_convergence,chexpert,50000,1,densenet121,convergence,any_reader,Atelectasis,15000,187,0.7828139829482053,0.05034811333466174,0.6063435753236215,0.7576038492838542
chexpert_n50000_seed1_densenet121_convergence,chexpert,50000,1,densenet121,convergence,any_reader,Consolidation,15000,353,0.9114020583743085,0.32305878976921815,0.04751047444445236,0.10239660034179687
chexpert_n50000_seed1_densenet121_convergence,chexpert,50000,1,densenet121,convergence,majority,Cardiomegaly,15000,1817,0.8692429473073906,0.477078652450527,0.17249563895238873,0.26883589375813804
chexpert_n50000_seed1_densenet121_convergence,chexpert,50000,1,densenet121,convergence,majority,Pleural_Effusion,15000,634,0.9713180458943764,0.7552337794261534,0.07354980428457444,0.1629402867635091
chexpert_n50000_seed1_densenet121_convergence,chexpert,50000,1,densenet121,convergence,majority,Atelectasis,15000,62,0.7746686303387336,0.013125913453442375,0.6129310427715381,0.7659371826171875
chexpert_n50000_seed1_densenet121_convergence,chexpert,50000,1,densenet121,convergence,majority,Consolidation,15000,121,0.9395384476096157,0.17072417622170294,0.05039480671984299,0.11786326700846354
chexpert_n50000_seed1_densenet121_convergence,chexpert,50000,1,densenet121,convergence,all_readers,Cardiomegaly,15000,1297,0.8782284954569037,0.40261746421327044,0.18457670177790958,0.30350256042480467
chexpert_n50000_seed1_densenet121_convergence,chexpert,50000,1,densenet121,convergence,all_readers,Pleural_Effusion,15000,439,0.9836963467958767,0.7252400932525024,0.08037230591217862,0.17594028676350912
chexpert_n50000_seed1_densenet121_convergence,chexpert,50000,1,densenet121,convergence,all_readers,Atelectasis,15000,18,0.720290274255032,0.003002945995913901,0.615300964646538,0.7688705159505208
chexpert_n50000_seed1_densenet121_convergence,chexpert,50000,1,densenet121,convergence,all_readers,Consolidation,15000,31,0.9440284114050759,0.06976545683284627,0.05270594767036382,0.12386326700846355
nih_n10000_seed1_densenet121_convergence,nih,10000,1,densenet121,convergence,any_reader,Cardiomegaly,15000,2316,0.7490289910071247,0.3452881677076468,0.13482135582401408,0.11518398086627324
nih_n10000_seed1_densenet121_convergence,nih,10000,1,densenet121,convergence,any_reader,Pleural_Effusion,15000,1038,0.824067955990648,0.4822544648222113,0.048077485002126163,0.010105693626403808
nih_n10000_seed1_densenet121_convergence,nih,10000,1,densenet121,convergence,any_reader,Atelectasis,15000,187,0.6496555453711529,0.020540973763884408,0.03053975805620727,0.08144072958628337
nih_n10000_seed1_densenet121_convergence,nih,10000,1,densenet121,convergence,any_reader,Consolidation,15000,353,0.7316657482964054,0.08895729901991348,0.02230714306839321,0.004643970934549968
nih_n10000_seed1_densenet121_convergence,nih,10000,1,densenet121,convergence,majority,Cardiomegaly,15000,1817,0.771849876203952,0.3170588651214483,0.10481411794457887,0.08191731419960657
nih_n10000_seed1_densenet121_convergence,nih,10000,1,densenet121,convergence,majority,Pleural_Effusion,15000,634,0.9009758297171159,0.5596932456254092,0.02802220520679739,0.03365286159515381
nih_n10000_seed1_densenet121_convergence,nih,10000,1,densenet121,convergence,majority,Atelectasis,15000,62,0.6183396749575665,0.006471647824005642,0.024726431538466386,0.0897740629196167
nih_n10000_seed1_densenet121_convergence,nih,10000,1,densenet121,convergence,majority,Consolidation,15000,121,0.7320664934049265,0.03184725380334327,0.008357280906121074,0.016935116767883302
nih_n10000_seed1_densenet121_convergence,nih,10000,1,densenet121,convergence,all_readers,Cardiomegaly,15000,1297,0.7910460433592,0.2717114383094965,0.07447092298303103,0.04738658503293991
nih_n10000_seed1_densenet121_convergence,nih,10000,1,densenet121,convergence,all_readers,Pleural_Effusion,15000,439,0.9308335884588266,0.5508170007563478,0.021383234768158066,0.04348951524098714
nih_n10000_seed1_densenet121_convergence,nih,10000,1,densenet121,convergence,all_readers,Atelectasis,15000,18,0.6317562556549341,0.0016831257355344185,0.022511005919976804,0.09270739625295003
nih_n10000_seed1_densenet121_convergence,nih,10000,1,densenet121,convergence,all_readers,Consolidation,15000,31,0.808817793332026,0.012751917321713076,0.002905717643181621,0.0229351167678833
nih_n5000_seed1_densenet121_convergence,nih,5000,1,densenet121,convergence,any_reader,Cardiomegaly,15000,2316,0.733455231564769,0.32682035964108325,0.13290732484717258,0.10813893338839213
nih_n5000_seed1_densenet121_convergence,nih,5000,1,densenet121,convergence,any_reader,Pleural_Effusion,15000,1038,0.7693150193796043,0.36861496815472294,0.05392988682620538,0.02461489951610565
nih_n5000_seed1_densenet121_convergence,nih,5000,1,densenet121,convergence,any_reader,Atelectasis,15000,187,0.6790700176279615,0.029473585960942173,0.0285865304702717,0.05232545094092687
nih_n5000_seed1_densenet121_convergence,nih,5000,1,densenet121,convergence,any_reader,Consolidation,15000,353,0.6242216497746496,0.03874356294425407,0.02305825219982622,0.011323132661978404
nih_n5000_seed1_densenet121_convergence,nih,5000,1,densenet121,convergence,majority,Cardiomegaly,15000,1817,0.7582678171897222,0.30185599350631265,0.10323317809163617,0.0754056000550588
nih_n5000_seed1_densenet121_convergence,nih,5000,1,densenet121,convergence,majority,Pleural_Effusion,15000,634,0.837202916454949,0.41485495858839433,0.03219737191232853,0.013661432719230652
nih_n5000_seed1_densenet121_convergence,nih,5000,1,densenet121,convergence,majority,Atelectasis,15000,62,0.7142263290417596,0.021213879508041645,0.02219358759663482,0.060658784274260205
nih_n5000_seed1_densenet121_convergence,nih,5000,1,densenet121,convergence,majority,Consolidation,15000,121,0.623218480314204,0.013896655393439915,0.008281672406531947,0.006413667468229929
nih_n5000_seed1_densenet121_convergence,nih,5000,1,densenet121,convergence,all_readers,Cardiomegaly,15000,1297,0.7761100380913724,0.24326802341749582,0.07502057194768474,0.0450834320863088
nih_n5000_seed1_densenet121_convergence,nih,5000,1,densenet121,convergence,all_readers,Pleural_Effusion,15000,439,0.8778265153945879,0.40891600802946454,0.024074839163152503,0.02144867470264435
nih_n5000_seed1_densenet121_convergence,nih,5000,1,densenet121,convergence,all_readers,Atelectasis,15000,18,0.7330630089440663,0.004552225489767011,0.02025809209289133,0.06359211760759353
nih_n5000_seed1_densenet121_convergence,nih,5000,1,densenet121,convergence,all_readers,Consolidation,15000,31,0.6663954969302149,0.005389668079931891,0.0025290241165335753,0.01241366746822993
nih_n50000_seed1_densenet121_convergence,nih,50000,1,densenet121,convergence,any_reader,Cardiomegaly,15000,2316,0.8512374871256077,0.5394999854961725,0.12548021457010716,0.12118113462924958
nih_n50000_seed1_densenet121_convergence,nih,50000,1,densenet121,convergence,any_reader,Pleural_Effusion,15000,1038,0.8901708573698112,0.6572116542318376,0.04028367010760903,0.02279393837451935
nih_n50000_seed1_densenet121_convergence,nih,50000,1,densenet121,convergence,any_reader,Atelectasis,15000,187,0.8041725886822206,0.04387596946121987,0.013564169670786505,0.02172275856335958
nih_n50000_seed1_densenet121_convergence,nih,50000,1,densenet121,convergence,any_reader,Consolidation,15000,353,0.8764930930755528,0.2077045014946687,0.02199191345454025,0.011198171679178874
nih_n50000_seed1_densenet121_convergence,nih,50000,1,densenet121,convergence,majority,Cardiomegaly,15000,1817,0.8808025470671085,0.542678501680568,0.09465080478801538,0.08791446796258291
nih_n50000_seed1_densenet121_convergence,nih,50000,1,densenet121,convergence,majority,Pleural_Effusion,15000,634,0.9547572453536675,0.7430113980457742,0.01995724353798826,0.016898330505688987
nih_n50000_seed1_densenet121_convergence,nih,50000,1,densenet121,convergence,majority,Atelectasis,15000,62,0.8069439705621947,0.017052099652689407,0.006628331607228563,0.03005609189669291
nih_n50000_seed1_densenet121_convergence,nih,50000,1,densenet121,convergence,majority,Consolidation,15000,121,0.8924545049070769,0.09815390869861898,0.007680672813264209,0.005680148633321126
nih_n50000_seed1_densenet121_convergence,nih,50000,1,densenet121,convergence,all_readers,Cardiomegaly,15000,1297,0.9025481141369411,0.5151244330420861,0.06474893386974145,0.053294741400082904
nih_n50000_seed1_densenet121_convergence,nih,50000,1,densenet121,convergence,all_readers,Pleural_Effusion,15000,439,0.9760599466950676,0.7374425556946218,0.013890426317936177,0.02011266969839732
nih_n50000_seed1_densenet121_convergence,nih,50000,1,densenet121,convergence,all_readers,Atelectasis,15000,18,0.8179908482771918,0.005488318837036983,0.00420582845374549,0.032989425230026244
nih_n50000_seed1_densenet121_convergence,nih,50000,1,densenet121,convergence,all_readers,Consolidation,15000,31,0.9123360321007502,0.04050949862997523,0.00217960368077723,0.010268494987487792
chexpert_n10000_seed2_densenet121_convergence,chexpert,10000,2,densenet121,convergence,any_reader,Cardiomegaly,15000,2316,0.7882044525653196,0.39605376633833556,0.17461744265813808,0.19944381764729818
chexpert_n10000_seed2_densenet121_convergence,chexpert,10000,2,densenet121,convergence,any_reader,Pleural_Effusion,15000,1038,0.8846112100584603,0.5658864717613521,0.18305409904263004,0.27905738900502525
chexpert_n10000_seed2_densenet121_convergence,chexpert,10000,2,densenet121,convergence,any_reader,Atelectasis,15000,187,0.7686188349516666,0.04663398665729184,0.8826559582869212,0.9327933919270833
chexpert_n10000_seed2_densenet121_convergence,chexpert,10000,2,densenet121,convergence,any_reader,Consolidation,15000,353,0.8751067375755528,0.15332038896939307,0.13085337876852846,0.21431224778493246
chexpert_n10000_seed2_densenet121_convergence,chexpert,10000,2,densenet121,convergence,majority,Cardiomegaly,15000,1817,0.7980221354606429,0.35193721894149577,0.1765681140448568,0.23271048431396485
chexpert_n10000_seed2_densenet121_convergence,chexpert,10000,2,densenet121,convergence,majority,Pleural_Effusion,15000,634,0.9418231290933596,0.6202596463284208,0.19252810925584618,0.30599072233835856
chexpert_n10000_seed2_densenet121_convergence,chexpert,10000,2,densenet121,convergence,majority,Atelectasis,15000,62,0.7795765508186525,0.0191086451778593,0.8904713228702545,0.9411267252604166
chexpert_n10000_seed2_densenet121_convergence,chexpert,10000,2,densenet121,convergence,majority,Consolidation,15000,121,0.8974360113732872,0.0698358433490369,0.13672711610373353,0.22977891445159912
chexpert_n10000_seed2_densenet121_convergence,chexpert,10000,2,densenet121,convergence,all_readers,Cardiomegaly,15000,1297,0.8105742930302843,0.29749223416542475,0.18082744021673183,0.26737715098063153
chexpert_n10000_seed2_densenet121_convergence,chexpert,10000,2,densenet121,convergence,all_readers,Pleural_Effusion,15000,439,0.9676411182928655,0.6263090216692028,0.20097387545050763,0.31899072233835857
chexpert_n10000_seed2_densenet121_convergence,chexpert,10000,2,densenet121,convergence,all_readers,Atelectasis,15000,18,0.8146757590590189,0.007398798565906274,0.8932250989119211,0.94406005859375
chexpert_n10000_seed2_densenet121_convergence,chexpert,10000,2,densenet121,convergence,all_readers,Consolidation,15000,31,0.9123231021530518,0.021143040196996355,0.13988628358420227,0.23577891445159913
chexpert_n5000_seed2_densenet121_convergence,chexpert,5000,2,densenet121,convergence,any_reader,Cardiomegaly,15000,2316,0.6598738929112002,0.2881170825796362,0.15950594444550342,0.12620983587900797
chexpert_n5000_seed2_densenet121_convergence,chexpert,5000,2,densenet121,convergence,any_reader,Pleural_Effusion,15000,1038,0.8622346534317342,0.5592792737069157,0.07323166144590516,0.08840511721769968
chexpert_n5000_seed2_densenet121_convergence,chexpert,5000,2,densenet121,convergence,any_reader,Atelectasis,15000,187,0.7530208145685013,0.049367131141177197,0.8506797703901927,0.9147388346354167
chexpert_n5000_seed2_densenet121_convergence,chexpert,5000,2,densenet121,convergence,any_reader,Consolidation,15000,353,0.8316447440822174,0.21864565247187195,0.04474238753682751,0.06093829558690389
chexpert_n5000_seed2_densenet121_convergence,chexpert,5000,2,densenet121,convergence,majority,Cardiomegaly,15000,1817,0.6732660193321972,0.24679812854947974,0.1460256613441037,0.13036306667327882
chexpert_n5000_seed2_densenet121_convergence,chexpert,5000,2,densenet121,convergence,majority,Pleural_Effusion,15000,634,0.9263022883947422,0.6363140823082273,0.0669338335981065,0.11533845055103302
chexpert_n5000_seed2_densenet121_convergence,chexpert,5000,2,densenet121,convergence,majority,Atelectasis,15000,62,0.7577287195677619,0.022107747932273374,0.858387127161026,0.92307216796875
chexpert_n5000_seed2_densenet121_convergence,chexpert,5000,2,densenet121,convergence,majority,Consolidation,15000,121,0.8645442381213969,0.09860217687388913,0.042948454749250194,0.07640496225357056
chexpert_n5000_seed2_densenet121_convergence,chexpert,5000,2,densenet121,convergence,all_readers,Cardiomegaly,15000,1297,0.6905405290592794,0.19481653624020248,0.1336221467363563,0.14729640000661215
chexpert_n5000_seed2_densenet121_convergence,chexpert,5000,2,densenet121,convergence,all_readers,Pleural_Effusion,15000,439,0.9574993519525665,0.6404445505844406,0.06913913462858338,0.12833845055103302
chexpert_n5000_seed2_densenet121_convergence,chexpert,5000,2,densenet121,convergence,all_readers,Atelectasis,15000,18,0.8421235111763746,0.007948513650257266,0.8610776219526927,0.9260055013020834
chexpert_n5000_seed2_densenet121_convergence,chexpert,5000,2,densenet121,convergence,all_readers,Consolidation,15000,31,0.8703912817672652,0.023554131538511765,0.04378550480570771,0.08240496225357055
chexpert_n50000_seed2_densenet121_convergence,chexpert,50000,2,densenet121,convergence,any_reader,Cardiomegaly,15000,2316,0.8536625331084978,0.5509474773013124,0.18576884960225337,0.2674579617818197
chexpert_n50000_seed2_densenet121_convergence,chexpert,50000,2,densenet121,convergence,any_reader,Pleural_Effusion,15000,1038,0.9164935778064269,0.6759154954262931,0.09661145406555575,0.16709899622599284
chexpert_n50000_seed2_densenet121_convergence,chexpert,50000,2,densenet121,convergence,any_reader,Atelectasis,15000,187,0.7341011707089199,0.03525171782540974,0.6823490790612996,0.8028278605143229
chexpert_n50000_seed2_densenet121_convergence,chexpert,50000,2,densenet121,convergence,any_reader,Consolidation,15000,353,0.8958218053528254,0.28499305437966993,0.05171744492567494,0.09130151751438777
chexpert_n50000_seed2_densenet121_convergence,chexpert,50000,2,densenet121,convergence,majority,Cardiomegaly,15000,1817,0.8737461493640744,0.5134468923798543,0.19419753205668044,0.30072462844848635
chexpert_n50000_seed2_densenet121_convergence,chexpert,50000,2,densenet121,convergence,majority,Pleural_Effusion,15000,634,0.9664868768749908,0.7272797206876367,0.1023483299810831,0.19403232955932617
chexpert_n50000_seed2_densenet121_convergence,chexpert,50000,2,densenet121,convergence,majority,Atelectasis,15000,62,0.741525185821827,0.012646676112751476,0.6893013577071329,0.8111611938476563
chexpert_n50000_seed2_densenet121_convergence,chexpert,50000,2,densenet121,convergence,majority,Consolidation,15000,121,0.9201187096573518,0.143855347729907,0.0548066801043045,0.10676818418105444
chexpert_n50000_seed2_densenet121_convergence,chexpert,50000,2,densenet121,convergence,all_readers,Cardiomegaly,15000,1297,0.8862352288956754,0.44589456794472465,0.20936049185485753,0.335391295115153
chexpert_n50000_seed2_densenet121_convergence,chexpert,50000,2,densenet121,convergence,all_readers,Pleural_Effusion,15000,439,0.9832067717945353,0.680838288206319,0.11030771922261956,0.20703232955932618
chexpert_n50000_seed2_densenet121_convergence,chexpert,50000,2,densenet121,convergence,all_readers,Atelectasis,15000,18,0.734941188685682,0.002869440377443738,0.6918046454675496,0.8140945271809896
chexpert_n50000_seed2_densenet121_convergence,chexpert,50000,2,densenet121,convergence,all_readers,Consolidation,15000,31,0.9335864011430074,0.0650102893386222,0.05687000713067168,0.11276818418105443
nih_n10000_seed2_densenet121_convergence,nih,10000,2,densenet121,convergence,any_reader,Cardiomegaly,15000,2316,0.8199555904954714,0.47071357170204453,0.13847898338839715,0.13553440120220184
nih_n10000_seed2_densenet121_convergence,nih,10000,2,densenet121,convergence,any_reader,Pleural_Effusion,15000,1038,0.8194050794076628,0.4374505280282915,0.0548483542948979,0.03839493379195531
nih_n10000_seed2_densenet121_convergence,nih,10000,2,densenet121,convergence,any_reader,Atelectasis,15000,187,0.7540020310242015,0.03057902849458039,0.02019111639367609,0.030359767111142476
nih_n10000_seed2_densenet121_convergence,nih,10000,2,densenet121,convergence,any_reader,Consolidation,15000,353,0.7592344563496262,0.0819126041628006,0.02255153620329003,0.012438008709748587
nih_n10000_seed2_densenet121_convergence,nih,10000,2,densenet121,convergence,majority,Cardiomegaly,15000,1817,0.8408260901710818,0.4479904168265352,0.10693094156787102,0.10226773453553517
nih_n10000_seed2_densenet121_convergence,nih,10000,2,densenet121,convergence,majority,Pleural_Effusion,15000,634,0.8721318759549253,0.46464704737587903,0.04032117009461103,0.05516897408564885
nih_n10000_seed2_densenet121_convergence,nih,10000,2,densenet121,convergence,majority,Atelectasis,15000,62,0.7521151944164913,0.009272456358677534,0.013740094054808902,0.03869310044447581
nih_n10000_seed2_densenet121_convergence,nih,10000,2,densenet121,convergence,majority,Consolidation,15000,121,0.7529814886919776,0.024898442021697317,0.0084437019118319,0.004612642331918081
nih_n10000_seed2_densenet121_convergence,nih,10000,2,densenet121,convergence,all_readers,Cardiomegaly,15000,1297,0.854358974907205,0.39163065395951624,0.07522138800824985,0.0676010678688685
nih_n10000_seed2_densenet121_convergence,nih,10000,2,densenet121,convergence,all_readers,Pleural_Effusion,15000,439,0.9029687221099079,0.44179224347751334,0.036350590438645865,0.06816897408564886
nih_n10000_seed2_densenet121_convergence,nih,10000,2,densenet121,convergence,all_readers,Atelectasis,15000,18,0.764786262032958,0.0027613175477037076,0.011366693557372378,0.04162643377780914
nih_n10000_seed2_densenet121_convergence,nih,10000,2,densenet121,convergence,all_readers,Consolidation,15000,31,0.7312628895416119,0.009873713709736255,0.002872544519965852,0.01061264233191808
nih_n5000_seed2_densenet121_convergence,nih,5000,2,densenet121,convergence,any_reader,Cardiomegaly,15000,2316,0.7350203110387803,0.38566234684340284,0.1454816111002846,0.14318325363794962
nih_n5000_seed2_densenet121_convergence,nih,5000,2,densenet121,convergence,any_reader,Pleural_Effusion,15000,1038,0.8038836282571549,0.3333042750208639,0.05576247397371848,0.020562239833672842
nih_n5000_seed2_densenet121_convergence,nih,5000,2,densenet121,convergence,any_reader,Atelectasis,15000,187,0.6799544842638945,0.02039908458743622,0.0185536327948576,0.022612475323677064
nih_n5000_seed2_densenet121_convergence,nih,5000,2,densenet121,convergence,any_reader,Consolidation,15000,353,0.6538980320830667,0.06114754241346128,0.022909472663933783,0.0036440598289171856
nih_n5000_seed2_densenet121_convergence,nih,5000,2,densenet121,convergence,majority,Cardiomegaly,15000,1817,0.7473754265084565,0.3483046504914904,0.1133240468734983,0.10991658697128295
nih_n5000_seed2_densenet121_convergence,nih,5000,2,densenet121,convergence,majority,Pleural_Effusion,15000,634,0.8483113388560706,0.3308115365165458,0.036164462925083636,0.01866061172882716
nih_n5000_seed2_densenet121_convergence,nih,5000,2,densenet121,convergence,majority,Atelectasis,15000,62,0.6867579543834947,0.0066198568306306375,0.011173006243547381,0.030945808657010396
nih_n5000_seed2_densenet121_convergence,nih,5000,2,densenet121,convergence,majority,Consolidation,15000,121,0.6500381312838162,0.02218174284456354,0.009136711509758979,0.019093766860167186
nih_n5000_seed2_densenet121_convergence,nih,5000,2,densenet121,convergence,all_readers,Cardiomegaly,15000,1297,0.7584950782350393,0.2952123041481788,0.08025494121655656,0.07539321457544963
nih_n5000_seed2_densenet121_convergence,nih,5000,2,densenet121,convergence,all_readers,Pleural_Effusion,15000,439,0.8796624803141415,0.3146414032875318,0.028503210076776343,0.03166061172882716
nih_n5000_seed2_densenet121_convergence,nih,5000,2,densenet121,convergence,all_readers,Atelectasis,15000,18,0.6814325338554413,0.0019357378741048125,0.00853332207504966,0.03387914199034373
nih_n5000_seed2_densenet121_convergence,nih,5000,2,densenet121,convergence,all_readers,Consolidation,15000,31,0.666883602455828,0.011944421226305624,0.0037172021942682553,0.025093766860167184
nih_n50000_seed2_densenet121_convergence,nih,50000,2,densenet121,convergence,any_reader,Cardiomegaly,15000,2316,0.8589709731815041,0.5461435344601536,0.13234301021540654,0.13195412857135136
nih_n50000_seed2_densenet121_convergence,nih,50000,2,densenet121,convergence,any_reader,Pleural_Effusion,15000,1038,0.8944230748530487,0.6383874153328012,0.041021143864518425,0.026301613223552706
nih_n50000_seed2_densenet121_convergence,nih,50000,2,densenet121,convergence,any_reader,Atelectasis,15000,187,0.6945146101253019,0.026268460931657432,0.017433139167543164,0.036156686210632324
nih_n50000_seed2_densenet121_convergence,nih,50000,2,densenet121,convergence,any_reader,Consolidation,15000,353,0.8770269018339233,0.2540773093661225,0.021364883953107216,0.011088237055142721
nih_n50000_seed2_densenet121_convergence,nih,50000,2,densenet121,convergence,majority,Cardiomegaly,15000,1817,0.8851032527131409,0.5447358853997915,0.10062853498105699,0.0986874619046847
nih_n50000_seed2_densenet121_convergence,nih,50000,2,densenet121,convergence,majority,Pleural_Effusion,15000,634,0.9495522309729728,0.7197137498497032,0.020634797619706408,0.01027869276603063
nih_n50000_seed2_densenet121_convergence,nih,50000,2,densenet121,convergence,majority,Atelectasis,15000,62,0.6711849839551869,0.008527336786909463,0.010666892117575716,0.044490019543965656
nih_n50000_seed2_densenet121_convergence,nih,50000,2,densenet121,convergence,majority,Consolidation,15000,121,0.8910100707692188,0.15179071090240734,0.00742752242661796,0.006835452723503113
nih_n50000_seed2_densenet121_convergence,nih,50000,2,densenet121,convergence,all_readers,Cardiomegaly,15000,1297,0.9048750981204922,0.5213156712778839,0.06892400814339016,0.06402079523801804
nih_n50000_seed2_densenet121_convergence,nih,50000,2,densenet121,convergence,all_readers,Pleural_Effusion,15000,439,0.9701164482964526,0.7226213531833078,0.014564699760005885,0.01680964979728063
nih_n50000_seed2_densenet121_convergence,nih,50000,2,densenet121,convergence,all_readers,Atelectasis,15000,18,0.6699910262685592,0.0023009071771954957,0.008280139798239777,0.04742335287729899
nih_n50000_seed2_densenet121_convergence,nih,50000,2,densenet121,convergence,all_readers,Consolidation,15000,31,0.8758843545477859,0.05438360729155344,0.0022606284039942627,0.010378429611523946
chexpert_n10000_seed3_densenet121_convergence,chexpert,10000,3,densenet121,convergence,any_reader,Cardiomegaly,15000,2316,0.7681393276122285,0.3794727648370326,0.3161868305538005,0.4158999176025391
chexpert_n10000_seed3_densenet121_convergence,chexpert,10000,3,densenet121,convergence,any_reader,Pleural_Effusion,15000,1038,0.8746210123321242,0.5382731549970934,0.10650218804371622,0.1779278319676717
chexpert_n10000_seed3_densenet121_convergence,chexpert,10000,3,densenet121,convergence,any_reader,Atelectasis,15000,187,0.6735406571262199,0.025758378164948484,0.8348399664402008,0.9053612955729167
chexpert_n10000_seed3_densenet121_convergence,chexpert,10000,3,densenet121,convergence,any_reader,Consolidation,15000,353,0.8193394851569253,0.16082456395692107,0.08330415570438782,0.17776586786905924
chexpert_n10000_seed3_densenet121_convergence,chexpert,10000,3,densenet121,convergence,majority,Cardiomegaly,15000,1817,0.7897318059135464,0.3445974369246187,0.3290419900590088,0.44916658426920575
chexpert_n10000_seed3_densenet121_convergence,chexpert,10000,3,densenet121,convergence,majority,Pleural_Effusion,15000,634,0.9394166299591876,0.5841229069083326,0.10627073154143757,0.20486116530100504
chexpert_n10000_seed3_densenet121_convergence,chexpert,10000,3,densenet121,convergence,majority,Atelectasis,15000,62,0.6882976517994809,0.00765114089115429,0.8422779221693675,0.91369462890625
chexpert_n10000_seed3_densenet121_convergence,chexpert,10000,3,densenet121,convergence,majority,Consolidation,15000,121,0.8450145221036471,0.07519361543770421,0.0835190421789972,0.19323253453572592
chexpert_n10000_seed3_densenet121_convergence,chexpert,10000,3,densenet121,convergence,all_readers,Cardiomegaly,15000,1297,0.8079419265100232,0.29180178468421664,0.34666970001994635,0.48383325093587237
chexpert_n10000_seed3_densenet121_convergence,chexpert,10000,3,densenet121,convergence,all_readers,Pleural_Effusion,15000,439,0.962108506215076,0.5661127097146733,0.11089535312346882,0.21786116530100505
chexpert_n10000_seed3_densenet121_convergence,chexpert,10000,3,densenet121,convergence,all_readers,Atelectasis,15000,18,0.7355697207018793,0.003221659073779543,0.8449253831068675,0.9166279622395833
chexpert_n10000_seed3_densenet121_convergence,chexpert,10000,3,densenet121,convergence,all_readers,Consolidation,15000,31,0.858262990826202,0.0177655477476423,0.08458836997847635,0.19923253453572592
chexpert_n5000_seed3_densenet121_convergence,chexpert,5000,3,densenet121,convergence,any_reader,Cardiomegaly,15000,2316,0.8148725714307501,0.45031847313207574,0.33093281879887676,0.4104238758087158
chexpert_n5000_seed3_densenet121_convergence,chexpert,5000,3,densenet121,convergence,any_reader,Pleural_Effusion,15000,1038,0.8421012138921526,0.44468993491648234,0.13447756621518375,0.1569052117784818
chexpert_n5000_seed3_densenet121_convergence,chexpert,5000,3,densenet121,convergence,any_reader,Atelectasis,15000,187,0.6378986372354678,0.01976759148588085,0.805399418364962,0.8817516520182291
chexpert_n5000_seed3_densenet121_convergence,chexpert,5000,3,densenet121,convergence,any_reader,Consolidation,15000,353,0.8273281459758074,0.15045511696531738,0.07306845514900161,0.10968446408907573
chexpert_n5000_seed3_densenet121_convergence,chexpert,5000,3,densenet121,convergence,majority,Cardiomegaly,15000,1817,0.8380234112652629,0.42653419750390903,0.3483248882975747,0.4436905424753825
chexpert_n5000_seed3_densenet121_convergence,chexpert,5000,3,densenet121,convergence,majority,Pleural_Effusion,15000,634,0.9068298308615989,0.4622930676726463,0.13329087226071598,0.1810105597058932
chexpert_n5000_seed3_densenet121_convergence,chexpert,5000,3,densenet121,convergence,majority,Atelectasis,15000,62,0.673128501030064,0.007784034911531805,0.8125513714899619,0.8900849853515626
chexpert_n5000_seed3_densenet121_convergence,chexpert,5000,3,densenet121,convergence,majority,Consolidation,15000,121,0.8434390029988463,0.05399159165885768,0.07361386962857518,0.12515113075574238
chexpert_n5000_seed3_densenet121_convergence,chexpert,5000,3,densenet121,convergence,all_readers,Cardiomegaly,15000,1297,0.8488177236766021,0.35347416132461557,0.37210450967615544,0.47835720914204916
chexpert_n5000_seed3_densenet121_convergence,chexpert,5000,3,densenet121,convergence,all_readers,Pleural_Effusion,15000,439,0.9390393473125939,0.43452280260172943,0.13680391293047509,0.1940105597058932
chexpert_n5000_seed3_densenet121_convergence,chexpert,5000,3,densenet121,convergence,all_readers,Atelectasis,15000,18,0.7171828416321808,0.0024245281238333494,0.8151919313857953,0.8930183186848958
chexpert_n5000_seed3_densenet121_convergence,chexpert,5000,3,densenet121,convergence,all_readers,Consolidation,15000,31,0.8305681203519533,0.015597274944656108,0.0740242298377223,0.1311511307557424
chexpert_n50000_seed3_densenet121_convergence,chexpert,50000,3,densenet121,convergence,any_reader,Cardiomegaly,15000,2316,0.8036917813311373,0.476083524687663,0.14251487271582397,0.15243534037272136
chexpert_n50000_seed3_densenet121_convergence,chexpert,50000,3,densenet121,convergence,any_reader,Pleural_Effusion,15000,1038,0.9137386462401801,0.6643073938367864,0.08217817244275605,0.15211992282867431
chexpert_n50000_seed3_densenet121_convergence,chexpert,50000,3,densenet121,convergence,any_reader,Atelectasis,15000,187,0.7765817422259895,0.053028456596903556,0.6959418996830782,0.8158199381510417
chexpert_n50000_seed3_densenet121_convergence,chexpert,50000,3,densenet121,convergence,any_reader,Consolidation,15000,353,0.905995794128529,0.35604510483459795,0.05413621701823334,0.12047135225931803
chexpert_n50000_seed3_densenet121_convergence,chexpert,50000,3,densenet121,convergence,majority,Cardiomegaly,15000,1817,0.8204674254225195,0.43776794484984555,0.1394301640569698,0.18570200703938802
chexpert_n50000_seed3_densenet121_convergence,chexpert,50000,3,densenet121,convergence,majority,Pleural_Effusion,15000,634,0.9650829530467793,0.7184976269968385,0.08518245711072481,0.17905325616200765
chexpert_n50000_seed3_densenet121_convergence,chexpert,50000,3,densenet121,convergence,majority,Atelectasis,15000,62,0.7861262033609888,0.022421348400118914,0.7029344778080782,0.824153271484375
chexpert_n50000_seed3_densenet121_convergence,chexpert,50000,3,densenet121,convergence,majority,Consolidation,15000,121,0.9312503783967532,0.2011175023132378,0.05814575986491303,0.1359380189259847
chexpert_n50000_seed3_densenet121_convergence,chexpert,50000,3,densenet121,convergence,all_readers,Cardiomegaly,15000,1297,0.8393783508735349,0.38148230426348617,0.1401680790960323,0.22036867370605467
chexpert_n50000_seed3_densenet121_convergence,chexpert,50000,3,densenet121,convergence,all_readers,Pleural_Effusion,15000,439,0.9830055915894785,0.6942240456776319,0.09190075748507376,0.19205325616200766
chexpert_n50000_seed3_densenet121_convergence,chexpert,50000,3,densenet121,convergence,all_readers,Atelectasis,15000,18,0.743277117726457,0.008568748646609463,0.7055079804122448,0.8270866048177083
chexpert_n50000_seed3_densenet121_convergence,chexpert,50000,3,densenet121,convergence,all_readers,Consolidation,15000,31,0.9475625971092947,0.08901155727450068,0.0608761980973349,0.1419380189259847
nih_n10000_seed3_densenet121_convergence,nih,10000,3,densenet121,convergence,any_reader,Cardiomegaly,15000,2316,0.7821706279762245,0.3915621527278867,0.13290556053800942,0.11664489915370942
nih_n10000_seed3_densenet121_convergence,nih,10000,3,densenet121,convergence,any_reader,Pleural_Effusion,15000,1038,0.8233354765025577,0.4762004471146729,0.04915862129092401,0.021544413534800213
nih_n10000_seed3_densenet121_convergence,nih,10000,3,densenet121,convergence,any_reader,Atelectasis,15000,187,0.5702167232063468,0.017575380577263496,0.02795810723075835,0.07409353993733724
nih_n10000_seed3_densenet121_convergence,nih,10000,3,densenet121,convergence,any_reader,Consolidation,15000,353,0.8316252097762045,0.11400433052240345,0.022001032943856868,0.00528511594136556
nih_n10000_seed3_densenet121_convergence,nih,10000,3,densenet121,convergence,majority,Cardiomegaly,15000,1817,0.8043356775547436,0.3637492593743441,0.10298759929024738,0.08337823248704275
nih_n10000_seed3_densenet121_convergence,nih,10000,3,densenet121,convergence,majority,Pleural_Effusion,15000,634,0.8941801335171415,0.5460997195378691,0.030573369927805516,0.04150515515009562
nih_n10000_seed3_densenet121_convergence,nih,10000,3,densenet121,convergence,majority,Atelectasis,15000,62,0.5506140434224904,0.010293517071090563,0.02138112358818022,0.08242687327067057
nih_n10000_seed3_densenet121_convergence,nih,10000,3,densenet121,convergence,majority,Consolidation,15000,121,0.8522194740049068,0.05043048068829631,0.00800993212395127,0.010347956975301107
nih_n10000_seed3_densenet121_convergence,nih,10000,3,densenet121,convergence,all_readers,Cardiomegaly,15000,1297,0.820931923410341,0.31788034651531705,0.07288527613961261,0.04882914394537608
nih_n10000_seed3_densenet121_convergence,nih,10000,3,densenet121,convergence,all_readers,Pleural_Effusion,15000,439,0.9277874917537235,0.5461168151157405,0.024811511305572444,0.05193992077509562
nih_n10000_seed3_densenet121_convergence,nih,10000,3,densenet121,convergence,all_readers,Atelectasis,15000,18,0.5484229223216007,0.0015175532568921669,0.019073988578414598,0.08536020660400391
nih_n10000_seed3_densenet121_convergence,nih,10000,3,densenet121,convergence,all_readers,Consolidation,15000,31,0.8623251493947706,0.013020208616898505,0.0026934973908783527,0.016347956975301108
nih_n5000_seed3_densenet121_convergence,nih,5000,3,densenet121,convergence,any_reader,Cardiomegaly,15000,2316,0.7149510500765519,0.29160241140737575,0.1347332985552228,0.1065544821381569
nih_n5000_seed3_densenet121_convergence,nih,5000,3,densenet121,convergence,any_reader,Pleural_Effusion,15000,1038,0.7804883072385574,0.3678817832219786,0.06381686534008538,0.061376417660713195
nih_n5000_seed3_densenet121_convergence,nih,5000,3,densenet121,convergence,any_reader,Atelectasis,15000,187,0.647324885533772,0.025632791427944134,0.018365018073158813,0.04102081315517426
nih_n5000_seed3_densenet121_convergence,nih,5000,3,densenet121,convergence,any_reader,Consolidation,15000,353,0.7083809522335931,0.06836743566818065,0.022633844421770254,0.0035492454846700033
nih_n5000_seed3_densenet121_convergence,nih,5000,3,densenet121,convergence,majority,Cardiomegaly,15000,1817,0.7357217486822705,0.25905198701997073,0.1055239816896197,0.07477433890899023
nih_n5000_seed3_densenet121_convergence,nih,5000,3,densenet121,convergence,majority,Pleural_Effusion,15000,634,0.8467669348105916,0.38952347844950685,0.04915084895214593,0.08632169431845348
nih_n5000_seed3_densenet121_convergence,nih,5000,3,densenet121,convergence,majority,Atelectasis,15000,62,0.6465525246286803,0.013782600489335411,0.011552099982338498,0.04935414648850759
nih_n5000_seed3_densenet121_convergence,nih,5000,3,densenet121,convergence,majority,Consolidation,15000,121,0.7129247555626406,0.025001322472424987,0.008733091654843171,0.01583403902053833
nih_n5000_seed3_densenet121_convergence,nih,5000,3,densenet121,convergence,all_readers,Cardiomegaly,15000,1297,0.7583963036531517,0.2137924301931453,0.07622829433203505,0.04408807588815689
nih_n5000_seed3_densenet121_convergence,nih,5000,3,densenet121,convergence,all_readers,Pleural_Effusion,15000,439,0.8893662182141926,0.3750725890461687,0.04468187591951247,0.09932169431845347
nih_n5000_seed3_densenet121_convergence,nih,5000,3,densenet121,convergence,all_readers,Atelectasis,15000,18,0.7407370325872529,0.004274269099671223,0.00915698788110152,0.05228747982184092
nih_n5000_seed3_densenet121_convergence,nih,5000,3,densenet121,convergence,all_readers,Consolidation,15000,31,0.684979064259685,0.004479619257381745,0.0034169254764577547,0.02183403902053833
nih_n50000_seed3_densenet121_convergence,nih,50000,3,densenet121,convergence,any_reader,Cardiomegaly,15000,2316,0.845922953672885,0.5183594121027367,0.13864402932025174,0.13866914882659911
nih_n50000_seed3_densenet121_convergence,nih,50000,3,densenet121,convergence,any_reader,Pleural_Effusion,15000,1038,0.8972988615672763,0.6423673368448076,0.041055794071903906,0.022515047868092854
nih_n50000_seed3_densenet121_convergence,nih,50000,3,densenet121,convergence,any_reader,Atelectasis,15000,187,0.6943494495187961,0.023615052486840947,0.018992242630121656,0.04618552850087484
nih_n50000_seed3_densenet121_convergence,nih,50000,3,densenet121,convergence,any_reader,Consolidation,15000,353,0.8941020127878143,0.20785833012159066,0.02160164429648687,0.009457640234629312
nih_n50000_seed3_densenet121_convergence,nih,50000,3,densenet121,convergence,majority,Cardiomegaly,15000,1817,0.8704835378830268,0.5126526302335677,0.10645582662122628,0.10540248215993245
nih_n50000_seed3_densenet121_convergence,nih,50000,3,densenet121,convergence,majority,Pleural_Effusion,15000,634,0.9544109580498292,0.7075210488025616,0.02302916341597943,0.035107495784759524
nih_n50000_seed3_densenet121_convergence,nih,50000,3,densenet121,convergence,majority,Atelectasis,15000,62,0.6778015798634356,0.00931238239084329,0.012261100458897696,0.05451886183420817
nih_n50000_seed3_densenet121_convergence,nih,50000,3,densenet121,convergence,majority,Consolidation,15000,121,0.9183482294364623,0.11285739266881625,0.007591925973732964,0.0068898939450581865
nih_n50000_seed3_densenet121_convergence,nih,50000,3,densenet121,convergence,all_readers,Cardiomegaly,15000,1297,0.8899524559761041,0.4787723300840053,0.07407172607279998,0.07084245611826578
nih_n50000_seed3_densenet121_convergence,nih,50000,3,densenet121,convergence,all_readers,Pleural_Effusion,15000,439,0.9734253620657046,0.6845635721199751,0.017568286442509375,0.039424553076426186
nih_n50000_seed3_densenet121_convergence,nih,50000,3,densenet121,convergence,all_readers,Atelectasis,15000,18,0.6478459336388852,0.0019091767300374925,0.009915392247634675,0.057452195167541506
nih_n50000_seed3_densenet121_convergence,nih,50000,3,densenet121,convergence,all_readers,Consolidation,15000,31,0.9114492531877709,0.06181335218277597,0.0022881189058618703,0.012100823307037354
chexpert_n1000_seed1_densenet121_matched,chexpert,1000,1,densenet121,matched,any_reader,Cardiomegaly,15000,2316,0.7813993048236691,0.40171448565197815,0.28520247842860225,0.2982983393828074
chexpert_n1000_seed1_densenet121_matched,chexpert,1000,1,densenet121,matched,any_reader,Pleural_Effusion,15000,1038,0.7425927489947253,0.1504346409947167,0.5299262268651057,0.5599754556775093
chexpert_n1000_seed1_densenet121_matched,chexpert,1000,1,densenet121,matched,any_reader,Atelectasis,15000,187,0.6191176199833142,0.016562555331757548,0.9587233199325633,0.9684866279919943
chexpert_n1000_seed1_densenet121_matched,chexpert,1000,1,densenet121,matched,any_reader,Consolidation,15000,353,0.7744771140132343,0.07458369059836313,0.2447456976742354,0.27669992171525953
chexpert_n1000_seed1_densenet121_matched,chexpert,1000,1,densenet121,matched,majority,Cardiomegaly,15000,1817,0.7925516430555838,0.34403411775515036,0.2959729150731564,0.31863167271614073
chexpert_n1000_seed1_densenet121_matched,chexpert,1000,1,densenet121,matched,majority,Pleural_Effusion,15000,634,0.7971577651579197,0.11323719469172122,0.5454734819122681,0.5820029297391573
chexpert_n1000_seed1_densenet121_matched,chexpert,1000,1,densenet121,matched,majority,Atelectasis,15000,62,0.633011069409473,0.005647954790078477,0.9670317183700633,0.9768199613253276
chexpert_n1000_seed1_densenet121_matched,chexpert,1000,1,densenet121,matched,majority,Consolidation,15000,121,0.7987140342565011,0.02611472855428385,0.25013307093091874,0.2921665883819262
chexpert_n1000_seed1_densenet121_matched,chexpert,1000,1,densenet121,matched,all_readers,Cardiomegaly,15000,1297,0.8024033760369995,0.26598577878985435,0.3114405184546312,0.3434316727161407
chexpert_n1000_seed1_densenet121_matched,chexpert,1000,1,densenet121,matched,all_readers,Pleural_Effusion,15000,439,0.8308750290780488,0.08994124783642671,0.5549635024416973,0.5950029297391574
chexpert_n1000_seed1_densenet121_matched,chexpert,1000,1,densenet121,matched,all_readers,Atelectasis,15000,18,0.6517747222593038,0.0017334873070090494,0.9699640100367299,0.9797532946586609
chexpert_n1000_seed1_densenet121_matched,chexpert,1000,1,densenet121,matched,all_readers,Consolidation,15000,31,0.7927684957514347,0.006461385265806987,0.2529500498226093,0.2981665883819262
nih_n1000_seed1_densenet121_matched,nih,1000,1,densenet121,matched,any_reader,Cardiomegaly,15000,2316,0.7583104848614576,0.4274554514699263,0.15122860476056674,0.15159713498751323
nih_n1000_seed1_densenet121_matched,nih,1000,1,densenet121,matched,any_reader,Pleural_Effusion,15000,1038,0.7588809386004789,0.28535003507560697,0.067422554065309,0.0633816565434138
nih_n1000_seed1_densenet121_matched,nih,1000,1,densenet121,matched,any_reader,Atelectasis,15000,187,0.522277368015015,0.01516339002557299,0.021400934492935335,0.02371514800786972
nih_n1000_seed1_densenet121_matched,nih,1000,1,densenet121,matched,any_reader,Consolidation,15000,353,0.610553534539264,0.04702213018844016,0.023636776437593782,0.0236518501440684
nih_n1000_seed1_densenet121_matched,nih,1000,1,densenet121,matched,majority,Cardiomegaly,15000,1817,0.7699264629723801,0.37712692836972594,0.1184071967748795,0.11847734332084656
nih_n1000_seed1_densenet121_matched,nih,1000,1,densenet121,matched,majority,Pleural_Effusion,15000,634,0.8264450083903854,0.27979598190715854,0.045736542981388205,0.04311498987674713
nih_n1000_seed1_densenet121_matched,nih,1000,1,densenet121,matched,majority,Atelectasis,15000,62,0.5215190529457241,0.005470920486972645,0.013283513080467381,0.01591514800786972
nih_n1000_seed1_densenet121_matched,nih,1000,1,densenet121,matched,majority,Consolidation,15000,121,0.5718884400277945,0.015211659574279592,0.008188011565042822,0.008185183477401733
nih_n1000_seed1_densenet121_matched,nih,1000,1,densenet121,matched,all_readers,Cardiomegaly,15000,1297,0.7766340413275551,0.30874507152740815,0.08434594827373763,0.08411051389376323
nih_n1000_seed1_densenet121_matched,nih,1000,1,densenet121,matched,all_readers,Pleural_Effusion,15000,439,0.8638358087937026,0.2710402700504213,0.03762099368723436,0.036248323210080466
nih_n1000_seed1_densenet121_matched,nih,1000,1,densenet121,matched,all_readers,Atelectasis,15000,18,0.44757598006496685,0.0014952806012383994,0.01040677917340358,0.013248481341203053
nih_n1000_seed1_densenet121_matched,nih,1000,1,densenet121,matched,all_readers,Consolidation,15000,31,0.5802411004247487,0.0092227463291347,0.002192551078630772,0.0021851834774017334
chexpert_n10000_seed1_densenet121_matched,chexpert,10000,1,densenet121,matched,any_reader,Cardiomegaly,15000,2316,0.7597891336589309,0.3675153988884509,0.2758074260602089,0.2842317524711291
chexpert_n10000_seed1_densenet121_matched,chexpert,10000,1,densenet121,matched,any_reader,Pleural_Effusion,15000,1038,0.8599430286831391,0.3684331116302585,0.16956749978093336,0.18466861486434938
chexpert_n10000_seed1_densenet121_matched,chexpert,10000,1,densenet121,matched,any_reader,Atelectasis,15000,187,0.5584702842675768,0.014338816014914647,0.9204995991156498,0.9389470173120499
chexpert_n10000_seed1_densenet121_matched,chexpert,10000,1,densenet121,matched,any_reader,Consolidation,15000,353,0.8325975733750117,0.12282168347851888,0.13349106300611027,0.14902337090969087
chexpert_n10000_seed1_densenet121_matched,chexpert,10000,1,densenet121,matched,majority,Cardiomegaly,15000,1817,0.7762555977701975,0.3218907659349385,0.2815699084251814,0.29868122349977494
chexpert_n10000_seed1_densenet121_matched,chexpert,10000,1,densenet121,matched,majority,Pleural_Effusion,15000,634,0.9246132868923339,0.3379339414314902,0.17293620198595555,0.19440985193252563
chexpert_n10000_seed1_densenet121_matched,chexpert,10000,1,densenet121,matched,majority,Atelectasis,15000,62,0.5592837491740053,0.004755886931024907,0.9283501525010665,0.9472803506453832
chexpert_n10000_seed1_densenet121_matched,chexpert,10000,1,densenet121,matched,majority,Consolidation,15000,121,0.8643109513158209,0.057175752641280345,0.1373154348287853,0.15804196925957997
chexpert_n10000_seed1_densenet121_matched,chexpert,10000,1,densenet121,matched,all_readers,Cardiomegaly,15000,1297,0.7943316556189739,0.260911662121849,0.2918360711544447,0.3172145568331083
chexpert_n10000_seed1_densenet121_matched,chexpert,10000,1,densenet121,matched,all_readers,Pleural_Effusion,15000,439,0.9474483982942546,0.2788709821574922,0.18009261147209038,0.20740985193252565
chexpert_n10000_seed1_densenet121_matched,chexpert,10000,1,densenet121,matched,all_readers,Atelectasis,15000,18,0.5754460908645931,0.0014523621423970833,0.9312377827093998,0.9502136839787165
chexpert_n10000_seed1_densenet121_matched,chexpert,10000,1,densenet121,matched,all_readers,Consolidation,15000,31,0.8723275414350948,0.015388885436245224,0.14021839853861653,0.16404196925957998
nih_n10000_seed1_densenet121_matched,nih,10000,1,densenet121,matched,any_reader,Cardiomegaly,15000,2316,0.7177137509946848,0.38359115352820083,0.14272663046760534,0.14064261381626128
nih_n10000_seed1_densenet121_matched,nih,10000,1,densenet121,matched,any_reader,Pleural_Effusion,15000,1038,0.8011655776938174,0.47806879635446586,0.05085090912868414,0.04783920890490214
nih_n10000_seed1_densenet121_matched,nih,10000,1,densenet121,matched,any_reader,Atelectasis,15000,187,0.5834772246231179,0.020344183551985414,0.027773424638185308,0.03155361702442169
nih_n10000_seed1_densenet121_matched,nih,10000,1,densenet121,matched,any_reader,Consolidation,15000,353,0.7141015060563118,0.09610129372874554,0.0234147230418701,0.022758548176288605
nih_n10000_seed1_densenet121_matched,nih,10000,1,densenet121,matched,majority,Cardiomegaly,15000,1817,0.7368955640782682,0.3573076586558751,0.1110270435357409,0.10855000313917795
nih_n10000_seed1_densenet121_matched,nih,10000,1,densenet121,matched,majority,Pleural_Effusion,15000,634,0.8810852802204293,0.559890658691387,0.027350145775972147,0.02411874992052714
nih_n10000_seed1_densenet121_matched,nih,10000,1,densenet121,matched,majority,Atelectasis,15000,62,0.5210007817257568,0.00505040720246811,0.02046018026359221,0.02522028369108836
nih_n10000_seed1_densenet121_matched,nih,10000,1,densenet121,matched,majority,Consolidation,15000,121,0.7342521685952635,0.0634324576775194,0.00891981495541126,0.009000418293476104
nih_n10000_seed1_densenet121_matched,nih,10000,1,densenet121,matched,all_readers,Cardiomegaly,15000,1297,0.7531637827733414,0.30870787651426834,0.07917268400433831,0.07616940418084463
nih_n10000_seed1_densenet121_matched,nih,10000,1,densenet121,matched,all_readers,Pleural_Effusion,15000,439,0.9181657277474904,0.5800834883441086,0.019498322199680743,0.017339387941360473
nih_n10000_seed1_densenet121_matched,nih,10000,1,densenet121,matched,all_readers,Atelectasis,15000,18,0.5509092392352303,0.0016528329469869029,0.01780580604560515,0.02354597607453664
nih_n10000_seed1_densenet121_matched,nih,10000,1,densenet121,matched,all_readers,Consolidation,15000,31,0.7940162357043266,0.04777915372129865,0.0037282503318964494,0.0042004182934761046
chexpert_nall_seed1_densenet121_matched,chexpert,all,1,densenet121,matched,any_reader,Cardiomegaly,15000,2316,0.8319085377577125,0.5316655441143421,0.11949652199764872,0.11515945103963215
chexpert_nall_seed1_densenet121_matched,chexpert,all,1,densenet121,matched,any_reader,Pleural_Effusion,15000,1038,0.9098227048424031,0.6305700097712235,0.09722115094990127,0.15446128302415213
chexpert_nall_seed1_densenet121_matched,chexpert,all,1,densenet121,matched,any_reader,Atelectasis,15000,187,0.8068907893088562,0.05655892903644798,0.5654639336825659,0.7183287272135417
chexpert_nall_seed1_densenet121_matched,chexpert,all,1,densenet121,matched,any_reader,Consolidation,15000,353,0.9304350483358028,0.3576126303904948,0.07458833202602544,0.13905372389157614
chexpert_nall_seed1_densenet121_matched,chexpert,all,1,densenet121,matched,majority,Cardiomegaly,15000,1817,0.8522595080111637,0.49452393171308523,0.11441779478410705,0.14842611770629882
chexpert_nall_seed1_densenet121_matched,chexpert,all,1,densenet121,matched,majority,Pleural_Effusion,15000,634,0.9592544238916719,0.6674395709642477,0.10227838069131567,0.18139461635748547
chexpert_nall_seed1_densenet121_matched,chexpert,all,1,densenet121,matched,majority,Atelectasis,15000,62,0.8207656161596968,0.01994255135989743,0.5721634128492326,0.726662060546875
chexpert_nall_seed1_densenet121_matched,chexpert,all,1,densenet121,matched,majority,Consolidation,15000,121,0.950330461868994,0.2285824811627838,0.08155213766974288,0.1545203905582428
chexpert_nall_seed1_densenet121_matched,chexpert,all,1,densenet121,matched,all_readers,Cardiomegaly,15000,1297,0.8711882393710699,0.43204918438659334,0.11434704486548726,0.1830927843729655
chexpert_nall_seed1_densenet121_matched,chexpert,all,1,densenet121,matched,all_readers,Pleural_Effusion,15000,439,0.9772965948451249,0.6201263221783432,0.10981125575235083,0.19439461635748545
chexpert_nall_seed1_densenet121_matched,chexpert,all,1,densenet121,matched,all_readers,Atelectasis,15000,18,0.797875969682137,0.00717085758767108,0.5746367852450659,0.7295953938802083
chexpert_nall_seed1_densenet121_matched,chexpert,all,1,densenet121,matched,all_readers,Consolidation,15000,31,0.93972166132588,0.11182273671135247,0.08545920554083664,0.1605203905582428
nih_nall_seed1_densenet121_matched,nih,all,1,densenet121,matched,any_reader,Cardiomegaly,15000,2316,0.8151571731129859,0.49096543447044927,0.134938810328832,0.13366404374043148
nih_nall_seed1_densenet121_matched,nih,all,1,densenet121,matched,any_reader,Pleural_Effusion,15000,1038,0.8847916820193761,0.6203991277241407,0.04109566886625434,0.025139921883742016
nih_nall_seed1_densenet121_matched,nih,all,1,densenet121,matched,any_reader,Atelectasis,15000,187,0.7916905984084653,0.04380540484132464,0.016646233151688998,0.025845794192949932
nih_nall_seed1_densenet121_matched,nih,all,1,densenet121,matched,any_reader,Consolidation,15000,353,0.8614581566461801,0.23993214541363322,0.02065585373530289,0.009944849638144175
nih_nall_seed1_densenet121_matched,nih,all,1,densenet121,matched,majority,Cardiomegaly,15000,1817,0.8453833761572573,0.4916024226035337,0.10284539471883648,0.1003973770737648
nih_nall_seed1_densenet121_matched,nih,all,1,densenet121,matched,majority,Pleural_Effusion,15000,634,0.9431590361223552,0.6990546034420644,0.0211548047324195,0.009499498689174652
nih_nall_seed1_densenet121_matched,nih,all,1,densenet121,matched,majority,Atelectasis,15000,62,0.8009714346179262,0.018869299480015145,0.010202750561967316,0.034179127526283264
nih_nall_seed1_densenet121_matched,nih,all,1,densenet121,matched,majority,Consolidation,15000,121,0.8888468910922765,0.14230587187604227,0.007510703669880829,0.006105801403522492
nih_nall_seed1_densenet121_matched,nih,all,1,densenet121,matched,all_readers,Cardiomegaly,15000,1297,0.8737000283185685,0.47314920765292423,0.07078022278566234,0.0659665176987648
nih_nall_seed1_densenet121_matched,nih,all,1,densenet121,matched,all_readers,Pleural_Effusion,15000,439,0.9658505206046233,0.6967697594820305,0.015336527405199855,0.015847578116257987
nih_nall_seed1_densenet121_matched,nih,all,1,densenet121,matched,all_readers,Atelectasis,15000,18,0.7925992672688709,0.003473364586063524,0.00799922921492142,0.0371124608596166
nih_nall_seed1_densenet121_matched,nih,all,1,densenet121,matched,all_readers,Consolidation,15000,31,0.8806619702223305,0.0962178580123354,0.002669770696654917,0.011781843070189158
chexpert_n1000_seed2_densenet121_matched,chexpert,1000,2,densenet121,matched,any_reader,Cardiomegaly,15000,2316,0.7293209244889323,0.32089582819740525,0.20901784426923561,0.19833053315877913
chexpert_n1000_seed2_densenet121_matched,chexpert,1000,2,densenet121,matched,any_reader,Pleural_Effusion,15000,1038,0.8125887179597582,0.23906074657687354,0.25163721820152934,0.27205282327334085
chexpert_n1000_seed2_densenet121_matched,chexpert,1000,2,densenet121,matched,any_reader,Atelectasis,15000,187,0.5864488520164577,0.015144373536958662,0.9783129251342628,0.9814722688039144
chexpert_n1000_seed2_densenet121_matched,chexpert,1000,2,densenet121,matched,any_reader,Consolidation,15000,353,0.7851045501200973,0.09359299495241881,0.1164736334455611,0.13453089307149252
chexpert_n1000_seed2_densenet121_matched,chexpert,1000,2,densenet121,matched,majority,Cardiomegaly,15000,1817,0.7393090307304011,0.2674186322980607,0.2056748134509322,0.20386386649211247
chexpert_n1000_seed2_densenet121_matched,chexpert,1000,2,densenet121,matched,majority,Pleural_Effusion,15000,634,0.8661306423201293,0.19342128841374173,0.2597365764343454,0.2864827398777008
chexpert_n1000_seed2_densenet121_matched,chexpert,1000,2,densenet121,matched,majority,Atelectasis,15000,62,0.5837628865979382,0.005012259695418237,0.9866421569050962,0.9898056021372478
chexpert_n1000_seed2_densenet121_matched,chexpert,1000,2,densenet121,matched,majority,Consolidation,15000,121,0.8197248437672708,0.04740377620431723,0.1147231884372832,0.1424298816680908
chexpert_n1000_seed2_densenet121_matched,chexpert,1000,2,densenet121,matched,all_readers,Cardiomegaly,15000,1297,0.7439083146816952,0.20389872863772399,0.20593951744790842,0.21658968843221665
chexpert_n1000_seed2_densenet121_matched,chexpert,1000,2,densenet121,matched,all_readers,Pleural_Effusion,15000,439,0.8901912760691453,0.15494320654121163,0.2667091967705601,0.2994827398777008
chexpert_n1000_seed2_densenet121_matched,chexpert,1000,2,densenet121,matched,all_readers,Atelectasis,15000,18,0.6046811729631113,0.0015295054810100653,0.9895725605509295,0.992738935470581
chexpert_n1000_seed2_densenet121_matched,chexpert,1000,2,densenet121,matched,all_readers,Consolidation,15000,31,0.7972562650984077,0.012874104965263282,0.11540928537573433,0.14842988166809082
nih_n1000_seed2_densenet121_matched,nih,1000,2,densenet121,matched,any_reader,Cardiomegaly,15000,2316,0.6262989281370626,0.2511566627171997,0.15203703059228468,0.15050953578154247
nih_n1000_seed2_densenet121_matched,nih,1000,2,densenet121,matched,any_reader,Pleural_Effusion,15000,1038,0.7078617809032445,0.22974382260928117,0.07832284520384171,0.07430743402640025
nih_n1000_seed2_densenet121_matched,nih,1000,2,densenet121,matched,any_reader,Atelectasis,15000,187,0.6173208891886047,0.02041286868258075,0.0191210399913574,0.020843279457092283
nih_n1000_seed2_densenet121_matched,nih,1000,2,densenet121,matched,any_reader,Consolidation,15000,353,0.5512677861306814,0.03507608210389128,0.0244203652956923,0.024376019469896953
nih_n1000_seed2_densenet121_matched,nih,1000,2,densenet121,matched,majority,Cardiomegaly,15000,1817,0.6366776670025535,0.21521359588811612,0.11946083675893354,0.11799221807320913
nih_n1000_seed2_densenet121_matched,nih,1000,2,densenet121,matched,majority,Pleural_Effusion,15000,634,0.7779617665439473,0.21876907914581992,0.057748256682520094,0.05753334548473358
nih_n1000_seed2_densenet121_matched,nih,1000,2,densenet121,matched,majority,Atelectasis,15000,62,0.580084780533733,0.006306089409116905,0.011158217379230728,0.013976612790425618
nih_n1000_seed2_densenet121_matched,nih,1000,2,densenet121,matched,majority,Consolidation,15000,121,0.5371906380894033,0.012584258373565348,0.009203242136919513,0.009576019469896953
nih_n1000_seed2_densenet121_matched,nih,1000,2,densenet121,matched,all_readers,Cardiomegaly,15000,1297,0.6470583601641409,0.1691125154336052,0.08542397503725895,0.08384172979195913
nih_n1000_seed2_densenet121_matched,nih,1000,2,densenet121,matched,all_readers,Pleural_Effusion,15000,439,0.8276329146459346,0.20196972954187517,0.05044576910253861,0.052666678818066914
nih_n1000_seed2_densenet121_matched,nih,1000,2,densenet121,matched,all_readers,Atelectasis,15000,18,0.5872751004909595,0.0022779723013654665,0.008300602798440526,0.011309946123758952
nih_n1000_seed2_densenet121_matched,nih,1000,2,densenet121,matched,all_readers,Consolidation,15000,31,0.5258512754315908,0.002787878387887444,0.0034075317163109915,0.003976019469896952
chexpert_n10000_seed2_densenet121_matched,chexpert,10000,2,densenet121,matched,any_reader,Cardiomegaly,15000,2316,0.7762242723211052,0.37787010538405913,0.19928044749281656,0.19326896039644878
chexpert_n10000_seed2_densenet121_matched,chexpert,10000,2,densenet121,matched,any_reader,Pleural_Effusion,15000,1038,0.8788047463815216,0.5032819179962513,0.09180276491264108,0.09611049570639928
chexpert_n10000_seed2_densenet121_matched,chexpert,10000,2,densenet121,matched,any_reader,Atelectasis,15000,187,0.6462185802252755,0.018460793945296178,0.9360138828970217,0.9514673233032227
chexpert_n10000_seed2_densenet121_matched,chexpert,10000,2,densenet121,matched,any_reader,Consolidation,15000,353,0.8525361041360315,0.15624743371621777,0.15400334165891966,0.17479806615511576
chexpert_n10000_seed2_densenet121_matched,chexpert,10000,2,densenet121,matched,majority,Cardiomegaly,15000,1817,0.7869571187288578,0.3250482642585637,0.19844548101605824,0.19813575727144878
chexpert_n10000_seed2_densenet121_matched,chexpert,10000,2,densenet121,matched,majority,Pleural_Effusion,15000,634,0.9397405743757934,0.4937744262249169,0.09028708718239867,0.09971049570639928
chexpert_n10000_seed2_densenet121_matched,chexpert,10000,2,densenet121,matched,majority,Atelectasis,15000,62,0.6266843814648935,0.006036089387880387,0.9440166172720217,0.959800656636556
chexpert_n10000_seed2_densenet121_matched,chexpert,10000,2,densenet121,matched,majority,Consolidation,15000,121,0.8774674939831445,0.06463529562748122,0.16086472514471373,0.1889201141834259
chexpert_n10000_seed2_densenet121_matched,chexpert,10000,2,densenet121,matched,all_readers,Cardiomegaly,15000,1297,0.8035443335827221,0.26625696535752014,0.19832052408240092,0.20725513389905295
chexpert_n10000_seed2_densenet121_matched,chexpert,10000,2,densenet121,matched,all_readers,Pleural_Effusion,15000,439,0.9637127853774843,0.43147514715545615,0.09559854766149921,0.10904940012693405
chexpert_n10000_seed2_densenet121_matched,chexpert,10000,2,densenet121,matched,all_readers,Atelectasis,15000,18,0.7099686290214925,0.0021424382975670626,0.9466486281769696,0.9627339899698893
chexpert_n10000_seed2_densenet121_matched,chexpert,10000,2,densenet121,matched,all_readers,Consolidation,15000,31,0.8747195817592919,0.016805806746062253,0.16444583582084338,0.1949201141834259
nih_n10000_seed2_densenet121_matched,nih,10000,2,densenet121,matched,any_reader,Cardiomegaly,15000,2316,0.7570655801523847,0.4370113818239092,0.1463911656884756,0.14661644259293874
nih_n10000_seed2_densenet121_matched,nih,10000,2,densenet121,matched,any_reader,Pleural_Effusion,15000,1038,0.7343897791390285,0.3723000454890955,0.05825646837716918,0.053239774334430695
nih_n10000_seed2_densenet121_matched,nih,10000,2,densenet121,matched,any_reader,Atelectasis,15000,187,0.5401789727262981,0.017629506183791735,0.018732600197109404,0.02098019336859385
nih_n10000_seed2_densenet121_matched,nih,10000,2,densenet121,matched,any_reader,Consolidation,15000,353,0.6260615493102939,0.06411655228285872,0.023376262755831496,0.023329202369848888
nih_n10000_seed2_densenet121_matched,nih,10000,2,densenet121,matched,majority,Cardiomegaly,15000,1817,0.7752273351493231,0.4078022667308146,0.11399224796577358,0.1138831092596054
nih_n10000_seed2_densenet121_matched,nih,10000,2,densenet121,matched,majority,Pleural_Effusion,15000,634,0.823446340399761,0.42323989068541834,0.03565193510220071,0.031773107667764026
nih_n10000_seed2_densenet121_matched,nih,10000,2,densenet121,matched,majority,Atelectasis,15000,62,0.5281518448295967,0.004418624813353604,0.010956338875405812,0.013580193368593852
nih_n10000_seed2_densenet121_matched,nih,10000,2,densenet121,matched,majority,Consolidation,15000,121,0.5849363932415702,0.019473879488410915,0.008112057880203343,0.008075784401098888
nih_n10000_seed2_densenet121_matched,nih,10000,2,densenet121,matched,all_readers,Cardiomegaly,15000,1297,0.7977602111002149,0.36346522948576354,0.0805710475473013,0.07981780978043874
nih_n10000_seed2_densenet121_matched,nih,10000,2,densenet121,matched,all_readers,Pleural_Effusion,15000,439,0.8700211614668257,0.42917434603730387,0.027178071341570423,0.024725288657347362
nih_n10000_seed2_densenet121_matched,nih,10000,2,densenet121,matched,all_readers,Atelectasis,15000,18,0.5585350568830745,0.001363013055035314,0.008061324382735116,0.010913526701927185
nih_n10000_seed2_densenet121_matched,nih,10000,2,densenet121,matched,all_readers,Consolidation,15000,31,0.5698432674839831,0.003473292269985692,0.002181967150807794,0.0021345083594322203
chexpert_nall_seed2_densenet121_matched,chexpert,all,2,densenet121,matched,any_reader,Cardiomegaly,15000,2316,0.8399448375525393,0.5324823253599446,0.12197644058726971,0.10972576599121094
chexpert_nall_seed2_densenet121_matched,chexpert,all,2,densenet121,matched,any_reader,Pleural_Effusion,15000,1038,0.9008928100743582,0.620190852583682,0.08945669815925157,0.1317365387916565
chexpert_nall_seed2_densenet121_matched,chexpert,all,2,densenet121,matched,any_reader,Atelectasis,15000,187,0.7175959402620403,0.028014494741131886,0.6748420765489495,0.7881734710693359
chexpert_nall_seed2_densenet121_matched,chexpert,all,2,densenet121,matched,any_reader,Consolidation,15000,353,0.9199991838141448,0.3500043667352568,0.07113076669997374,0.13218080135981242
chexpert_nall_seed2_densenet121_matched,chexpert,all,2,densenet121,matched,majority,Cardiomegaly,15000,1817,0.8612864101634203,0.4982481640489236,0.11734205236298585,0.14299243265787762
chexpert_nall_seed2_densenet121_matched,chexpert,all,2,densenet121,matched,majority,Pleural_Effusion,15000,634,0.9581095018864644,0.6599792545072484,0.0921798628448188,0.1586698721249898
chexpert_nall_seed2_densenet121_matched,chexpert,all,2,densenet121,matched,majority,Atelectasis,15000,62,0.7379528934650318,0.009857077873226282,0.6817539906114495,0.7965068044026693
chexpert_nall_seed2_densenet121_matched,chexpert,all,2,densenet121,matched,majority,Consolidation,15000,121,0.9420815515127817,0.19733084992940236,0.07767359913812479,0.14764746802647907
chexpert_nall_seed2_densenet121_matched,chexpert,all,2,densenet121,matched,all_readers,Cardiomegaly,15000,1297,0.88473051306348,0.43921241193680277,0.11782249262991293,0.17765909932454427
chexpert_nall_seed2_densenet121_matched,chexpert,all,2,densenet121,matched,all_readers,Pleural_Effusion,15000,439,0.9768319718210046,0.6195569611569623,0.09937629483130968,0.17166987212498983
chexpert_nall_seed2_densenet121_matched,chexpert,all,2,densenet121,matched,all_readers,Atelectasis,15000,18,0.6969548643557454,0.002859855839855706,0.6842967640489495,0.7994401377360026
chexpert_nall_seed2_densenet121_matched,chexpert,all,2,densenet121,matched,all_readers,Consolidation,15000,31,0.9490258361904926,0.05911251758212836,0.08134669077223937,0.15364746802647908
nih_nall_seed2_densenet121_matched,nih,all,2,densenet121,matched,any_reader,Cardiomegaly,15000,2316,0.8367924667035946,0.5179953920625142,0.13527896130644312,0.13543093762000402
nih_nall_seed2_densenet121_matched,nih,all,2,densenet121,matched,any_reader,Pleural_Effusion,15000,1038,0.8787187712091642,0.6047837572824512,0.042405242903651136,0.029039681216080984
nih_nall_seed2_densenet121_matched,nih,all,2,densenet121,matched,any_reader,Atelectasis,15000,187,0.7851303830173741,0.03761225968442178,0.016474451076028365,0.023701380292574566
nih_nall_seed2_densenet121_matched,nih,all,2,densenet121,matched,any_reader,Consolidation,15000,353,0.8881873730632751,0.25899761981121094,0.020328780035986264,0.008434497133890788
nih_nall_seed2_densenet121_matched,nih,all,2,densenet121,matched,majority,Cardiomegaly,15000,1817,0.8653315582838775,0.5185791274049936,0.10298990311387213,0.10216427095333735
nih_nall_seed2_densenet121_matched,nih,all,2,densenet121,matched,majority,Pleural_Effusion,15000,634,0.9392580887839366,0.6830690200284308,0.021694397989532686,0.0052583005547523496
nih_nall_seed2_densenet121_matched,nih,all,2,densenet121,matched,majority,Atelectasis,15000,62,0.7866736273370792,0.014871559478572938,0.009776801438170295,0.0320347136259079
nih_nall_seed2_densenet121_matched,nih,all,2,densenet121,matched,majority,Consolidation,15000,121,0.9003807018489092,0.1643274596436802,0.007550988821997006,0.007504272397359213
nih_nall_seed2_densenet121_matched,nih,all,2,densenet121,matched,all_readers,Cardiomegaly,15000,1297,0.8933481803730209,0.4918301686651525,0.07105817374152969,0.06755704439083735
nih_nall_seed2_densenet121_matched,nih,all,2,densenet121,matched,all_readers,Pleural_Effusion,15000,439,0.9617115429411013,0.695031698094944,0.015099855517964897,0.012713997169335684
nih_nall_seed2_densenet121_matched,nih,all,2,densenet121,matched,all_readers,Atelectasis,15000,18,0.7778816060754387,0.0031963209243619454,0.0074839560300485495,0.03496804695924123
nih_nall_seed2_densenet121_matched,nih,all,2,densenet121,matched,all_readers,Consolidation,15000,31,0.8920004568581521,0.09309997858458942,0.003027700349503516,0.013382788022359213
chexpert_n1000_seed3_densenet121_matched,chexpert,1000,3,densenet121,matched,any_reader,Cardiomegaly,15000,2316,0.7391962675564225,0.29001498875918635,0.4952271206262661,0.5243221961379051
chexpert_n1000_seed3_densenet121_matched,chexpert,1000,3,densenet121,matched,any_reader,Pleural_Effusion,15000,1038,0.7334815197540034,0.16328180292914315,0.34995193498291854,0.36890554097096123
chexpert_n1000_seed3_densenet121_matched,chexpert,1000,3,densenet121,matched,any_reader,Atelectasis,15000,187,0.4750354779423047,0.011857249729467254,0.9573752647461937,0.9660160749197007
chexpert_n1000_seed3_densenet121_matched,chexpert,1000,3,densenet121,matched,any_reader,Consolidation,15000,353,0.7553102850442066,0.0883152058249854,0.14717574629261398,0.16474749963680904
chexpert_n1000_seed3_densenet121_matched,chexpert,1000,3,densenet121,matched,majority,Cardiomegaly,15000,1817,0.7575760188141103,0.250072800756669,0.5181666599634243,0.5530555294712385
chexpert_n1000_seed3_densenet121_matched,chexpert,1000,3,densenet121,matched,majority,Pleural_Effusion,15000,634,0.8002524471774621,0.13277941736008678,0.35357417279241765,0.3781055409709613
chexpert_n1000_seed3_densenet121_matched,chexpert,1000,3,densenet121,matched,majority,Atelectasis,15000,62,0.45434246498430075,0.00377777919682923,0.9651527452530907,0.9742703508615493
chexpert_n1000_seed3_densenet121_matched,chexpert,1000,3,densenet121,matched,majority,Consolidation,15000,121,0.7631058583315884,0.031102626756132727,0.14769740106537246,0.16994749963680902
chexpert_n1000_seed3_densenet121_matched,chexpert,1000,3,densenet121,matched,all_readers,Cardiomegaly,15000,1297,0.772220075057429,0.1956791787765188,0.5456075720034989,0.5868808637579283
chexpert_n1000_seed3_densenet121_matched,chexpert,1000,3,densenet121,matched,all_readers,Pleural_Effusion,15000,439,0.8421476127684664,0.10895763411699422,0.3587838067865201,0.3864329762816429
chexpert_n1000_seed3_densenet121_matched,chexpert,1000,3,densenet121,matched,all_readers,Atelectasis,15000,18,0.4761880923775197,0.0011685525191505067,0.9679139106176741,0.9772036841948827
chexpert_n1000_seed3_densenet121_matched,chexpert,1000,3,densenet121,matched,all_readers,Consolidation,15000,31,0.7469770859776872,0.007763265179950801,0.1484223634270261,0.17546570023298264
nih_n1000_seed3_densenet121_matched,nih,1000,3,densenet121,matched,any_reader,Cardiomegaly,15000,2316,0.647615374570604,0.2800699043902479,0.1543819702860955,0.15438106329838436
nih_n1000_seed3_densenet121_matched,nih,1000,3,densenet121,matched,any_reader,Pleural_Effusion,15000,1038,0.7132408182517976,0.22397893032627028,0.07439141013124378,0.07286867503722509
nih_n1000_seed3_densenet121_matched,nih,1000,3,densenet121,matched,any_reader,Atelectasis,15000,187,0.46304012482170787,0.01137506302898146,0.02685149184193195,0.031360347600777945
nih_n1000_seed3_densenet121_matched,nih,1000,3,densenet121,matched,any_reader,Consolidation,15000,353,0.6877609449652841,0.06620699917995282,0.023474078032008794,0.023507023628552753
nih_n1000_seed3_densenet121_matched,nih,1000,3,densenet121,matched,majority,Cardiomegaly,15000,1817,0.6694533423513571,0.24447489206242373,0.12111720324329965,0.12111439663171768
nih_n1000_seed3_densenet121_matched,nih,1000,3,densenet121,matched,majority,Pleural_Effusion,15000,634,0.7946699093680268,0.24218828132055548,0.05025024440585366,0.050335341703891756
nih_n1000_seed3_densenet121_matched,nih,1000,3,densenet121,matched,majority,Atelectasis,15000,62,0.47490055670966874,0.0040837949464545545,0.018752875472366624,0.023960347600777945
nih_n1000_seed3_densenet121_matched,nih,1000,3,densenet121,matched,majority,Consolidation,15000,121,0.6874303958266101,0.01907268965419425,0.00808088365061282,0.008098022977511088
nih_n1000_seed3_densenet121_matched,nih,1000,3,densenet121,matched,all_readers,Cardiomegaly,15000,1297,0.6836483082482655,0.19652923921824042,0.08645228904060953,0.08644772996505101
nih_n1000_seed3_densenet121_matched,nih,1000,3,densenet121,matched,all_readers,Pleural_Effusion,15000,439,0.8455758110683216,0.23458774116805375,0.041173259761917505,0.04173534170389175
nih_n1000_seed3_densenet121_matched,nih,1000,3,densenet121,matched,all_readers,Atelectasis,15000,18,0.4342321897387977,0.0011032595333183783,0.015939882589638046,0.021660200901826222
nih_n1000_seed3_densenet121_matched,nih,1000,3,densenet121,matched,all_readers,Consolidation,15000,31,0.7339436986977388,0.01073552403383993,0.0020817830767551936,0.002098022977511088
chexpert_n10000_seed3_densenet121_matched,chexpert,10000,3,densenet121,matched,any_reader,Cardiomegaly,15000,2316,0.7685384610042761,0.37630897262596713,0.23151796198745117,0.23086905800501506
chexpert_n10000_seed3_densenet121_matched,chexpert,10000,3,densenet121,matched,any_reader,Pleural_Effusion,15000,1038,0.8555512912974081,0.3373371286774844,0.1935758549040695,0.20947855573892593
chexpert_n10000_seed3_densenet121_matched,chexpert,10000,3,densenet121,matched,any_reader,Atelectasis,15000,187,0.6062762474499382,0.01622397493489779,0.9510493210044171,0.9630710861682892
chexpert_n10000_seed3_densenet121_matched,chexpert,10000,3,densenet121,matched,any_reader,Consolidation,15000,353,0.8456263752586602,0.12091169851872859,0.20013856383823134,0.21963489033778508
chexpert_n10000_seed3_densenet121_matched,chexpert,10000,3,densenet121,matched,majority,Cardiomegaly,15000,1817,0.7870940715121053,0.3316641948170257,0.23157076152224884,0.23853572467168171
chexpert_n10000_seed3_densenet121_matched,chexpert,10000,3,densenet121,matched,majority,Pleural_Effusion,15000,634,0.9150679882530212,0.29402384633210044,0.19937222771506907,0.22071389217774073
chexpert_n10000_seed3_densenet121_matched,chexpert,10000,3,densenet121,matched,majority,Atelectasis,15000,62,0.615091841979105,0.005525375447197907,0.9593443079835837,0.9714044195016225
chexpert_n10000_seed3_densenet121_matched,chexpert,10000,3,densenet121,matched,majority,Consolidation,15000,121,0.8566827504958734,0.043084046353943604,0.2082342399186172,0.23510155700445176
chexpert_n10000_seed3_densenet121_matched,chexpert,10000,3,densenet121,matched,all_readers,Cardiomegaly,15000,1297,0.8060089999370386,0.26780333976375953,0.23779759921292012,0.25404119342168174
chexpert_n10000_seed3_densenet121_matched,chexpert,10000,3,densenet121,matched,all_readers,Pleural_Effusion,15000,439,0.9402230409529997,0.24456090576778677,0.20730873513084055,0.23371389217774075
chexpert_n10000_seed3_densenet121_matched,chexpert,10000,3,densenet121,matched,all_readers,Atelectasis,15000,18,0.590938756136994,0.0015532082029744796,0.962271586629417,0.9743377528349558
chexpert_n10000_seed3_densenet121_matched,chexpert,10000,3,densenet121,matched,all_readers,Consolidation,15000,31,0.8525447214566018,0.010785917322242215,0.2115450397080459,0.24110155700445174
nih_n10000_seed3_densenet121_matched,nih,10000,3,densenet121,matched,any_reader,Cardiomegaly,15000,2316,0.6391936940396262,0.29266767307755664,0.15098332457187685,0.15082748090028764
nih_n10000_seed3_densenet121_matched,nih,10000,3,densenet121,matched,any_reader,Pleural_Effusion,15000,1038,0.7821362912104669,0.41636808768046496,0.055439793876248644,0.05177732817729314
nih_n10000_seed3_densenet121_matched,nih,10000,3,densenet121,matched,any_reader,Atelectasis,15000,187,0.5736538688556193,0.022099402200661214,0.027565170573482622,0.03171947821378708
nih_n10000_seed3_densenet121_matched,nih,10000,3,densenet121,matched,any_reader,Consolidation,15000,353,0.6826727417713669,0.06233381430151386,0.023710169172965433,0.023556959354877473
nih_n10000_seed3_densenet121_matched,nih,10000,3,densenet121,matched,majority,Cardiomegaly,15000,1817,0.654629085481456,0.263005913398366,0.11794924144390137,0.11763900433778762
nih_n10000_seed3_densenet121_matched,nih,10000,3,densenet121,matched,majority,Pleural_Effusion,15000,634,0.8711079458992512,0.47266170292506465,0.03228643115703071,0.028844841198126477
nih_n10000_seed3_densenet121_matched,nih,10000,3,densenet121,matched,majority,Atelectasis,15000,62,0.582332781950341,0.006364252843023643,0.02010247875778845,0.02525281154712041
nih_n10000_seed3_densenet121_matched,nih,10000,3,densenet121,matched,majority,Consolidation,15000,121,0.700699971505683,0.022839238564255154,0.00871895378498529,0.00891366508404414
nih_n10000_seed3_densenet121_matched,nih,10000,3,densenet121,matched,all_readers,Cardiomegaly,15000,1297,0.6718515116730962,0.22962249843953816,0.08401194078567535,0.08364929079612096
nih_n10000_seed3_densenet121_matched,nih,10000,3,densenet121,matched,all_readers,Pleural_Effusion,15000,439,0.9082102017136611,0.45813772781821843,0.02513835504396563,0.022994580781459807
nih_n10000_seed3_densenet121_matched,nih,10000,3,densenet121,matched,all_readers,Atelectasis,15000,18,0.6525404559545528,0.0025609902813491935,0.017411540841350666,0.023008850236733755
nih_n10000_seed3_densenet121_matched,nih,10000,3,densenet121,matched,all_readers,Consolidation,15000,31,0.7395919308506398,0.015583140596698629,0.002769891135576312,0.003046998417377472
chexpert_nall_seed3_densenet121_matched,chexpert,all,3,densenet121,matched,any_reader,Cardiomegaly,15000,2316,0.8290638485432261,0.49651175917051993,0.1269329298885961,0.11497752380371094
chexpert_nall_seed3_densenet121_matched,chexpert,all,3,densenet121,matched,any_reader,Pleural_Effusion,15000,1038,0.9096684532390285,0.6425934155403341,0.09957598867126898,0.15754808666706085
chexpert_nall_seed3_densenet121_matched,chexpert,all,3,densenet121,matched,any_reader,Atelectasis,15000,187,0.7609317368650388,0.048794665691802616,0.5752934934065561,0.7145886571248372
chexpert_nall_seed3_densenet121_matched,chexpert,all,3,densenet121,matched,any_reader,Consolidation,15000,353,0.9293581471884814,0.3610787236092247,0.06331064421695376,0.11839095843235652
chexpert_nall_seed3_densenet121_matched,chexpert,all,3,densenet121,matched,majority,Cardiomegaly,15000,1817,0.847012072676945,0.4591760547798921,0.12232583963794508,0.1482441904703776
chexpert_nall_seed3_densenet121_matched,chexpert,all,3,densenet121,matched,majority,Pleural_Effusion,15000,634,0.9653681405140335,0.668294250106659,0.10522902631470159,0.1844814200003942
chexpert_nall_seed3_densenet121_matched,chexpert,all,3,densenet121,matched,majority,Atelectasis,15000,62,0.7740137730576706,0.023639613580293838,0.5817566444482227,0.7229219904581706
chexpert_nall_seed3_densenet121_matched,chexpert,all,3,densenet121,matched,majority,Consolidation,15000,121,0.9467656173018826,0.22244921768470224,0.06995894947411523,0.1338576250990232
chexpert_nall_seed3_densenet121_matched,chexpert,all,3,densenet121,matched,all_readers,Cardiomegaly,15000,1297,0.8656290393557208,0.4010108936364966,0.12213268981698154,0.18291085713704427
chexpert_nall_seed3_densenet121_matched,chexpert,all,3,densenet121,matched,all_readers,Pleural_Effusion,15000,439,0.9810304744207818,0.6102543906985551,0.1133895508101443,0.19748142000039418
chexpert_nall_seed3_densenet121_matched,chexpert,all,3,densenet121,matched,all_readers,Atelectasis,15000,18,0.747026060902713,0.004133906781798531,0.5841444048648894,0.7258553237915039
chexpert_nall_seed3_densenet121_matched,chexpert,all,3,densenet121,matched,all_readers,Consolidation,15000,31,0.9461790927055701,0.0724286997568616,0.07378803882958397,0.1398576250990232
nih_nall_seed3_densenet121_matched,nih,all,3,densenet121,matched,any_reader,Cardiomegaly,15000,2316,0.8389737264359814,0.5317082725983647,0.13162755634101672,0.13129547670284908
nih_nall_seed3_densenet121_matched,nih,all,3,densenet121,matched,any_reader,Pleural_Effusion,15000,1038,0.8718347543387102,0.5952959796317837,0.04223577347157941,0.023475617996851602
nih_nall_seed3_densenet121_matched,nih,all,3,densenet121,matched,any_reader,Atelectasis,15000,187,0.7805010124435431,0.0372555993021267,0.016056982711967187,0.021774502352873485
nih_nall_seed3_densenet121_matched,nih,all,3,densenet121,matched,any_reader,Consolidation,15000,353,0.8668484646518996,0.2305399802373067,0.020778890055727264,0.00953186541001002
nih_nall_seed3_densenet121_matched,nih,all,3,densenet121,matched,majority,Cardiomegaly,15000,1817,0.8663464825678373,0.5307101160598464,0.09989530681086026,0.0980288100361824
nih_nall_seed3_densenet121_matched,nih,all,3,densenet121,matched,majority,Pleural_Effusion,15000,634,0.9381961703303147,0.6791540162317079,0.022110977017467674,0.009919303878148397
nih_nall_seed3_densenet121_matched,nih,all,3,densenet121,matched,majority,Atelectasis,15000,62,0.793351228086845,0.014310279999248884,0.00923333362342552,0.030107835686206817
nih_nall_seed3_densenet121_matched,nih,all,3,densenet121,matched,majority,Consolidation,15000,121,0.891083111757155,0.14102813079721693,0.007550827187608979,0.006164879381656647
nih_nall_seed3_densenet121_matched,nih,all,3,densenet121,matched,all_readers,Cardiomegaly,15000,1297,0.8910521988358497,0.5063287055800421,0.06844983342600308,0.06338200014034907
nih_nall_seed3_densenet121_matched,nih,all,3,densenet121,matched,all_readers,Pleural_Effusion,15000,439,0.9597484715545113,0.6841149656258588,0.015861222302501855,0.018570475753148397
nih_nall_seed3_densenet121_matched,nih,all,3,densenet121,matched,all_readers,Atelectasis,15000,18,0.8086147821830642,0.0037540814430870734,0.006935437301810937,0.03304116901954015
nih_nall_seed3_densenet121_matched,nih,all,3,densenet121,matched,all_readers,Consolidation,15000,31,0.8209288443428246,0.12106336318063526,0.0026838105860464783,0.012153258287906647
chexpert_n1000_seed1_resnet34_convergence,chexpert,1000,1,resnet34,convergence,any_reader,Cardiomegaly,15000,2316,0.7672044193410816,0.41589543591602934,0.14620957547377172,0.12367730453014374
chexpert_n1000_seed1_resnet34_convergence,chexpert,1000,1,resnet34,convergence,any_reader,Pleural_Effusion,15000,1038,0.7630723662547861,0.22911598981876505,0.21943108919112922,0.2489500807483991
chexpert_n1000_seed1_resnet34_convergence,chexpert,1000,1,resnet34,convergence,any_reader,Atelectasis,15000,187,0.6333878573922096,0.022854699820507293,0.554996648116218,0.6363536084095637
chexpert_n1000_seed1_resnet34_convergence,chexpert,1000,1,resnet34,convergence,any_reader,Consolidation,15000,353,0.7083797917797705,0.05189560435543601,0.17209734526927423,0.21205340442657472
chexpert_n1000_seed1_resnet34_convergence,chexpert,1000,1,resnet34,convergence,majority,Cardiomegaly,15000,1817,0.778184187695908,0.3646217253715464,0.1381864693597021,0.12841063786347706
chexpert_n1000_seed1_resnet34_convergence,chexpert,1000,1,resnet34,convergence,majority,Pleural_Effusion,15000,634,0.8241371583185149,0.2120093238870769,0.21858071159173093,0.2645849534312884
chexpert_n1000_seed1_resnet34_convergence,chexpert,1000,1,resnet34,convergence,majority,Atelectasis,15000,62,0.645703855505984,0.0073639442795611736,0.5600646562847563,0.644686941742897
chexpert_n1000_seed1_resnet34_convergence,chexpert,1000,1,resnet34,convergence,majority,Consolidation,15000,121,0.7424466453635081,0.02074793752037745,0.17114052389120213,0.22617358125050863
chexpert_n1000_seed1_resnet34_convergence,chexpert,1000,1,resnet34,convergence,all_readers,Cardiomegaly,15000,1297,0.7885569857879947,0.2815201499618468,0.13354766551207128,0.14111478825410206
chexpert_n1000_seed1_resnet34_convergence,chexpert,1000,1,resnet34,convergence,all_readers,Pleural_Effusion,15000,439,0.8635530457916496,0.19681810926851778,0.2211327610298896,0.2775849534312884
chexpert_n1000_seed1_resnet34_convergence,chexpert,1000,1,resnet34,convergence,all_readers,Atelectasis,15000,18,0.6545484210682448,0.003146523340653854,0.5619993242535063,0.6476202750762303
chexpert_n1000_seed1_resnet34_convergence,chexpert,1000,1,resnet34,convergence,all_readers,Consolidation,15000,31,0.7259443710550191,0.004640313528662626,0.17193772253647596,0.23217358125050863
nih_n1000_seed1_resnet34_convergence,nih,1000,1,resnet34,convergence,any_reader,Cardiomegaly,15000,2316,0.6916720587970974,0.2713631272142182,0.14989557973206447,0.14405639937321346
nih_n1000_seed1_resnet34_convergence,nih,1000,1,resnet34,convergence,any_reader,Pleural_Effusion,15000,1038,0.695912784466729,0.21526772854687304,0.08727210273374068,0.08816648848851522
nih_n1000_seed1_resnet34_convergence,nih,1000,1,resnet34,convergence,any_reader,Atelectasis,15000,187,0.5909843608248427,0.01752584156465544,0.02652134739253989,0.03279560215473175
nih_n1000_seed1_resnet34_convergence,nih,1000,1,resnet34,convergence,any_reader,Consolidation,15000,353,0.6584840488852778,0.039604694034848405,0.02362521013343028,0.023009381103515626
nih_n1000_seed1_resnet34_convergence,nih,1000,1,resnet34,convergence,majority,Cardiomegaly,15000,1817,0.6991071580278981,0.22580684486201347,0.11952767930488198,0.11380246057113012
nih_n1000_seed1_resnet34_convergence,nih,1000,1,resnet34,convergence,majority,Pleural_Effusion,15000,634,0.7643472627053624,0.2134515125414258,0.06674399657675571,0.06994515059789022
nih_n1000_seed1_resnet34_convergence,nih,1000,1,resnet34,convergence,majority,Atelectasis,15000,62,0.5799006862774737,0.005549041424476414,0.019084796115697137,0.02646226882139842
nih_n1000_seed1_resnet34_convergence,nih,1000,1,resnet34,convergence,majority,Consolidation,15000,121,0.6273343260982948,0.011958617366548989,0.00825872836037171,0.007809381103515625
nih_n1000_seed1_resnet34_convergence,nih,1000,1,resnet34,convergence,all_readers,Cardiomegaly,15000,1297,0.7057544872946517,0.1694861139603398,0.08883442239424,0.08433579390446345
nih_n1000_seed1_resnet34_convergence,nih,1000,1,resnet34,convergence,all_readers,Pleural_Effusion,15000,439,0.8128807425332968,0.2092100910579528,0.05909748882084039,0.06441181726455689
nih_n1000_seed1_resnet34_convergence,nih,1000,1,resnet34,convergence,all_readers,Atelectasis,15000,18,0.5034226256693217,0.0016381891307361294,0.016314588758290522,0.027269575254122415
nih_n1000_seed1_resnet34_convergence,nih,1000,1,resnet34,convergence,all_readers,Consolidation,15000,31,0.6013061402166628,0.0029241874441779535,0.0023116660825778243,0.0019249735514322917
chexpert_n10000_seed1_resnet34_convergence,chexpert,10000,1,resnet34,convergence,any_reader,Cardiomegaly,15000,2316,0.8379828884281068,0.506340728453916,0.1083578844967531,0.09075336303710937
chexpert_n10000_seed1_resnet34_convergence,chexpert,10000,1,resnet34,convergence,any_reader,Pleural_Effusion,15000,1038,0.8926752465196616,0.5987072625426046,0.12697142796559008,0.2348230806986491
chexpert_n10000_seed1_resnet34_convergence,chexpert,10000,1,resnet34,convergence,any_reader,Atelectasis,15000,187,0.7986694011727666,0.054750438151223504,0.6163278588851293,0.7717840494791667
chexpert_n10000_seed1_resnet34_convergence,chexpert,10000,1,resnet34,convergence,any_reader,Consolidation,15000,353,0.8869375642963947,0.22908713186428423,0.04306427793697138,0.074925865650177
chexpert_n10000_seed1_resnet34_convergence,chexpert,10000,1,resnet34,convergence,majority,Cardiomegaly,15000,1817,0.8547509381818807,0.4592316322102349,0.10066880165170101,0.12402002970377604
chexpert_n10000_seed1_resnet34_convergence,chexpert,10000,1,resnet34,convergence,majority,Pleural_Effusion,15000,634,0.951044977384826,0.6585752489942704,0.13138428807301195,0.2617564140319824
chexpert_n10000_seed1_resnet34_convergence,chexpert,10000,1,resnet34,convergence,majority,Atelectasis,15000,62,0.7800402955873524,0.019433835252204497,0.6228705672184627,0.7801173828125
chexpert_n10000_seed1_resnet34_convergence,chexpert,10000,1,resnet34,convergence,majority,Consolidation,15000,121,0.9097891031733115,0.11541199165600832,0.042557572716431014,0.09039253231684367
chexpert_n10000_seed1_resnet34_convergence,chexpert,10000,1,resnet34,convergence,all_readers,Cardiomegaly,15000,1297,0.8637911175571693,0.38321373721493285,0.09703474403451352,0.15868669637044272
chexpert_n10000_seed1_resnet34_convergence,chexpert,10000,1,resnet34,convergence,all_readers,Pleural_Effusion,15000,439,0.9690770693832356,0.649611461932906,0.13819415135426194,0.2747564140319824
chexpert_n10000_seed1_resnet34_convergence,chexpert,10000,1,resnet34,convergence,all_readers,Atelectasis,15000,18,0.8043745086696629,0.008944625389626962,0.6250948510726293,0.7830507161458333
chexpert_n10000_seed1_resnet34_convergence,chexpert,10000,1,resnet34,convergence,all_readers,Consolidation,15000,31,0.8986313650361284,0.05340841723448846,0.043544805178996115,0.09639253231684367
nih_n10000_seed1_resnet34_convergence,nih,10000,1,resnet34,convergence,any_reader,Cardiomegaly,15000,2316,0.7026293512177773,0.28266918359457394,0.13620035407418501,0.10766703828175862
nih_n10000_seed1_resnet34_convergence,nih,10000,1,resnet34,convergence,any_reader,Pleural_Effusion,15000,1038,0.8607541002429109,0.5486127751533203,0.044868617254159984,0.02382227857907613
nih_n10000_seed1_resnet34_convergence,nih,10000,1,resnet34,convergence,any_reader,Atelectasis,15000,187,0.6219771547683041,0.016861741718095014,0.05402172817332789,0.13868356243769328
nih_n10000_seed1_resnet34_convergence,nih,10000,1,resnet34,convergence,any_reader,Consolidation,15000,353,0.7686165320959286,0.10086322993551956,0.02220219597127519,0.010526787948608398
nih_n10000_seed1_resnet34_convergence,nih,10000,1,resnet34,convergence,majority,Cardiomegaly,15000,1817,0.7236456901871295,0.25506869674660726,0.10648325176909063,0.0759093885421753
nih_n10000_seed1_resnet34_convergence,nih,10000,1,resnet34,convergence,majority,Pleural_Effusion,15000,634,0.9207513709859109,0.6165968103071442,0.027649268092376136,0.04622227857907613
nih_n10000_seed1_resnet34_convergence,nih,10000,1,resnet34,convergence,majority,Atelectasis,15000,62,0.5867451055761664,0.005238215724466278,0.049114574853015396,0.1470168957710266
nih_n10000_seed1_resnet34_convergence,nih,10000,1,resnet34,convergence,majority,Consolidation,15000,121,0.7708401491035954,0.04401139385836764,0.00868119224813066,0.02440011151631673
nih_n10000_seed1_resnet34_convergence,nih,10000,1,resnet34,convergence,all_readers,Cardiomegaly,15000,1297,0.7438799285942203,0.213297941823951,0.07678597648019089,0.044946693229675296
nih_n10000_seed1_resnet34_convergence,nih,10000,1,resnet34,convergence,all_readers,Pleural_Effusion,15000,439,0.950080479903959,0.6161828802784493,0.022289403793873532,0.056081621026992795
nih_n10000_seed1_resnet34_convergence,nih,10000,1,resnet34,convergence,all_readers,Atelectasis,15000,18,0.5846645604354855,0.0014135318401033723,0.04726795823517685,0.14995022910435996
nih_n10000_seed1_resnet34_convergence,nih,10000,1,resnet34,convergence,all_readers,Consolidation,15000,31,0.8040304801967076,0.02028593494638521,0.0034273419470238877,0.030400111516316733
chexpert_nall_seed1_resnet34_convergence,chexpert,all,1,resnet34,convergence,any_reader,Cardiomegaly,15000,2316,0.8851037256625648,0.6123834443988292,0.11917976548568113,0.15804819183349608
chexpert_nall_seed1_resnet34_convergence,chexpert,all,1,resnet34,convergence,any_reader,Pleural_Effusion,15000,1038,0.9091439770872716,0.6847613419400298,0.08360042470632288,0.14929626337687174
chexpert_nall_seed1_resnet34_convergence,chexpert,all,1,resnet34,convergence,any_reader,Atelectasis,15000,187,0.7970849423706811,0.057301366405597874,0.647325910071532,0.7817983072916667
chexpert_nall_seed1_resnet34_convergence,chexpert,all,1,resnet34,convergence,any_reader,Consolidation,15000,353,0.9319771947614793,0.3815075127902148,0.052000117536478756,0.10423974472681681
chexpert_nall_seed1_resnet34_convergence,chexpert,all,1,resnet34,convergence,majority,Cardiomegaly,15000,1817,0.9029878960124049,0.5802115404657405,0.12037159084375404,0.19131485850016275
chexpert_nall_seed1_resnet34_convergence,chexpert,all,1,resnet34,convergence,majority,Pleural_Effusion,15000,634,0.9647090527889413,0.7482578603607446,0.08651436767914189,0.17622959671020508
chexpert_nall_seed1_resnet34_convergence,chexpert,all,1,resnet34,convergence,majority,Atelectasis,15000,62,0.831481953364228,0.021244980249567665,0.6541867499152819,0.790131640625
chexpert_nall_seed1_resnet34_convergence,chexpert,all,1,resnet34,convergence,majority,Consolidation,15000,121,0.9506201263192507,0.21949976402119709,0.056949257958028236,0.11970641139348348
chexpert_nall_seed1_resnet34_convergence,chexpert,all,1,resnet34,convergence,all_readers,Cardiomegaly,15000,1297,0.9151988283663494,0.5078610040376819,0.1289532925039103,0.22598152516682943
chexpert_nall_seed1_resnet34_convergence,chexpert,all,1,resnet34,convergence,all_readers,Pleural_Effusion,15000,439,0.982502953954294,0.7298506073494668,0.09358430989919397,0.1892295967102051
chexpert_nall_seed1_resnet34_convergence,chexpert,all,1,resnet34,convergence,all_readers,Atelectasis,15000,18,0.8109527729571783,0.0052467735030037425,0.6567637681444486,0.7930649739583333
chexpert_nall_seed1_resnet34_convergence,chexpert,all,1,resnet34,convergence,all_readers,Consolidation,15000,31,0.9550145569661171,0.06913751094301065,0.060268241926127196,0.12570641139348349
nih_nall_seed1_resnet34_convergence,nih,all,1,resnet34,convergence,any_reader,Cardiomegaly,15000,2316,0.8109617620338463,0.48132082331101655,0.12872311284105956,0.12281823118925095
nih_nall_seed1_resnet34_convergence,nih,all,1,resnet34,convergence,any_reader,Pleural_Effusion,15000,1038,0.8804614589724544,0.613734932361585,0.0406530187976941,0.009985102200508118
nih_nall_seed1_resnet34_convergence,nih,all,1,resnet34,convergence,any_reader,Atelectasis,15000,187,0.7414561425485852,0.028164736085083335,0.01967452482426464,0.04582660314242045
nih_nall_seed1_resnet34_convergence,nih,all,1,resnet34,convergence,any_reader,Consolidation,15000,353,0.9206388839838227,0.30344809424075825,0.02021032099212228,0.007764974848429362
nih_nall_seed1_resnet34_convergence,nih,all,1,resnet34,convergence,majority,Cardiomegaly,15000,1817,0.8446564472323076,0.4860504011371341,0.09740469104012828,0.08955156452258428
nih_nall_seed1_resnet34_convergence,nih,all,1,resnet34,convergence,majority,Pleural_Effusion,15000,634,0.9423831834804487,0.6922519275962292,0.02233138641244019,0.025006499361991882
nih_nall_seed1_resnet34_convergence,nih,all,1,resnet34,convergence,majority,Atelectasis,15000,62,0.7369168908909515,0.00999683484205867,0.013230950300338861,0.05415993647575378
nih_nall_seed1_resnet34_convergence,nih,all,1,resnet34,convergence,majority,Consolidation,15000,121,0.9493562117333265,0.17941394827380155,0.007266930590917855,0.008427521896362304
nih_nall_seed1_resnet34_convergence,nih,all,1,resnet34,convergence,all_readers,Cardiomegaly,15000,1297,0.8702300612211105,0.4616006789771768,0.06705550498526275,0.05488489785591761
nih_nall_seed1_resnet34_convergence,nih,all,1,resnet34,convergence,all_readers,Pleural_Effusion,15000,439,0.9652630931785049,0.6888047429884265,0.01716918904508993,0.03293813998699188
nih_nall_seed1_resnet34_convergence,nih,all,1,resnet34,convergence,all_readers,Atelectasis,15000,18,0.6914760675773892,0.0020395052614306085,0.011034435407760737,0.05709326980908712
nih_nall_seed1_resnet34_convergence,nih,all,1,resnet34,convergence,all_readers,Consolidation,15000,31,0.9573570324908036,0.11835557218745076,0.0025730824260415527,0.013829686609903972
chexpert_n1000_seed2_resnet34_convergence,chexpert,1000,2,resnet34,convergence,any_reader,Cardiomegaly,15000,2316,0.47375671565335464,0.14579304686548092,0.1864188078322919,0.18606767884890238
chexpert_n1000_seed2_resnet34_convergence,chexpert,1000,2,resnet34,convergence,any_reader,Pleural_Effusion,15000,1038,0.8169198380189113,0.3018998535756149,0.283749159778637,0.3159595583836238
chexpert_n1000_seed2_resnet34_convergence,chexpert,1000,2,resnet34,convergence,any_reader,Atelectasis,15000,187,0.6433902725276359,0.01836465562102277,0.800050412834579,0.8409356590310733
chexpert_n1000_seed2_resnet34_convergence,chexpert,1000,2,resnet34,convergence,any_reader,Consolidation,15000,353,0.7054819451759065,0.08781120470929568,0.040944389018290575,0.04560832285086314
chexpert_n1000_seed2_resnet34_convergence,chexpert,1000,2,resnet34,convergence,majority,Cardiomegaly,15000,1817,0.4761470667076739,0.11416319478656066,0.15938935272682822,0.1630676788489024
chexpert_n1000_seed2_resnet34_convergence,chexpert,1000,2,resnet34,convergence,majority,Pleural_Effusion,15000,634,0.880391058716888,0.2805849139224467,0.2920970219984475,0.3341684038559596
chexpert_n1000_seed2_resnet34_convergence,chexpert,1000,2,resnet34,convergence,majority,Atelectasis,15000,62,0.6266984179771011,0.0058783377855998065,0.8079452533293707,0.8492689923644066
chexpert_n1000_seed2_resnet34_convergence,chexpert,1000,2,resnet34,convergence,majority,Consolidation,15000,121,0.7191301845909621,0.03396986218565083,0.03151581231045061,0.040674989517529805
chexpert_n1000_seed2_resnet34_convergence,chexpert,1000,2,resnet34,convergence,all_readers,Cardiomegaly,15000,1297,0.4951417309751744,0.08533992578663922,0.12969018729516982,0.13902728171348572
chexpert_n1000_seed2_resnet34_convergence,chexpert,1000,2,resnet34,convergence,all_readers,Pleural_Effusion,15000,439,0.9136700697826238,0.2454788553758289,0.29949422606377035,0.3471684038559596
chexpert_n1000_seed2_resnet34_convergence,chexpert,1000,2,resnet34,convergence,all_readers,Atelectasis,15000,18,0.5509518830003411,0.0013350383411206066,0.8106618223397873,0.8522023256977399
chexpert_n1000_seed2_resnet34_convergence,chexpert,1000,2,resnet34,convergence,all_readers,Consolidation,15000,31,0.7091796163684518,0.014854467685720664,0.028348402779175174,0.04487027415434519
nih_n1000_seed2_resnet34_convergence,nih,1000,2,resnet34,convergence,any_reader,Cardiomegaly,15000,2316,0.5753257302932612,0.23033609901543506,0.15321929675597484,0.1532528108517329
nih_n1000_seed2_resnet34_convergence,nih,1000,2,resnet34,convergence,any_reader,Pleural_Effusion,15000,1038,0.7482029049948125,0.2979529682166684,0.06314296912979106,0.059777779030799866
nih_n1000_seed2_resnet34_convergence,nih,1000,2,resnet34,convergence,any_reader,Atelectasis,15000,187,0.5964458520500313,0.02602907487525085,0.013568551430018196,0.01361060303846995
nih_n1000_seed2_resnet34_convergence,nih,1000,2,resnet34,convergence,any_reader,Consolidation,15000,353,0.6219613758417885,0.04717822881592472,0.023596886720631784,0.02326803546746572
nih_n1000_seed2_resnet34_convergence,nih,1000,2,resnet34,convergence,majority,Cardiomegaly,15000,1817,0.5926036062103798,0.20246768790288897,0.12003117382385865,0.11998614418506623
nih_n1000_seed2_resnet34_convergence,nih,1000,2,resnet34,convergence,majority,Pleural_Effusion,15000,634,0.8202557541443585,0.31056708938597943,0.03966127540102621,0.0367111123641332
nih_n1000_seed2_resnet34_convergence,nih,1000,2,resnet34,convergence,majority,Atelectasis,15000,62,0.5867310690639589,0.007700295522300171,0.005588565199485867,0.005943936371803284
nih_n1000_seed2_resnet34_convergence,nih,1000,2,resnet34,convergence,majority,Consolidation,15000,121,0.6288945704717781,0.01664646918842331,0.008407769718144604,0.008226637355486552
nih_n1000_seed2_resnet34_convergence,nih,1000,2,resnet34,convergence,all_readers,Cardiomegaly,15000,1297,0.606830604152156,0.16166758901796516,0.08557031937299704,0.08531947751839955
nih_n1000_seed2_resnet34_convergence,nih,1000,2,resnet34,convergence,all_readers,Pleural_Effusion,15000,439,0.8626906772999114,0.2906400776038724,0.030320444709370727,0.027444445697466534
nih_n1000_seed2_resnet34_convergence,nih,1000,2,resnet34,convergence,all_readers,Atelectasis,15000,18,0.6340108129755708,0.002109024381682633,0.0027656266221517812,0.00341060303846995
nih_n1000_seed2_resnet34_convergence,nih,1000,2,resnet34,convergence,all_readers,Consolidation,15000,31,0.6072269787668709,0.003913512032094093,0.0024964695914330764,0.0024933040221532185
chexpert_n10000_seed2_resnet34_convergence,chexpert,10000,2,resnet34,convergence,any_reader,Cardiomegaly,15000,2316,0.7800283965111282,0.41340657578432455,0.25903025391163925,0.34287276713053383
chexpert_n10000_seed2_resnet34_convergence,chexpert,10000,2,resnet34,convergence,any_reader,Pleural_Effusion,15000,1038,0.8767850888414714,0.5443264976232008,0.17626442686711508,0.26483076944351197
chexpert_n10000_seed2_resnet34_convergence,chexpert,10000,2,resnet34,convergence,any_reader,Atelectasis,15000,187,0.7644654518306835,0.04766259692209003,0.8776998494466146,0.9301425130208333
chexpert_n10000_seed2_resnet34_convergence,chexpert,10000,2,resnet34,convergence,any_reader,Consolidation,15000,353,0.895783316967711,0.23036835184695614,0.10674511099156,0.18846791807810465
chexpert_n10000_seed2_resnet34_convergence,chexpert,10000,2,resnet34,convergence,majority,Cardiomegaly,15000,1817,0.7970995567205159,0.38178100718348124,0.2688081632540872,0.3761394337972005
chexpert_n10000_seed2_resnet34_convergence,chexpert,10000,2,resnet34,convergence,majority,Pleural_Effusion,15000,634,0.9346794437971533,0.5762341708808337,0.18401217365259684,0.2917641027768453
chexpert_n10000_seed2_resnet34_convergence,chexpert,10000,2,resnet34,convergence,majority,Atelectasis,15000,62,0.7559746954076851,0.01626215884168341,0.8854477010091146,0.9384758463541667
chexpert_n10000_seed2_resnet34_convergence,chexpert,10000,2,resnet34,convergence,majority,Consolidation,15000,121,0.9161919928192099,0.10859161662898933,0.11316246938999751,0.20393458474477133
chexpert_n10000_seed2_resnet34_convergence,chexpert,10000,2,resnet34,convergence,all_readers,Cardiomegaly,15000,1297,0.8132423883226895,0.32864735023703223,0.2826312915092955,0.4108061004638672
chexpert_n10000_seed2_resnet34_convergence,chexpert,10000,2,resnet34,convergence,all_readers,Pleural_Effusion,15000,439,0.9586135085780831,0.5639734772704571,0.19201973997746663,0.3047641027768453
chexpert_n10000_seed2_resnet34_convergence,chexpert,10000,2,resnet34,convergence,all_readers,Atelectasis,15000,18,0.8184172859282992,0.00661059423262609,0.8881565551757813,0.9414091796875
chexpert_n10000_seed2_resnet34_convergence,chexpert,10000,2,resnet34,convergence,all_readers,Consolidation,15000,31,0.9338062102538796,0.027209739249872023,0.11635082998570064,0.20993458474477134
nih_n10000_seed2_resnet34_convergence,nih,10000,2,resnet34,convergence,any_reader,Cardiomegaly,15000,2316,0.686491052059113,0.2929779350253701,0.1342608937040069,0.09645893323024114
nih_n10000_seed2_resnet34_convergence,nih,10000,2,resnet34,convergence,any_reader,Pleural_Effusion,15000,1038,0.7586201840448297,0.37393592710416845,0.06319437512290527,0.05642043296893438
nih_n10000_seed2_resnet34_convergence,nih,10000,2,resnet34,convergence,any_reader,Atelectasis,15000,187,0.773661377796855,0.037355498043582305,0.0136870262805319,0.010389205423990886
nih_n10000_seed2_resnet34_convergence,nih,10000,2,resnet34,convergence,any_reader,Consolidation,15000,353,0.7693686028774226,0.07995348492785524,0.022783668902210563,0.014919515085220337
nih_n10000_seed2_resnet34_convergence,nih,10000,2,resnet34,convergence,majority,Cardiomegaly,15000,1817,0.7205241853689006,0.27043168808566664,0.10788713051628056,0.07256290458440781
nih_n10000_seed2_resnet34_convergence,nih,10000,2,resnet34,convergence,majority,Pleural_Effusion,15000,634,0.8111383190507204,0.41059044961602253,0.04686247559122294,0.05898618817726771
nih_n10000_seed2_resnet34_convergence,nih,10000,2,resnet34,convergence,majority,Atelectasis,15000,62,0.7919373194148718,0.01115672603110865,0.006426896192997312,0.014924718729654948
nih_n10000_seed2_resnet34_convergence,nih,10000,2,resnet34,convergence,majority,Consolidation,15000,121,0.7794825920830235,0.024809834462144638,0.008762464247834851,0.004472640085220337
nih_n10000_seed2_resnet34_convergence,nih,10000,2,resnet34,convergence,all_readers,Cardiomegaly,15000,1297,0.7542686176864398,0.2325648467611168,0.08325517977228744,0.056347670209407806
nih_n10000_seed2_resnet34_convergence,nih,10000,2,resnet34,convergence,all_readers,Pleural_Effusion,15000,439,0.8554532741765495,0.4082858359884231,0.041292205974778035,0.07020774085919063
nih_n10000_seed2_resnet34_convergence,nih,10000,2,resnet34,convergence,all_readers,Atelectasis,15000,18,0.8167671576261885,0.0035265971244171483,0.00378271843827726,0.01785805206298828
nih_n10000_seed2_resnet34_convergence,nih,10000,2,resnet34,convergence,all_readers,Consolidation,15000,31,0.7347270380291312,0.0072575822311507655,0.0031930672751785986,0.010245287974675497
chexpert_nall_seed2_resnet34_convergence,chexpert,all,2,resnet34,convergence,any_reader,Cardiomegaly,15000,2316,0.8769593619911449,0.5863409378521534,0.10922541324843962,0.12192351684570313
chexpert_nall_seed2_resnet34_convergence,chexpert,all,2,resnet34,convergence,any_reader,Pleural_Effusion,15000,1038,0.9216307668571369,0.7077708724298462,0.06215930249867621,0.11166422576904297
chexpert_nall_seed2_resnet34_convergence,chexpert,all,2,resnet34,convergence,any_reader,Atelectasis,15000,187,0.7930234354777979,0.059007785367951086,0.648621451211969,0.7841987874348958
chexpert_nall_seed2_resnet34_convergence,chexpert,all,2,resnet34,convergence,any_reader,Consolidation,15000,353,0.9198185398357688,0.36731891647701453,0.04697387364806406,0.0866006004333496
chexpert_nall_seed2_resnet34_convergence,chexpert,all,2,resnet34,convergence,majority,Cardiomegaly,15000,1817,0.892247341110036,0.5463880474641489,0.10717710595677296,0.1551901835123698
chexpert_nall_seed2_resnet34_convergence,chexpert,all,2,resnet34,convergence,majority,Pleural_Effusion,15000,634,0.9740568337175358,0.7781377041729921,0.0631664766726671,0.1385975591023763
chexpert_nall_seed2_resnet34_convergence,chexpert,all,2,resnet34,convergence,majority,Atelectasis,15000,62,0.8091935915763652,0.019920816454509747,0.6554800124098857,0.7925321207682292
chexpert_nall_seed2_resnet34_convergence,chexpert,all,2,resnet34,convergence,majority,Consolidation,15000,121,0.9463751396249304,0.18211200945593492,0.05130179774067474,0.10206726710001628
chexpert_nall_seed2_resnet34_convergence,chexpert,all,2,resnet34,convergence,all_readers,Cardiomegaly,15000,1297,0.9070964993624243,0.47665660593276304,0.11082978743463755,0.18985685017903645
chexpert_nall_seed2_resnet34_convergence,chexpert,all,2,resnet34,convergence,all_readers,Pleural_Effusion,15000,439,0.9876559674569899,0.7682888633400783,0.0698108126101671,0.1515975591023763
chexpert_nall_seed2_resnet34_convergence,chexpert,all,2,resnet34,convergence,all_readers,Atelectasis,15000,18,0.8212466070395585,0.006379584733997592,0.6579708978265524,0.7954654541015626
chexpert_nall_seed2_resnet34_convergence,chexpert,all,2,resnet34,convergence,all_readers,Consolidation,15000,31,0.9559487456873238,0.04554301032719081,0.054293269094841404,0.10806726710001628
nih_nall_seed2_resnet34_convergence,nih,all,2,resnet34,convergence,any_reader,Cardiomegaly,15000,2316,0.824061949723558,0.4673673740006158,0.12475769313590257,0.11090203100442886
nih_nall_seed2_resnet34_convergence,nih,all,2,resnet34,convergence,any_reader,Pleural_Effusion,15000,1038,0.885117987468877,0.6169084290722656,0.04095809402365568,0.012079265757401784
nih_nall_seed2_resnet34_convergence,nih,all,2,resnet34,convergence,any_reader,Atelectasis,15000,187,0.7335935951619313,0.02711715433196127,0.01865072492441294,0.039120202763875324
nih_nall_seed2_resnet34_convergence,nih,all,2,resnet34,convergence,any_reader,Consolidation,15000,353,0.9102630729474811,0.2908707334947329,0.020593239952308724,0.009349331331253052
nih_nall_seed2_resnet34_convergence,nih,all,2,resnet34,convergence,majority,Cardiomegaly,15000,1817,0.8546501805100722,0.46331311352502713,0.0945222030045244,0.07763536433776219
nih_nall_seed2_resnet34_convergence,nih,all,2,resnet34,convergence,majority,Pleural_Effusion,15000,634,0.9385966954046335,0.6795335462504314,0.022805133055638097,0.024346661976973216
nih_nall_seed2_resnet34_convergence,nih,all,2,resnet34,convergence,majority,Atelectasis,15000,62,0.7352805574870757,0.009394601909595068,0.011997876871434422,0.04745353609720866
nih_nall_seed2_resnet34_convergence,nih,all,2,resnet34,convergence,majority,Consolidation,15000,121,0.9408681824013989,0.176895450767426,0.00727674494701901,0.006889210335413615
nih_nall_seed2_resnet34_convergence,nih,all,2,resnet34,convergence,all_readers,Cardiomegaly,15000,1297,0.8802893704202114,0.4349073023821969,0.06544662577724981,0.04296869767109553
nih_nall_seed2_resnet34_convergence,nih,all,2,resnet34,convergence,all_readers,Pleural_Effusion,15000,439,0.9655282568235837,0.6716208061152098,0.017134353128066483,0.032235822133223214
nih_nall_seed2_resnet34_convergence,nih,all,2,resnet34,convergence,all_readers,Atelectasis,15000,18,0.6832606535249707,0.0021932024974127516,0.009697545755711766,0.05038686943054199
nih_nall_seed2_resnet34_convergence,nih,all,2,resnet34,convergence,all_readers,Consolidation,15000,31,0.9349893004682795,0.12110908499466498,0.002339916842364062,0.012191196012496948
chexpert_n1000_seed3_resnet34_convergence,chexpert,1000,3,resnet34,convergence,any_reader,Cardiomegaly,15000,2316,0.7436997006822951,0.3603846083217291,0.18088527528862694,0.16551511888106665
chexpert_n1000_seed3_resnet34_convergence,chexpert,1000,3,resnet34,convergence,any_reader,Pleural_Effusion,15000,1038,0.7308423717665814,0.22135561940910217,0.30124285788694544,0.3472134694377581
chexpert_n1000_seed3_resnet34_convergence,chexpert,1000,3,resnet34,convergence,any_reader,Atelectasis,15000,187,0.49995036156635075,0.012270124662559901,0.7318888075956693,0.7976647344152132
chexpert_n1000_seed3_resnet34_convergence,chexpert,1000,3,resnet34,convergence,any_reader,Consolidation,15000,353,0.7243380626339478,0.0994346392228018,0.19341935465185273,0.248997771636645
chexpert_n1000_seed3_resnet34_convergence,chexpert,1000,3,resnet34,convergence,majority,Cardiomegaly,15000,1817,0.7604467670731025,0.3149530384399155,0.1732645858250115,0.16811075690189997
chexpert_n1000_seed3_resnet34_convergence,chexpert,1000,3,resnet34,convergence,majority,Pleural_Effusion,15000,634,0.8110631108062281,0.21961615118768635,0.3021895911868366,0.35774680277109144
chexpert_n1000_seed3_resnet34_convergence,chexpert,1000,3,resnet34,convergence,majority,Atelectasis,15000,62,0.4828392840946882,0.003980044916732137,0.7372621632068347,0.8059980677485467
chexpert_n1000_seed3_resnet34_convergence,chexpert,1000,3,resnet34,convergence,majority,Consolidation,15000,121,0.7701663945913009,0.04207444862497373,0.19487619081982402,0.2644644383033117
chexpert_n1000_seed3_resnet34_convergence,chexpert,1000,3,resnet34,convergence,all_readers,Cardiomegaly,15000,1297,0.7780958545002864,0.25401168404305813,0.16955067964812653,0.1794440902352333
chexpert_n1000_seed3_resnet34_convergence,chexpert,1000,3,resnet34,convergence,all_readers,Pleural_Effusion,15000,439,0.8643893672350659,0.21430643769336985,0.3059539417839003,0.3706144602497419
chexpert_n1000_seed3_resnet34_convergence,chexpert,1000,3,resnet34,convergence,all_readers,Atelectasis,15000,18,0.46310016464201487,0.001098720943611283,0.7390937834867826,0.8089314010818799
chexpert_n1000_seed3_resnet34_convergence,chexpert,1000,3,resnet34,convergence,all_readers,Consolidation,15000,31,0.7884401957594082,0.011809212826868918,0.19654464953589865,0.2704644383033117
nih_n1000_seed3_resnet34_convergence,nih,1000,3,resnet34,convergence,any_reader,Cardiomegaly,15000,2316,0.6034742170381517,0.22569403915545994,0.15255961984596478,0.15139870585600534
nih_n1000_seed3_resnet34_convergence,nih,1000,3,resnet34,convergence,any_reader,Pleural_Effusion,15000,1038,0.6688036258062415,0.16948598897756062,0.09500741605671716,0.09270289948781331
nih_n1000_seed3_resnet34_convergence,nih,1000,3,resnet34,convergence,any_reader,Atelectasis,15000,187,0.5906435704149159,0.01734856442227542,0.0514390187948117,0.06273443235556285
nih_n1000_seed3_resnet34_convergence,nih,1000,3,resnet34,convergence,any_reader,Consolidation,15000,353,0.6804104370443164,0.05070069261514969,0.023832134338973597,0.023057421875
nih_n1000_seed3_resnet34_convergence,nih,1000,3,resnet34,convergence,majority,Cardiomegaly,15000,1817,0.6152534173382765,0.19274720797536077,0.11956743022403944,0.11813203918933868
nih_n1000_seed3_resnet34_convergence,nih,1000,3,resnet34,convergence,majority,Pleural_Effusion,15000,634,0.7341036121476796,0.1523592328884309,0.07549905156207554,0.07897237377166748
nih_n1000_seed3_resnet34_convergence,nih,1000,3,resnet34,convergence,majority,Atelectasis,15000,62,0.6325008961773179,0.006210062391695479,0.04506633515846424,0.05826776568889618
nih_n1000_seed3_resnet34_convergence,nih,1000,3,resnet34,convergence,majority,Consolidation,15000,121,0.6634662864462032,0.021885578107036546,0.00855489105061555,0.008237589518229166
nih_n1000_seed3_resnet34_convergence,nih,1000,3,resnet34,convergence,all_readers,Cardiomegaly,15000,1297,0.6339317780758238,0.1516783762114674,0.08563372183443932,0.08417613098621368
nih_n1000_seed3_resnet34_convergence,nih,1000,3,resnet34,convergence,all_readers,Pleural_Effusion,15000,439,0.7827267864872606,0.14423231334604397,0.06722618468515548,0.07477237377166748
nih_n1000_seed3_resnet34_convergence,nih,1000,3,resnet34,convergence,all_readers,Atelectasis,15000,18,0.5936420000296652,0.0015667903094337137,0.04274948836656107,0.06058353639443716
nih_n1000_seed3_resnet34_convergence,nih,1000,3,resnet34,convergence,all_readers,Consolidation,15000,31,0.6221018060981943,0.004827314305934042,0.0027826301621979867,0.0026175374348958334
chexpert_n10000_seed3_resnet34_convergence,chexpert,10000,3,resnet34,convergence,any_reader,Cardiomegaly,15000,2316,0.7713580448135058,0.3891231361255857,0.16083850138789277,0.180329807027181
chexpert_n10000_seed3_resnet34_convergence,chexpert,10000,3,resnet34,convergence,any_reader,Pleural_Effusion,15000,1038,0.8611525806765901,0.5560379918746723,0.08411862865553867,0.11388305238087972
chexpert_n10000_seed3_resnet34_convergence,chexpert,10000,3,resnet34,convergence,any_reader,Atelectasis,15000,187,0.6718296654441773,0.027382305928873665,0.7549896121819814,0.85779130859375
chexpert_n10000_seed3_resnet34_convergence,chexpert,10000,3,resnet34,convergence,any_reader,Consolidation,15000,353,0.8746851060200282,0.20628069821123038,0.03714016608802194,0.0644863161722819
chexpert_n10000_seed3_resnet34_convergence,chexpert,10000,3,resnet34,convergence,majority,Cardiomegaly,15000,1817,0.7985748936763384,0.3592300550655617,0.15577745911087454,0.21359647369384765
chexpert_n10000_seed3_resnet34_convergence,chexpert,10000,3,resnet34,convergence,majority,Pleural_Effusion,15000,634,0.9318207619550367,0.6280834111497181,0.07953164440260899,0.14081638571421307
chexpert_n10000_seed3_resnet34_convergence,chexpert,10000,3,resnet34,convergence,majority,Atelectasis,15000,62,0.6771019137164798,0.007742926842457112,0.7618710900465647,0.8661246419270834
chexpert_n10000_seed3_resnet34_convergence,chexpert,10000,3,resnet34,convergence,majority,Consolidation,15000,121,0.9065255873967358,0.08730750369715681,0.03436927884030059,0.07995298283894857
chexpert_n10000_seed3_resnet34_convergence,chexpert,10000,3,resnet34,convergence,all_readers,Cardiomegaly,15000,1297,0.8209165909844999,0.3121297008488041,0.15587365458613495,0.24826314036051433
chexpert_n10000_seed3_resnet34_convergence,chexpert,10000,3,resnet34,convergence,all_readers,Pleural_Effusion,15000,439,0.9603548280667974,0.6386419793279148,0.08300561901198399,0.15381638571421305
chexpert_n10000_seed3_resnet34_convergence,chexpert,10000,3,resnet34,convergence,all_readers,Atelectasis,15000,18,0.6194526023821177,0.002163336801512745,0.7643740197340647,0.8690579752604166
chexpert_n10000_seed3_resnet34_convergence,chexpert,10000,3,resnet34,convergence,all_readers,Consolidation,15000,31,0.9337049256635757,0.024435360727910745,0.034314245474415174,0.08595298283894857
nih_n10000_seed3_resnet34_convergence,nih,10000,3,resnet34,convergence,any_reader,Cardiomegaly,15000,2316,0.7314804148563543,0.3322363735326998,0.13261158794123828,0.10466411587397258
nih_n10000_seed3_resnet34_convergence,nih,10000,3,resnet34,convergence,any_reader,Pleural_Effusion,15000,1038,0.8267213871728355,0.4042418382131238,0.06125711730831687,0.06656137701670328
nih_n10000_seed3_resnet34_convergence,nih,10000,3,resnet34,convergence,any_reader,Atelectasis,15000,187,0.5988328289466797,0.01811206873491863,0.03037925913228901,0.09721294670104981
nih_n10000_seed3_resnet34_convergence,nih,10000,3,resnet34,convergence,any_reader,Consolidation,15000,353,0.8067488512957723,0.08319077811828648,0.02222911373249846,0.003088666089375814
nih_n10000_seed3_resnet34_convergence,nih,10000,3,resnet34,convergence,majority,Cardiomegaly,15000,1817,0.7513095470638939,0.3099601128727834,0.1031618959144642,0.07139744920730591
nih_n10000_seed3_resnet34_convergence,nih,10000,3,resnet34,convergence,majority,Pleural_Effusion,15000,634,0.8839788213583509,0.4093619676687831,0.04841138010535463,0.09273494472503663
nih_n10000_seed3_resnet34_convergence,nih,10000,3,resnet34,convergence,majority,Atelectasis,15000,62,0.6241345950358255,0.008526587048593461,0.024258831682744737,0.10554628003438314
nih_n10000_seed3_resnet34_convergence,nih,10000,3,resnet34,convergence,majority,Consolidation,15000,121,0.8117867047627724,0.02898305023052031,0.008850819614253018,0.01855533275604248
nih_n10000_seed3_resnet34_convergence,nih,10000,3,resnet34,convergence,all_readers,Cardiomegaly,15000,1297,0.7704996924793636,0.2671749708235825,0.07367241074600717,0.03673078254063924
nih_n10000_seed3_resnet34_convergence,nih,10000,3,resnet34,convergence,all_readers,Pleural_Effusion,15000,439,0.9205189573233584,0.38826555232129584,0.04459864206824526,0.10573494472503663
nih_n10000_seed3_resnet34_convergence,nih,10000,3,resnet34,convergence,all_readers,Atelectasis,15000,18,0.5749899879855827,0.0013800373375345044,0.022207785947067654,0.10847961336771647
nih_n10000_seed3_resnet34_convergence,nih,10000,3,resnet34,convergence,all_readers,Consolidation,15000,31,0.835175491715136,0.009006172891605393,0.0036452811824496316,0.02455533275604248
chexpert_nall_seed3_resnet34_convergence,chexpert,all,3,resnet34,convergence,any_reader,Cardiomegaly,15000,2316,0.8736353893145403,0.5996915933038492,0.1190845866774364,0.1552548146565755
chexpert_nall_seed3_resnet34_convergence,chexpert,all,3,resnet34,convergence,any_reader,Pleural_Effusion,15000,1038,0.919967671679171,0.6790894357533331,0.08532548230192018,0.15552647768656414
chexpert_nall_seed3_resnet34_convergence,chexpert,all,3,resnet34,convergence,any_reader,Atelectasis,15000,187,0.7939871431041747,0.046730967760206285,0.6638972507009904,0.7951626708984375
chexpert_nall_seed3_resnet34_convergence,chexpert,all,3,resnet34,convergence,any_reader,Consolidation,15000,353,0.9210817905260937,0.37377615311574375,0.06560519771658897,0.1398095106760661
chexpert_nall_seed3_resnet34_convergence,chexpert,all,3,resnet34,convergence,majority,Cardiomegaly,15000,1817,0.8888684418747632,0.568621761249269,0.11929230559019682,0.18852148132324217
chexpert_nall_seed3_resnet34_convergence,chexpert,all,3,resnet34,convergence,majority,Pleural_Effusion,15000,634,0.9688822869103398,0.7161068432876379,0.08994345206917279,0.18245981101989747
chexpert_nall_seed3_resnet34_convergence,chexpert,all,3,resnet34,convergence,majority,Atelectasis,15000,62,0.8057265730611258,0.015234861589284813,0.6708488457530737,0.8034960042317708
chexpert_nall_seed3_resnet34_convergence,chexpert,all,3,resnet34,convergence,majority,Consolidation,15000,121,0.9510866999304028,0.19436242916695873,0.07098283748709679,0.15527617734273275
chexpert_nall_seed3_resnet34_convergence,chexpert,all,3,resnet34,convergence,all_readers,Cardiomegaly,15000,1297,0.90456386394236,0.511675570302061,0.12391345630634265,0.22318814798990885
chexpert_nall_seed3_resnet34_convergence,chexpert,all,3,resnet34,convergence,all_readers,Pleural_Effusion,15000,439,0.9822395893545948,0.667234690999167,0.09754408276578737,0.19545981101989746
chexpert_nall_seed3_resnet34_convergence,chexpert,all,3,resnet34,convergence,all_readers,Atelectasis,15000,18,0.8070314006437354,0.004767282148862795,0.6733653822114071,0.8064293375651042
chexpert_nall_seed3_resnet34_convergence,chexpert,all,3,resnet34,convergence,all_readers,Consolidation,15000,31,0.9553345731716515,0.052095744742004485,0.07447355607433638,0.16127617734273275
nih_nall_seed3_resnet34_convergence,nih,all,3,resnet34,convergence,any_reader,Cardiomegaly,15000,2316,0.8184316158036262,0.46753440904960086,0.13743546036953666,0.13518589773575465
nih_nall_seed3_resnet34_convergence,nih,all,3,resnet34,convergence,any_reader,Pleural_Effusion,15000,1038,0.8961297096247205,0.6287567650103277,0.041044791229815664,0.015541999117533366
nih_nall_seed3_resnet34_convergence,nih,all,3,resnet34,convergence,any_reader,Atelectasis,15000,187,0.6837813367431629,0.02276012641085379,0.02243570641596974,0.05328841274579366
nih_nall_seed3_resnet34_convergence,nih,all,3,resnet34,convergence,any_reader,Consolidation,15000,353,0.9085119481292615,0.23513918943911752,0.021272953394454664,0.006607597668965658
nih_nall_seed3_resnet34_convergence,nih,all,3,resnet34,convergence,majority,Cardiomegaly,15000,1817,0.8510146174395895,0.4653526436835753,0.10541560226355931,0.10196005138158798
nih_nall_seed3_resnet34_convergence,nih,all,3,resnet34,convergence,majority,Pleural_Effusion,15000,634,0.9508180351346568,0.6837555813967331,0.022712556147825105,0.021082292874654133
nih_nall_seed3_resnet34_convergence,nih,all,3,resnet34,convergence,majority,Atelectasis,15000,62,0.6857133139557483,0.007867649370873506,0.015925321538446956,0.061621746079126995
nih_nall_seed3_resnet34_convergence,nih,all,3,resnet34,convergence,majority,Consolidation,15000,121,0.9370261708914722,0.12087481362961666,0.0075724193368374776,0.009889497057596843
nih_nall_seed3_resnet34_convergence,nih,all,3,resnet34,convergence,all_readers,Cardiomegaly,15000,1297,0.8773034859859657,0.4397030677489157,0.07323049829080641,0.06730100190242132
nih_nall_seed3_resnet34_convergence,nih,all,3,resnet34,convergence,all_readers,Pleural_Effusion,15000,439,0.9724262661251175,0.6629734108883479,0.01687545592809854,0.0279385103225708
nih_nall_seed3_resnet34_convergence,nih,all,3,resnet34,convergence,all_readers,Atelectasis,15000,18,0.6471284059389787,0.0018926813897021761,0.013676967453160497,0.06455507941246033
nih_nall_seed3_resnet34_convergence,nih,all,3,resnet34,convergence,all_readers,Consolidation,15000,31,0.93603878122313,0.05022382604253922,0.0024145986988166443,0.01485906899770101
