source,replicate,method,feasible_models,calibration_positive,assessment_positive,tp,fn,tn,fp,sensitivity,specificity,Brier
chexpert,0,source,3,42,69,62.333333333333336,6.666666666666667,1835.3333333333333,95.66666666666667,0.9033816425120773,0.9504574486449163,
chexpert,0,empirical,3,42,69,62.0,7.0,1834.0,97.0,0.8985507246376813,0.949766960124288,
chexpert,0,guarded,3,42,69,68.66666666666667,0.3333333333333333,1214.0,717.0,0.9951690821256038,0.6286897980321077,
chexpert,0,raw,3,42,69,,,,,,,0.09724286924261011
chexpert,0,logistic,3,42,69,,,,,,,0.016374650182655548
chexpert,0,constant,3,42,69,,,,,,,0.033366
chexpert,1,source,3,38,63,55.333333333333336,7.666666666666667,1827.0,110.0,0.8783068783068783,0.9432111512648426,
chexpert,1,empirical,3,38,63,53.666666666666664,9.333333333333334,1861.6666666666667,75.33333333333333,0.851851851851852,0.9611082429874376,
chexpert,1,guarded,3,38,63,62.666666666666664,0.3333333333333333,1206.0,731.0,0.9947089947089948,0.6226122870418173,
chexpert,1,raw,3,38,63,,,,,,,0.1076626287483815
chexpert,1,logistic,3,38,63,,,,,,,0.01669220543987462
chexpert,1,constant,3,38,63,,,,,,,0.030549999999999997
chexpert,2,source,3,52,73,62.666666666666664,10.333333333333334,1840.6666666666667,86.33333333333333,0.8584474885844747,0.955198062618924,
chexpert,2,empirical,3,52,73,63.0,10.0,1833.0,94.0,0.863013698630137,0.9512195121951219,
chexpert,2,guarded,3,52,73,64.66666666666667,8.333333333333334,1822.0,105.0,0.8858447488584474,0.945511157239232,
chexpert,2,raw,3,52,73,,,,,,,0.09440384362397303
chexpert,2,logistic,3,52,73,,,,,,,0.017847763207184862
chexpert,2,constant,3,52,73,,,,,,,0.03540800000000001
chexpert,3,source,3,40,75,70.66666666666667,4.333333333333333,1830.0,95.0,0.9422222222222222,0.9506493506493507,
chexpert,3,empirical,3,40,75,67.33333333333333,7.666666666666667,1850.0,75.0,0.8977777777777778,0.961038961038961,
chexpert,3,guarded,3,40,75,74.66666666666667,0.3333333333333333,1189.6666666666667,735.3333333333334,0.9955555555555556,0.618008658008658,
chexpert,3,raw,3,40,75,,,,,,,0.09710461504537664
chexpert,3,logistic,3,40,75,,,,,,,0.017503614797993918
chexpert,3,constant,3,40,75,,,,,,,0.03610000000000001
chexpert,4,source,3,52,70,62.333333333333336,7.666666666666667,1838.0,92.0,0.8904761904761904,0.9523316062176166,
chexpert,4,empirical,3,52,70,60.666666666666664,9.333333333333334,1849.0,81.0,0.8666666666666667,0.9580310880829016,
chexpert,4,guarded,3,52,70,69.66666666666667,0.3333333333333333,1203.0,727.0,0.9952380952380953,0.6233160621761659,
chexpert,4,raw,3,52,70,,,,,,,0.0982639859762715
chexpert,4,logistic,3,52,70,,,,,,,0.016815946303383865
chexpert,4,constant,3,52,70,,,,,,,0.034064000000000004
chexpert,5,source,3,38,84,75.66666666666667,8.333333333333334,1828.0,88.0,0.9007936507936508,0.954070981210856,
chexpert,5,empirical,3,38,84,75.33333333333333,8.666666666666666,1829.6666666666667,86.33333333333333,0.8968253968253969,0.9549408489909533,
chexpert,5,guarded,3,38,84,77.66666666666667,6.333333333333333,1807.0,109.0,0.9246031746031745,0.9431106471816285,
chexpert,5,raw,3,38,84,,,,,,,0.09589631820818577
chexpert,5,logistic,3,38,84,,,,,,,0.01579538842439089
chexpert,5,constant,3,38,84,,,,,,,0.040251999999999996
chexpert,6,source,3,45,67,60.333333333333336,6.666666666666667,1824.3333333333333,108.66666666666667,0.900497512437811,0.9437834109329195,
chexpert,6,empirical,3,45,67,60.0,7.0,1816.3333333333333,116.66666666666667,0.8955223880597014,0.939644766339024,
chexpert,6,guarded,3,45,67,66.66666666666667,0.3333333333333333,1223.6666666666667,709.3333333333334,0.9950248756218905,0.6330401793412657,
chexpert,6,raw,3,45,67,,,,,,,0.10074422789893016
chexpert,6,logistic,3,45,67,,,,,,,0.01600445351786327
chexpert,6,constant,3,45,67,,,,,,,0.032510000000000004
chexpert,7,source,3,28,68,61.0,7.0,1840.6666666666667,91.33333333333333,0.8970588235294118,0.9527260179434092,
chexpert,7,empirical,3,28,68,60.666666666666664,7.333333333333333,1832.0,100.0,0.8921568627450981,0.94824016563147,
chexpert,7,guarded,0,28,68,,,,,,,
chexpert,7,raw,3,28,68,,,,,,,0.09764232588374222
chexpert,7,logistic,3,28,68,,,,,,,0.016684876522031922
chexpert,7,constant,3,28,68,,,,,,,0.03287999999999999
chexpert,8,source,3,34,71,62.333333333333336,8.666666666666666,1832.0,97.0,0.8779342723004695,0.9497148781752204,
chexpert,8,empirical,3,34,71,64.66666666666667,6.333333333333333,1807.6666666666667,121.33333333333333,0.9107981220657276,0.9371003974425437,
chexpert,8,guarded,3,34,71,70.66666666666667,0.3333333333333333,1180.3333333333333,748.6666666666666,0.9953051643192489,0.611888716087783,
chexpert,8,raw,3,34,71,,,,,,,0.10054472027645744
chexpert,8,logistic,3,34,71,,,,,,,0.01770982314787081
chexpert,8,constant,3,34,71,,,,,,,0.034242
chexpert,9,source,3,53,80,72.66666666666667,7.333333333333333,1811.3333333333333,108.66666666666667,0.9083333333333333,0.9434027777777777,
chexpert,9,empirical,3,53,80,73.66666666666667,6.333333333333333,1811.6666666666667,108.33333333333333,0.9208333333333334,0.9435763888888888,
chexpert,9,guarded,3,53,80,75.33333333333333,4.666666666666667,1764.6666666666667,155.33333333333334,0.9416666666666668,0.9190972222222222,
chexpert,9,raw,3,53,80,,,,,,,0.10237069968556262
chexpert,9,logistic,3,53,80,,,,,,,0.019078307738491795
chexpert,9,constant,3,53,80,,,,,,,0.038568999999999985
chexpert,10,source,3,35,60,55.0,5.0,1824.6666666666667,115.33333333333333,0.9166666666666666,0.940549828178694,
chexpert,10,empirical,3,35,60,55.666666666666664,4.333333333333333,1802.6666666666667,137.33333333333334,0.9277777777777777,0.9292096219931271,
chexpert,10,guarded,3,35,60,59.666666666666664,0.3333333333333333,1222.0,718.0,0.9944444444444445,0.6298969072164948,
chexpert,10,raw,3,35,60,,,,,,,0.10628250017886542
chexpert,10,logistic,3,35,60,,,,,,,0.016513704425046075
chexpert,10,constant,3,35,60,,,,,,,0.029125
chexpert,11,source,3,45,80,77.0,3.0,1821.0,99.0,0.9624999999999999,0.9484375000000002,
chexpert,11,empirical,3,45,80,77.0,3.0,1816.6666666666667,103.33333333333333,0.9625,0.9461805555555557,
chexpert,11,guarded,3,45,80,80.0,0.0,1215.6666666666667,704.3333333333334,1.0,0.6331597222222222,
chexpert,11,raw,3,45,80,,,,,,,0.09655173937334281
chexpert,11,logistic,3,45,80,,,,,,,0.015388997490323597
chexpert,11,constant,3,45,80,,,,,,,0.038425000000000015
chexpert,12,source,3,40,64,54.333333333333336,9.666666666666666,1842.3333333333333,93.66666666666667,0.8489583333333334,0.9516184573002756,
chexpert,12,empirical,3,40,64,53.333333333333336,10.666666666666666,1847.6666666666667,88.33333333333333,0.8333333333333334,0.9543732782369146,
chexpert,12,guarded,3,40,64,57.666666666666664,6.333333333333333,1792.6666666666667,143.33333333333334,0.9010416666666666,0.9259641873278236,
chexpert,12,raw,3,40,64,,,,,,,0.09806455044840544
chexpert,12,logistic,3,40,64,,,,,,,0.017089035700494477
chexpert,12,constant,3,40,64,,,,,,,0.03104000000000001
chexpert,13,source,3,41,53,47.666666666666664,5.333333333333333,1836.3333333333333,110.66666666666667,0.89937106918239,0.9431604177366889,
chexpert,13,empirical,3,41,53,43.0,10.0,1887.6666666666667,59.333333333333336,0.8113207547169812,0.9695257661359356,
chexpert,13,guarded,3,41,53,51.333333333333336,1.6666666666666667,1783.3333333333333,163.66666666666666,0.9685534591194968,0.915939051532272,
chexpert,13,raw,3,41,53,,,,,,,0.11021295646984504
chexpert,13,logistic,3,41,53,,,,,,,0.015658050151247934
chexpert,13,constant,3,41,53,,,,,,,0.026008000000000014
chexpert,14,source,3,39,85,72.0,13.0,1813.0,102.0,0.8470588235294118,0.9467362924281985,
chexpert,14,empirical,3,39,85,72.0,13.0,1798.6666666666667,116.33333333333333,0.8470588235294118,0.9392515230635334,
chexpert,14,guarded,3,39,85,74.33333333333333,10.666666666666666,1781.6666666666667,133.33333333333334,0.8745098039215686,0.9303742384682332,
chexpert,14,raw,3,39,85,,,,,,,0.1010322064120331
chexpert,14,logistic,3,39,85,,,,,,,0.021101020487513084
chexpert,14,constant,3,39,85,,,,,,,0.040706
chexpert,15,source,3,61,66,63.0,3.0,1842.3333333333333,91.66666666666667,0.9545454545454546,0.9526025508445364,
chexpert,15,empirical,3,61,66,63.666666666666664,2.3333333333333335,1826.0,108.0,0.9646464646464646,0.9441571871768356,
chexpert,15,guarded,3,61,66,66.0,0.0,1223.6666666666667,710.3333333333334,1.0,0.6327128576352982,
chexpert,15,raw,3,61,66,,,,,,,0.09392915301951464
chexpert,15,logistic,3,61,66,,,,,,,0.015585205417734506
chexpert,15,constant,3,61,66,,,,,,,0.03269500000000001
chexpert,16,source,3,37,97,87.66666666666667,9.333333333333334,1812.6666666666667,90.33333333333333,0.9037800687285223,0.952531091259415,
chexpert,16,empirical,3,37,97,90.33333333333333,6.666666666666667,1777.3333333333333,125.66666666666667,0.9312714776632302,0.9339639166228761,
chexpert,16,guarded,3,37,97,96.66666666666667,0.3333333333333333,1188.0,715.0,0.9965635738831615,0.6242774566473989,
chexpert,16,raw,3,37,97,,,,,,,0.09647920736904263
chexpert,16,logistic,3,37,97,,,,,,,0.019948201233409842
chexpert,16,constant,3,37,97,,,,,,,0.04627999999999998
chexpert,17,source,3,34,69,58.666666666666664,10.333333333333334,1827.0,104.0,0.8502415458937197,0.9461418953909891,
chexpert,17,empirical,3,34,69,57.666666666666664,11.333333333333334,1835.0,96.0,0.8357487922705312,0.9502848265147592,
chexpert,17,guarded,3,34,69,63.333333333333336,5.666666666666667,1776.0,155.0,0.9178743961352657,0.9197307094769549,
chexpert,17,raw,3,34,69,,,,,,,0.10208414812036394
chexpert,17,logistic,3,34,69,,,,,,,0.019212635055541303
chexpert,17,constant,3,34,69,,,,,,,0.03331
chexpert,18,source,3,51,72,65.33333333333333,6.666666666666667,1832.6666666666667,95.33333333333333,0.9074074074074074,0.9505532503457815,
chexpert,18,empirical,3,51,72,67.0,5.0,1827.6666666666667,100.33333333333333,0.9305555555555555,0.9479598893499309,
chexpert,18,guarded,3,51,72,72.0,0.0,1210.6666666666667,717.3333333333334,1.0,0.627939142461964,
chexpert,18,raw,3,51,72,,,,,,,0.09636314276838535
chexpert,18,logistic,3,51,72,,,,,,,0.015699121123518303
chexpert,18,constant,3,51,72,,,,,,,0.03492899999999999
chexpert,19,source,3,47,78,71.0,7.0,1830.0,92.0,0.9102564102564102,0.9521331945889698,
chexpert,19,empirical,3,47,78,70.66666666666667,7.333333333333333,1830.3333333333333,91.66666666666667,0.905982905982906,0.9523066250433576,
chexpert,19,guarded,3,47,78,72.66666666666667,5.333333333333333,1805.0,117.0,0.9316239316239315,0.9391259105098855,
chexpert,19,raw,3,47,78,,,,,,,0.09461061728700908
chexpert,19,logistic,3,47,78,,,,,,,0.016487541696081135
chexpert,19,constant,3,47,78,,,,,,,0.03754299999999999
chexpert,20,source,3,48,82,73.0,9.0,1833.6666666666667,84.33333333333333,0.8902439024390244,0.9560305874174487,
chexpert,20,empirical,3,48,82,69.0,13.0,1863.3333333333333,54.666666666666664,0.8414634146341463,0.9714980882864096,
chexpert,20,guarded,3,48,82,76.33333333333333,5.666666666666667,1817.6666666666667,100.33333333333333,0.9308943089430893,0.9476885644768857,
chexpert,20,raw,3,48,82,,,,,,,0.09429542947813739
chexpert,20,logistic,3,48,82,,,,,,,0.019252627456330423
chexpert,20,constant,3,48,82,,,,,,,0.03936799999999999
chexpert,21,source,3,44,65,62.333333333333336,2.6666666666666665,1830.6666666666667,104.33333333333333,0.958974358974359,0.9460809646856158,
chexpert,21,empirical,3,44,65,62.333333333333336,2.6666666666666665,1831.3333333333333,103.66666666666667,0.958974358974359,0.9464254952627046,
chexpert,21,guarded,3,44,65,65.0,0.0,1190.6666666666667,744.3333333333334,1.0,0.6153316106804478,
chexpert,21,raw,3,44,65,,,,,,,0.10433933591552151
chexpert,21,logistic,3,44,65,,,,,,,0.014695288054472233
chexpert,21,constant,3,44,65,,,,,,,0.03157600000000001
chexpert,22,source,3,45,58,51.333333333333336,6.666666666666667,1851.0,91.0,0.8850574712643677,0.9531410916580846,
chexpert,22,empirical,3,45,58,47.666666666666664,10.333333333333334,1879.3333333333333,62.666666666666664,0.82183908045977,0.9677308616546515,
chexpert,22,guarded,3,45,58,54.333333333333336,3.6666666666666665,1821.6666666666667,120.33333333333333,0.9367816091954023,0.938036388602815,
chexpert,22,raw,3,45,58,,,,,,,0.09667591880437287
chexpert,22,logistic,3,45,58,,,,,,,0.016835124612674196
chexpert,22,constant,3,45,58,,,,,,,0.028415000000000006
chexpert,23,source,3,41,66,59.0,7.0,1829.6666666666667,104.33333333333333,0.8939393939393939,0.9460530851430541,
chexpert,23,empirical,3,41,66,61.333333333333336,4.666666666666667,1815.3333333333333,118.66666666666667,0.9292929292929294,0.9386418476387454,
chexpert,23,guarded,3,41,66,65.66666666666667,0.3333333333333333,1212.0,722.0,0.9949494949494949,0.6266804550155118,
chexpert,23,raw,3,41,66,,,,,,,0.09985013261368873
chexpert,23,logistic,3,41,66,,,,,,,0.017729802758122203
chexpert,23,constant,3,41,66,,,,,,,0.031975
chexpert,24,source,3,33,62,55.333333333333336,6.666666666666667,1830.6666666666667,107.33333333333333,0.89247311827957,0.9446164430684555,
chexpert,24,empirical,3,33,62,53.333333333333336,8.666666666666666,1851.3333333333333,86.66666666666667,0.860215053763441,0.9552803577571379,
chexpert,24,guarded,3,33,62,56.0,6.0,1831.6666666666667,106.33333333333333,0.903225806451613,0.9451324389404885,
chexpert,24,raw,3,33,62,,,,,,,0.10029504079850808
chexpert,24,logistic,3,33,62,,,,,,,0.015569306369075104
chexpert,24,constant,3,33,62,,,,,,,0.030043
chexpert,25,source,3,38,68,63.333333333333336,4.666666666666667,1844.6666666666667,87.33333333333333,0.931372549019608,0.9547964113181505,
chexpert,25,empirical,3,38,68,66.33333333333333,1.6666666666666667,1829.6666666666667,102.33333333333333,0.9754901960784315,0.9470324361628709,
chexpert,25,guarded,3,38,68,68.0,0.0,1226.6666666666667,705.3333333333334,1.0,0.634920634920635,
chexpert,25,raw,3,38,68,,,,,,,0.09437307923749472
chexpert,25,logistic,3,38,68,,,,,,,0.016730256209299337
chexpert,25,constant,3,38,68,,,,,,,0.03286
chexpert,26,source,3,43,78,67.0,11.0,1824.6666666666667,97.33333333333333,0.858974358974359,0.9493583073187652,
chexpert,26,empirical,3,43,78,58.333333333333336,19.666666666666668,1870.0,52.0,0.7478632478632479,0.9729448491155046,
chexpert,26,guarded,3,43,78,76.33333333333333,1.6666666666666667,1192.6666666666667,729.3333333333334,0.9786324786324787,0.6205341657995144,
chexpert,26,raw,3,43,78,,,,,,,0.09901263742590986
chexpert,26,logistic,3,43,78,,,,,,,0.020811634207080276
chexpert,26,constant,3,43,78,,,,,,,0.037494999999999994
chexpert,27,source,3,42,64,56.333333333333336,7.666666666666667,1832.6666666666667,103.33333333333333,0.8802083333333334,0.9466253443526171,
chexpert,27,empirical,3,42,64,57.0,7.0,1818.6666666666667,117.33333333333333,0.890625,0.9393939393939394,
chexpert,27,guarded,3,42,64,58.666666666666664,5.333333333333333,1782.0,154.0,0.9166666666666666,0.9204545454545454,
chexpert,27,raw,3,42,64,,,,,,,0.10132851621339922
chexpert,27,logistic,3,42,64,,,,,,,0.018310860481409834
chexpert,27,constant,3,42,64,,,,,,,0.031075999999999996
chexpert,28,source,3,47,69,64.33333333333333,4.666666666666667,1836.3333333333333,94.66666666666667,0.9323671497584541,0.9509753150353876,
chexpert,28,empirical,3,47,69,63.0,6.0,1839.6666666666667,91.33333333333333,0.9130434782608696,0.9527015363369583,
chexpert,28,guarded,3,47,69,67.0,2.0,1798.0,133.0,0.9710144927536232,0.9311237700673226,
chexpert,28,raw,3,47,69,,,,,,,0.09618371749175447
chexpert,28,logistic,3,47,69,,,,,,,0.015149099663697914
chexpert,28,constant,3,47,69,,,,,,,0.033466
chexpert,29,source,3,32,76,66.66666666666667,9.333333333333334,1809.6666666666667,114.33333333333333,0.8771929824561404,0.9405751905751906,
chexpert,29,empirical,3,32,76,57.333333333333336,18.666666666666668,1887.3333333333333,36.666666666666664,0.7543859649122807,0.980942480942481,
chexpert,29,guarded,3,32,76,68.0,8.0,1795.0,129.0,0.8947368421052632,0.932952182952183,
chexpert,29,raw,3,32,76,,,,,,,0.10663255521571251
chexpert,29,logistic,3,32,76,,,,,,,0.018581933864133416
chexpert,29,constant,3,32,76,,,,,,,0.036592
chexpert,30,source,3,44,62,56.666666666666664,5.333333333333333,1833.0,105.0,0.913978494623656,0.9458204334365324,
chexpert,30,empirical,3,44,62,58.0,4.0,1825.0,113.0,0.935483870967742,0.9416924664602684,
chexpert,30,guarded,3,44,62,62.0,0.0,1230.3333333333333,707.6666666666666,1.0,0.6348469212246303,
chexpert,30,raw,3,44,62,,,,,,,0.09973909539230198
chexpert,30,logistic,3,44,62,,,,,,,0.015614059827678902
chexpert,30,constant,3,44,62,,,,,,,0.030208000000000002
chexpert,31,source,3,34,80,65.0,15.0,1825.3333333333333,94.66666666666667,0.8125,0.9506944444444444,
chexpert,31,empirical,3,34,80,57.0,23.0,1865.3333333333333,54.666666666666664,0.7125,0.9715277777777779,
chexpert,31,guarded,3,34,80,80.0,0.0,1192.3333333333333,727.6666666666666,1.0,0.6210069444444444,
chexpert,31,raw,3,34,80,,,,,,,0.0933427902733403
chexpert,31,logistic,3,34,80,,,,,,,0.02184112566683689
chexpert,31,constant,3,34,80,,,,,,,0.038436000000000005
chexpert,32,source,3,42,70,63.666666666666664,6.333333333333333,1833.0,97.0,0.9095238095238095,0.949740932642487,
chexpert,32,empirical,3,42,70,62.666666666666664,7.333333333333333,1836.3333333333333,93.66666666666667,0.8952380952380953,0.95146804835924,
chexpert,32,guarded,3,42,70,70.0,0.0,1221.0,709.0,1.0,0.6326424870466322,
chexpert,32,raw,3,42,70,,,,,,,0.09376314501411485
chexpert,32,logistic,3,42,70,,,,,,,0.016366990563963516
chexpert,32,constant,3,42,70,,,,,,,0.033824
chexpert,33,source,3,47,77,68.0,9.0,1827.3333333333333,95.66666666666667,0.883116883116883,0.9502513433870687,
chexpert,33,empirical,3,47,77,70.0,7.0,1824.0,99.0,0.9090909090909091,0.9485179407176286,
chexpert,33,guarded,3,47,77,76.33333333333333,0.6666666666666666,1209.0,714.0,0.9913419913419913,0.6287051482059284,
chexpert,33,raw,3,47,77,,,,,,,0.09737710966001378
chexpert,33,logistic,3,47,77,,,,,,,0.019125323049276995
chexpert,33,constant,3,47,77,,,,,,,0.037090000000000005
chexpert,34,source,3,36,71,65.33333333333333,5.666666666666667,1848.0,81.0,0.92018779342723,0.9580093312597201,
chexpert,34,empirical,3,36,71,68.66666666666667,2.3333333333333335,1808.3333333333333,120.66666666666667,0.9671361502347419,0.9374459996543978,
chexpert,34,guarded,3,36,71,70.66666666666667,0.3333333333333333,1202.0,727.0,0.9953051643192489,0.623120787973043,
chexpert,34,raw,3,36,71,,,,,,,0.09150059291565031
chexpert,34,logistic,3,36,71,,,,,,,0.01536902123979868
chexpert,34,constant,3,36,71,,,,,,,0.034239999999999986
chexpert,35,source,3,38,70,62.0,8.0,1847.0,83.0,0.8857142857142857,0.9569948186528497,
chexpert,35,empirical,3,38,70,65.33333333333333,4.666666666666667,1801.0,129.0,0.9333333333333332,0.9331606217616581,
chexpert,35,guarded,3,38,70,69.33333333333333,0.6666666666666666,1225.3333333333333,704.6666666666666,0.9904761904761905,0.6348877374784111,
chexpert,35,raw,3,38,70,,,,,,,0.09212194639134513
chexpert,35,logistic,3,38,70,,,,,,,0.01487792387321786
chexpert,35,constant,3,38,70,,,,,,,0.033784
chexpert,36,source,3,48,67,62.666666666666664,4.333333333333333,1834.0,99.0,0.9353233830845772,0.9487842731505433,
chexpert,36,empirical,3,48,67,64.0,3.0,1817.3333333333333,115.66666666666667,0.9552238805970149,0.9401620969132609,
chexpert,36,guarded,3,48,67,67.0,0.0,1230.3333333333333,702.6666666666666,1.0,0.6364890498361787,
chexpert,36,raw,3,48,67,,,,,,,0.09750045352669438
chexpert,36,logistic,3,48,67,,,,,,,0.01548052560119907
chexpert,36,constant,3,48,67,,,,,,,0.03258799999999999
chexpert,37,source,3,51,68,60.333333333333336,7.666666666666667,1825.6666666666667,106.33333333333333,0.8872549019607843,0.9449620427881298,
chexpert,37,empirical,3,51,68,59.333333333333336,8.666666666666666,1850.6666666666667,81.33333333333333,0.8725490196078431,0.9579020013802623,
chexpert,37,guarded,3,51,68,67.33333333333333,0.6666666666666666,1191.6666666666667,740.3333333333334,0.9901960784313726,0.6168046928916494,
chexpert,37,raw,3,51,68,,,,,,,0.10330998621985338
chexpert,37,logistic,3,51,68,,,,,,,0.01710230161363877
chexpert,37,constant,3,51,68,,,,,,,0.03313299999999999
chexpert,38,source,3,39,67,62.333333333333336,4.666666666666667,1840.0,93.0,0.9303482587064676,0.9518882565959648,
chexpert,38,empirical,3,39,67,61.0,6.0,1858.6666666666667,74.33333333333333,0.9104477611940299,0.961545093981721,
chexpert,38,guarded,3,39,67,63.0,4.0,1804.0,129.0,0.9402985074626867,0.933264355923435,
chexpert,38,raw,3,39,67,,,,,,,0.09455673047014938
chexpert,38,logistic,3,39,67,,,,,,,0.016110737430137242
chexpert,38,constant,3,39,67,,,,,,,0.032408
chexpert,39,source,3,41,51,43.666666666666664,7.333333333333333,1847.0,102.0,0.8562091503267973,0.947665469471524,
chexpert,39,empirical,3,41,51,44.666666666666664,6.333333333333333,1827.6666666666667,121.33333333333333,0.8758169934640523,0.9377458525739696,
chexpert,39,guarded,3,41,51,50.666666666666664,0.3333333333333333,1194.3333333333333,754.6666666666666,0.9934640522875817,0.6127928852402942,
chexpert,39,raw,3,41,51,,,,,,,0.10293413484883951
chexpert,39,logistic,3,41,51,,,,,,,0.014613841680874174
chexpert,39,constant,3,41,51,,,,,,,0.02509000000000001
chexpert,40,source,3,38,56,52.666666666666664,3.3333333333333335,1851.6666666666667,92.33333333333333,0.9404761904761904,0.9525034293552812,
chexpert,40,empirical,3,38,56,53.0,3.0,1843.6666666666667,100.33333333333333,0.9464285714285715,0.9483882030178327,
chexpert,40,guarded,3,38,56,55.0,1.0,1811.0,133.0,0.9821428571428571,0.9315843621399177,
chexpert,40,raw,3,38,56,,,,,,,0.09699898742348534
chexpert,40,logistic,3,38,56,,,,,,,0.013983585604971835
chexpert,40,constant,3,38,56,,,,,,,0.027316000000000003
chexpert,41,source,3,44,74,68.33333333333333,5.666666666666667,1824.6666666666667,101.33333333333333,0.9234234234234234,0.9473866389754241,
chexpert,41,empirical,3,44,74,68.66666666666667,5.333333333333333,1821.6666666666667,104.33333333333333,0.9279279279279279,0.9458290065766701,
chexpert,41,guarded,3,44,74,73.33333333333333,0.6666666666666666,1217.0,709.0,0.990990990990991,0.6318795430944963,
chexpert,41,raw,3,44,74,,,,,,,0.10052507538290956
chexpert,41,logistic,3,44,74,,,,,,,0.017999363088814776
chexpert,41,constant,3,44,74,,,,,,,0.03568
chexpert,42,source,3,41,72,67.0,5.0,1839.0,89.0,0.9305555555555557,0.953838174273859,
chexpert,42,empirical,3,41,72,66.66666666666667,5.333333333333333,1818.3333333333333,109.66666666666667,0.9259259259259259,0.9431189488243431,
chexpert,42,guarded,3,41,72,72.0,0.0,1236.6666666666667,691.3333333333334,1.0,0.6414246196403873,
chexpert,42,raw,3,41,72,,,,,,,0.095266813873829
chexpert,42,logistic,3,41,72,,,,,,,0.017141473855874837
chexpert,42,constant,3,41,72,,,,,,,0.03472900000000002
chexpert,43,source,3,41,80,73.66666666666667,6.333333333333333,1815.0,105.0,0.9208333333333334,0.9453125,
chexpert,43,empirical,3,41,80,74.66666666666667,5.333333333333333,1801.0,119.0,0.9333333333333332,0.9380208333333333,
chexpert,43,guarded,3,41,80,79.66666666666667,0.3333333333333333,1192.0,728.0,0.9958333333333332,0.6208333333333333,
chexpert,43,raw,3,41,80,,,,,,,0.10292796225815533
chexpert,43,logistic,3,41,80,,,,,,,0.017169690283319976
chexpert,43,constant,3,41,80,,,,,,,0.03840100000000001
chexpert,44,source,3,41,75,67.0,8.0,1827.6666666666667,97.33333333333333,0.8933333333333334,0.9494372294372294,
chexpert,44,empirical,3,41,75,71.66666666666667,3.3333333333333335,1798.3333333333333,126.66666666666667,0.9555555555555556,0.9341991341991344,
chexpert,44,guarded,3,41,75,75.0,0.0,1195.6666666666667,729.3333333333334,1.0,0.6211255411255411,
chexpert,44,raw,3,41,75,,,,,,,0.09370175467357032
chexpert,44,logistic,3,41,75,,,,,,,0.017893583142500166
chexpert,44,constant,3,41,75,,,,,,,0.036106000000000006
chexpert,45,source,3,45,65,60.0,5.0,1840.0,95.0,0.923076923076923,0.9509043927648579,
chexpert,45,empirical,3,45,65,60.0,5.0,1841.6666666666667,93.33333333333333,0.923076923076923,0.9517657192075797,
chexpert,45,guarded,3,45,65,61.0,4.0,1789.3333333333333,145.66666666666666,0.9384615384615383,0.9247200689061154,
chexpert,45,raw,3,45,65,,,,,,,0.09663148150931743
chexpert,45,logistic,3,45,65,,,,,,,0.013572350406631515
chexpert,45,constant,3,45,65,,,,,,,0.03160000000000001
chexpert,46,source,3,44,70,64.33333333333333,5.666666666666667,1836.6666666666667,93.33333333333333,0.919047619047619,0.9516407599309153,
chexpert,46,empirical,3,44,70,63.333333333333336,6.666666666666667,1840.3333333333333,89.66666666666667,0.9047619047619048,0.9535405872193436,
chexpert,46,guarded,3,44,70,69.66666666666667,0.3333333333333333,1215.6666666666667,714.3333333333334,0.9952380952380953,0.6298791018998272,
chexpert,46,raw,3,44,70,,,,,,,0.09488803191367444
chexpert,46,logistic,3,44,70,,,,,,,0.017030355949949574
chexpert,46,constant,3,44,70,,,,,,,0.03385600000000001
chexpert,47,source,3,35,59,51.333333333333336,7.666666666666667,1850.6666666666667,90.33333333333333,0.8700564971751411,0.9534604155933367,
chexpert,47,empirical,3,35,59,54.333333333333336,4.666666666666667,1840.3333333333333,100.66666666666667,0.9209039548022598,0.9481366992958956,
chexpert,47,guarded,3,35,59,58.666666666666664,0.3333333333333333,1235.6666666666667,705.3333333333334,0.9943502824858758,0.6366134295036923,
chexpert,47,raw,3,35,59,,,,,,,0.09313836333929743
chexpert,47,logistic,3,35,59,,,,,,,0.01469168517225935
chexpert,47,constant,3,35,59,,,,,,,0.02866
chexpert,48,source,3,45,63,59.0,4.0,1836.3333333333333,100.66666666666667,0.9365079365079364,0.9480295990363105,
chexpert,48,empirical,3,45,63,59.0,4.0,1832.6666666666667,104.33333333333333,0.9365079365079364,0.9461366374118052,
chexpert,48,guarded,3,45,63,62.333333333333336,0.6666666666666666,1197.0,740.0,0.9894179894179894,0.6179659266907588,
chexpert,48,raw,3,45,63,,,,,,,0.09899195771063073
chexpert,48,logistic,3,45,63,,,,,,,0.014780369127738299
chexpert,48,constant,3,45,63,,,,,,,0.03069000000000001
chexpert,49,source,3,41,67,62.333333333333336,4.666666666666667,1837.3333333333333,95.66666666666667,0.9303482587064676,0.9505087083979996,
chexpert,49,empirical,3,41,67,61.666666666666664,5.333333333333333,1853.6666666666667,79.33333333333333,0.9203980099502488,0.9589584411105362,
chexpert,49,guarded,3,41,67,66.66666666666667,0.3333333333333333,1206.6666666666667,726.3333333333334,0.9950248756218905,0.6242455595792378,
chexpert,49,raw,3,41,67,,,,,,,0.10037889522893696
chexpert,49,logistic,3,41,67,,,,,,,0.015894998112389133
chexpert,49,constant,3,41,67,,,,,,,0.032434000000000004
chexpert,50,source,3,48,72,60.0,12.0,1834.3333333333333,93.66666666666667,0.8333333333333334,0.9514177040110651,
chexpert,50,empirical,3,48,72,63.333333333333336,8.666666666666666,1813.6666666666667,114.33333333333333,0.8796296296296297,0.9406984785615492,
chexpert,50,guarded,3,48,72,71.33333333333333,0.6666666666666666,1218.3333333333333,709.6666666666666,0.9907407407407408,0.6319156293222683,
chexpert,50,raw,3,48,72,,,,,,,0.09533938784023425
chexpert,50,logistic,3,48,72,,,,,,,0.019454450380601975
chexpert,50,constant,3,48,72,,,,,,,0.03484799999999999
chexpert,51,source,3,41,68,63.333333333333336,4.666666666666667,1826.0,106.0,0.9313725490196078,0.9451345755693582,
chexpert,51,empirical,3,41,68,64.0,4.0,1828.0,104.0,0.9411764705882354,0.9461697722567287,
chexpert,51,guarded,3,41,68,68.0,0.0,1227.0,705.0,1.0,0.6350931677018633,
chexpert,51,raw,3,41,68,,,,,,,0.10061490168182308
chexpert,51,logistic,3,41,68,,,,,,,0.016802693357955315
chexpert,51,constant,3,41,68,,,,,,,0.032893000000000006
chexpert,52,source,3,34,67,61.333333333333336,5.666666666666667,1847.0,86.0,0.9154228855721392,0.9555095706156234,
chexpert,52,empirical,3,34,67,62.333333333333336,4.666666666666667,1843.0,90.0,0.9303482587064676,0.9534402483186756,
chexpert,52,guarded,3,34,67,67.0,0.0,1229.0,704.0,1.0,0.6357992757371961,
chexpert,52,raw,3,34,67,,,,,,,0.09082274600068983
chexpert,52,logistic,3,34,67,,,,,,,0.013855590672569565
chexpert,52,constant,3,34,67,,,,,,,0.032378000000000004
chexpert,53,source,3,47,69,58.0,11.0,1840.3333333333333,90.66666666666667,0.8405797101449274,0.9530467805972727,
chexpert,53,empirical,3,47,69,60.0,9.0,1833.0,98.0,0.8695652173913043,0.9492490937338167,
chexpert,53,guarded,3,47,69,64.0,5.0,1798.3333333333333,132.66666666666666,0.927536231884058,0.9312963921974798,
chexpert,53,raw,3,47,69,,,,,,,0.09553715551681392
chexpert,53,logistic,3,47,69,,,,,,,0.016791545537504896
chexpert,53,constant,3,47,69,,,,,,,0.033465999999999996
chexpert,54,source,3,35,68,63.666666666666664,4.333333333333333,1859.0,73.0,0.9362745098039215,0.9622153209109731,
chexpert,54,empirical,3,35,68,63.333333333333336,4.666666666666667,1874.6666666666667,57.333333333333336,0.9313725490196078,0.9703243616287094,
chexpert,54,guarded,3,35,68,68.0,0.0,1243.0,689.0,1.0,0.643374741200828,
chexpert,54,raw,3,35,68,,,,,,,0.08338597739239188
chexpert,54,logistic,3,35,68,,,,,,,0.013246310092988664
chexpert,54,constant,3,35,68,,,,,,,0.032845
chexpert,55,source,3,52,67,62.0,5.0,1829.6666666666667,103.33333333333333,0.9253731343283582,0.9465425073288497,
chexpert,55,empirical,3,52,67,61.0,6.0,1855.6666666666667,77.33333333333333,0.9104477611940299,0.9599931022590101,
chexpert,55,guarded,3,52,67,62.333333333333336,4.666666666666667,1818.6666666666667,114.33333333333333,0.9303482587064676,0.9408518710122435,
chexpert,55,raw,3,52,67,,,,,,,0.100796372867705
chexpert,55,logistic,3,52,67,,,,,,,0.01669097989028084
chexpert,55,constant,3,52,67,,,,,,,0.032720000000000006
chexpert,56,source,3,40,72,66.66666666666667,5.333333333333333,1827.6666666666667,100.33333333333333,0.9259259259259259,0.9479598893499309,
chexpert,56,empirical,3,40,72,66.33333333333333,5.666666666666667,1825.6666666666667,102.33333333333333,0.9212962962962963,0.9469225449515907,
chexpert,56,guarded,3,40,72,67.33333333333333,4.666666666666667,1813.0,115.0,0.9351851851851851,0.9403526970954358,
chexpert,56,raw,3,40,72,,,,,,,0.09833225265918327
chexpert,56,logistic,3,40,72,,,,,,,0.017484491747847632
chexpert,56,constant,3,40,72,,,,,,,0.03472000000000001
chexpert,57,source,3,39,79,69.66666666666667,9.333333333333334,1819.3333333333333,101.66666666666667,0.8818565400843882,0.9470761756029845,
chexpert,57,empirical,3,39,79,70.66666666666667,8.333333333333334,1800.3333333333333,120.66666666666667,0.8945147679324895,0.9371854936664933,
chexpert,57,guarded,3,39,79,78.66666666666667,0.3333333333333333,1229.0,692.0,0.9957805907172995,0.6397709526288391,
chexpert,57,raw,3,39,79,,,,,,,0.09896515219205067
chexpert,57,logistic,3,39,79,,,,,,,0.020447597635848927
chexpert,57,constant,3,39,79,,,,,,,0.037939999999999995
chexpert,58,source,3,54,64,57.666666666666664,6.333333333333333,1845.6666666666667,90.33333333333333,0.9010416666666666,0.9533402203856749,
chexpert,58,empirical,3,54,64,58.333333333333336,5.666666666666667,1849.6666666666667,86.33333333333333,0.9114583333333334,0.9554063360881542,
chexpert,58,guarded,3,54,64,61.333333333333336,2.6666666666666665,1802.0,134.0,0.9583333333333334,0.9307851239669422,
chexpert,58,raw,3,54,64,,,,,,,0.09481448226015173
chexpert,58,logistic,3,54,64,,,,,,,0.016413339570058878
chexpert,58,constant,3,54,64,,,,,,,0.03146
chexpert,59,source,3,48,58,53.0,5.0,1836.0,106.0,0.9137931034482758,0.9454170957775488,
chexpert,59,empirical,3,48,58,53.0,5.0,1837.0,105.0,0.9137931034482758,0.9459320288362513,
chexpert,59,guarded,3,48,58,57.0,1.0,1205.0,737.0,0.9827586206896551,0.6204943357363543,
chexpert,59,raw,3,48,58,,,,,,,0.10346913598316669
chexpert,59,logistic,3,48,58,,,,,,,0.013175409373238496
chexpert,59,constant,3,48,58,,,,,,,0.02852
chexpert,60,source,3,52,81,74.66666666666667,6.333333333333333,1815.0,104.0,0.9218106995884773,0.9458051068264721,
chexpert,60,empirical,3,52,81,74.66666666666667,6.333333333333333,1807.0,112.0,0.9218106995884773,0.9416362688900469,
chexpert,60,guarded,3,52,81,77.33333333333333,3.6666666666666665,1764.6666666666667,154.33333333333334,0.9547325102880659,0.9195761681431301,
chexpert,60,raw,3,52,81,,,,,,,0.10115471327809204
chexpert,60,logistic,3,52,81,,,,,,,0.01893728462888536
chexpert,60,constant,3,52,81,,,,,,,0.03899200000000001
chexpert,61,source,3,43,54,47.333333333333336,6.666666666666667,1849.3333333333333,96.66666666666667,0.8765432098765432,0.9503254539225762,
chexpert,61,empirical,3,43,54,50.666666666666664,3.3333333333333335,1825.3333333333333,120.66666666666667,0.9382716049382717,0.9379924631723192,
chexpert,61,guarded,3,43,54,54.0,0.0,1238.6666666666667,707.3333333333334,1.0,0.6365193559438164,
chexpert,61,raw,3,43,54,,,,,,,0.09602758752150946
chexpert,61,logistic,3,43,54,,,,,,,0.014449487146729332
chexpert,61,constant,3,43,54,,,,,,,0.026526999999999995
chexpert,62,source,3,43,75,69.0,6.0,1828.0,97.0,0.92,0.9496103896103896,
chexpert,62,empirical,3,43,75,68.33333333333333,6.666666666666667,1838.0,87.0,0.9111111111111111,0.9548051948051949,
chexpert,62,guarded,3,43,75,70.66666666666667,4.333333333333333,1782.0,143.0,0.9422222222222222,0.9257142857142857,
chexpert,62,raw,3,43,75,,,,,,,0.100733169055637
chexpert,62,logistic,3,43,75,,,,,,,0.01806570673411645
chexpert,62,constant,3,43,75,,,,,,,0.036123999999999996
chexpert,63,source,3,31,62,53.666666666666664,8.333333333333334,1831.3333333333333,106.66666666666667,0.8655913978494624,0.9449604403164775,
chexpert,63,empirical,3,31,62,54.0,8.0,1847.0,91.0,0.8709677419354839,0.9530443756449949,
chexpert,63,guarded,3,31,62,61.333333333333336,0.6666666666666666,1197.3333333333333,740.6666666666666,0.989247311827957,0.6178190574475404,
chexpert,63,raw,3,31,62,,,,,,,0.1032669825510139
chexpert,63,logistic,3,31,62,,,,,,,0.01719976364455572
chexpert,63,constant,3,31,62,,,,,,,0.030038999999999993
chexpert,64,source,3,40,66,61.666666666666664,4.333333333333333,1836.3333333333333,97.66666666666667,0.9343434343434344,0.9495001723543606,
chexpert,64,empirical,3,40,66,62.666666666666664,3.3333333333333335,1840.6666666666667,93.33333333333333,0.9494949494949495,0.9517407790417098,
chexpert,64,guarded,3,40,66,64.33333333333333,1.6666666666666667,1788.3333333333333,145.66666666666666,0.9747474747474748,0.9246811444329541,
chexpert,64,raw,3,40,66,,,,,,,0.09592775171780889
chexpert,64,logistic,3,40,66,,,,,,,0.013984713796802427
chexpert,64,constant,3,40,66,,,,,,,0.03196000000000001
chexpert,65,source,3,36,77,68.0,9.0,1814.0,109.0,0.883116883116883,0.9433177327093084,
chexpert,65,empirical,3,36,77,70.0,7.0,1796.6666666666667,126.33333333333333,0.9090909090909092,0.9343040388282198,
chexpert,65,guarded,3,36,77,76.33333333333333,0.6666666666666666,1198.3333333333333,724.6666666666666,0.9913419913419913,0.62315825966372,
chexpert,65,raw,3,36,77,,,,,,,0.1039241227073327
chexpert,65,logistic,3,36,77,,,,,,,0.01842009942928759
chexpert,65,constant,3,36,77,,,,,,,0.03702399999999999
chexpert,66,source,3,48,60,54.0,6.0,1836.3333333333333,103.66666666666667,0.8999999999999999,0.9465635738831614,
chexpert,66,empirical,3,48,60,56.333333333333336,3.6666666666666665,1814.6666666666667,125.33333333333333,0.9388888888888888,0.9353951890034363,
chexpert,66,guarded,3,48,60,59.666666666666664,0.3333333333333333,1197.0,743.0,0.9944444444444445,0.6170103092783505,
chexpert,66,raw,3,48,60,,,,,,,0.10401310245839061
chexpert,66,logistic,3,48,60,,,,,,,0.01736866471701112
chexpert,66,constant,3,48,60,,,,,,,0.029423999999999995
chexpert,67,source,3,46,69,63.666666666666664,5.333333333333333,1841.0,90.0,0.9227053140096618,0.9533920248575868,
chexpert,67,empirical,3,46,69,64.33333333333333,4.666666666666667,1825.3333333333333,105.66666666666667,0.9323671497584541,0.9452787847402037,
chexpert,67,guarded,3,46,69,68.66666666666667,0.3333333333333333,1224.0,707.0,0.9951690821256038,0.6338684619368203,
chexpert,67,raw,3,46,69,,,,,,,0.09468201416681617
chexpert,67,logistic,3,46,69,,,,,,,0.01648268870298913
chexpert,67,constant,3,46,69,,,,,,,0.033442
chexpert,68,source,3,35,69,61.333333333333336,7.666666666666667,1845.6666666666667,85.33333333333333,0.8888888888888888,0.955808734679786,
chexpert,68,empirical,3,35,69,61.666666666666664,7.333333333333333,1834.3333333333333,96.66666666666667,0.893719806763285,0.9499395822544451,
chexpert,68,guarded,3,35,69,68.33333333333333,0.6666666666666666,1225.0,706.0,0.9903381642512077,0.6343863283272916,
chexpert,68,raw,3,35,69,,,,,,,0.09273397322103498
chexpert,68,logistic,3,35,69,,,,,,,0.017995284326087404
chexpert,68,constant,3,35,69,,,,,,,0.03331
chexpert,69,source,3,36,72,68.66666666666667,3.3333333333333335,1829.6666666666667,98.33333333333333,0.9537037037037037,0.9489972337482712,
chexpert,69,empirical,3,36,72,66.66666666666667,5.333333333333333,1821.3333333333333,106.66666666666667,0.9259259259259259,0.9446749654218535,
chexpert,69,guarded,3,36,72,69.0,3.0,1804.0,124.0,0.9583333333333334,0.9356846473029045,
chexpert,69,raw,3,36,72,,,,,,,0.09956540932953957
chexpert,69,logistic,3,36,72,,,,,,,0.016260890720678014
chexpert,69,constant,3,36,72,,,,,,,0.034703999999999985
chexpert,70,source,3,48,79,68.33333333333333,10.666666666666666,1819.0,102.0,0.8649789029535864,0.9469026548672567,
chexpert,70,empirical,3,48,79,72.33333333333333,6.666666666666667,1805.6666666666667,115.33333333333333,0.9156118143459916,0.9399618254381399,
chexpert,70,guarded,3,48,79,78.0,1.0,1228.3333333333333,692.6666666666666,0.9873417721518987,0.6394239111573833,
chexpert,70,raw,3,48,79,,,,,,,0.09640089615364451
chexpert,70,logistic,3,48,79,,,,,,,0.020939984560298688
chexpert,70,constant,3,48,79,,,,,,,0.03801199999999999
chexpert,71,source,3,57,74,69.33333333333333,4.666666666666667,1824.3333333333333,101.66666666666667,0.9369369369369368,0.947213568708896,
chexpert,71,empirical,3,57,74,65.33333333333333,8.666666666666666,1855.6666666666667,70.33333333333333,0.8828828828828829,0.9634821737625475,
chexpert,71,guarded,3,57,74,70.33333333333333,3.6666666666666665,1808.6666666666667,117.33333333333333,0.9504504504504504,0.93907926618207,
chexpert,71,raw,3,57,74,,,,,,,0.09801704204208522
chexpert,71,logistic,3,57,74,,,,,,,0.018598659683025237
chexpert,71,constant,3,57,74,,,,,,,0.036030999999999994
chexpert,72,source,3,44,69,63.0,6.0,1834.6666666666667,96.33333333333333,0.9130434782608696,0.9501122043846021,
chexpert,72,empirical,3,44,69,58.0,11.0,1862.0,69.0,0.8405797101449276,0.9642672190574832,
chexpert,72,guarded,3,44,69,69.0,0.0,1215.0,716.0,1.0,0.6292076644225789,
chexpert,72,raw,3,44,69,,,,,,,0.09585851301642612
chexpert,72,logistic,3,44,69,,,,,,,0.017359745862399075
chexpert,72,constant,3,44,69,,,,,,,0.033400000000000006
chexpert,73,source,3,38,67,58.0,9.0,1844.6666666666667,88.33333333333333,0.8656716417910447,0.954302465942404,
chexpert,73,empirical,3,38,67,59.333333333333336,7.666666666666667,1840.3333333333333,92.66666666666667,0.8855721393034827,0.9520607001207105,
chexpert,73,guarded,3,38,67,66.66666666666667,0.3333333333333333,1212.3333333333333,720.6666666666666,0.9950248756218905,0.6271770994999138,
chexpert,73,raw,3,38,67,,,,,,,0.09315953340600813
chexpert,73,logistic,3,38,67,,,,,,,0.017910284117228295
chexpert,73,constant,3,38,67,,,,,,,0.032397999999999996
chexpert,74,source,3,49,70,62.333333333333336,7.666666666666667,1842.3333333333333,87.66666666666667,0.8904761904761904,0.9545768566493956,
chexpert,74,empirical,3,49,70,63.666666666666664,6.333333333333333,1830.6666666666667,99.33333333333333,0.9095238095238095,0.94853195164076,
chexpert,74,guarded,3,49,70,67.0,3.0,1802.0,128.0,0.9571428571428572,0.933678756476684,
chexpert,74,raw,3,49,70,,,,,,,0.09097945419976557
chexpert,74,logistic,3,49,70,,,,,,,0.019208369423481256
chexpert,74,constant,3,49,70,,,,,,,0.03397099999999999
chexpert,75,source,3,49,68,63.0,5.0,1823.3333333333333,108.66666666666667,0.926470588235294,0.9437543133195306,
chexpert,75,empirical,3,49,68,65.0,3.0,1807.6666666666667,124.33333333333333,0.9558823529411766,0.9356452726017944,
chexpert,75,guarded,3,49,68,65.66666666666667,2.3333333333333335,1779.3333333333333,152.66666666666666,0.965686274509804,0.9209799861973775,
chexpert,75,raw,3,49,68,,,,,,,0.09901721836461874
chexpert,75,logistic,3,49,68,,,,,,,0.018538192065099848
chexpert,75,constant,3,49,68,,,,,,,0.033068999999999994
chexpert,76,source,3,46,54,47.333333333333336,6.666666666666667,1855.6666666666667,90.33333333333333,0.8765432098765432,0.9535799931483385,
chexpert,76,empirical,3,46,54,49.333333333333336,4.666666666666667,1844.0,102.0,0.9135802469135802,0.9475847893114079,
chexpert,76,guarded,3,46,54,53.666666666666664,0.3333333333333333,1219.0,727.0,0.9938271604938271,0.6264131551901336,
chexpert,76,raw,3,46,54,,,,,,,0.09870209589131118
chexpert,76,logistic,3,46,54,,,,,,,0.01564407102079528
chexpert,76,constant,3,46,54,,,,,,,0.026632
chexpert,77,source,3,37,52,45.0,7.0,1854.0,94.0,0.8653846153846154,0.9517453798767966,
chexpert,77,empirical,3,37,52,44.666666666666664,7.333333333333333,1864.3333333333333,83.66666666666667,0.858974358974359,0.9570499657768652,
chexpert,77,guarded,3,37,52,51.666666666666664,0.3333333333333333,1199.0,749.0,0.9935897435897436,0.6155030800821355,
chexpert,77,raw,3,37,52,,,,,,,0.09984454132142008
chexpert,77,logistic,3,37,52,,,,,,,0.01469763313943432
chexpert,77,constant,3,37,52,,,,,,,0.025444999999999985
chexpert,78,source,3,43,63,54.666666666666664,8.333333333333334,1850.6666666666667,86.33333333333333,0.8677248677248678,0.9554293581139218,
chexpert,78,empirical,3,43,63,51.333333333333336,11.666666666666666,1881.0,56.0,0.8148148148148149,0.9710893133711925,
chexpert,78,guarded,3,43,63,58.0,5.0,1805.6666666666667,131.33333333333334,0.9206349206349206,0.9321975563586302,
chexpert,78,raw,3,43,63,,,,,,,0.09385314151817441
chexpert,78,logistic,3,43,63,,,,,,,0.015458729775434457
chexpert,78,constant,3,43,63,,,,,,,0.03063999999999999
chexpert,79,source,3,49,62,57.333333333333336,4.666666666666667,1847.3333333333333,90.66666666666667,0.924731182795699,0.9532163742690059,
chexpert,79,empirical,3,49,62,57.0,5.0,1841.3333333333333,96.66666666666667,0.9193548387096774,0.9501203990368077,
chexpert,79,guarded,3,49,62,58.0,4.0,1831.6666666666667,106.33333333333333,0.935483870967742,0.9451324389404885,
chexpert,79,raw,3,49,62,,,,,,,0.09464593381320945
chexpert,79,logistic,3,49,62,,,,,,,0.014225769847305872
chexpert,79,constant,3,49,62,,,,,,,0.030362999999999998
chexpert,80,source,3,36,68,62.333333333333336,5.666666666666667,1825.0,107.0,0.9166666666666666,0.9446169772256728,
chexpert,80,empirical,3,36,68,56.333333333333336,11.666666666666666,1870.6666666666667,61.333333333333336,0.8284313725490197,0.9682539682539683,
chexpert,80,guarded,3,36,68,66.66666666666667,1.3333333333333333,1776.0,156.0,0.9803921568627452,0.9192546583850931,
chexpert,80,raw,3,36,68,,,,,,,0.10026157945663206
chexpert,80,logistic,3,36,68,,,,,,,0.016405774664025676
chexpert,80,constant,3,36,68,,,,,,,0.03284799999999998
chexpert,81,source,3,35,71,65.66666666666667,5.333333333333333,1846.3333333333333,82.66666666666667,0.9248826291079811,0.9571453257300847,
chexpert,81,empirical,3,35,71,66.33333333333333,4.666666666666667,1828.0,101.0,0.9342723004694836,0.9476412649040954,
chexpert,81,guarded,3,35,71,71.0,0.0,1232.0,697.0,1.0,0.6386728875064801,
chexpert,81,raw,3,35,71,,,,,,,0.09002292776035199
chexpert,81,logistic,3,35,71,,,,,,,0.01647052600024207
chexpert,81,constant,3,35,71,,,,,,,0.03424
chexpert,82,source,3,54,70,65.0,5.0,1831.3333333333333,98.66666666666667,0.9285714285714285,0.9488773747841105,
chexpert,82,empirical,3,54,70,60.0,10.0,1879.3333333333333,50.666666666666664,0.8571428571428572,0.9737478411053541,
chexpert,82,guarded,3,54,70,65.66666666666667,4.333333333333333,1820.0,110.0,0.9380952380952382,0.9430051813471504,
chexpert,82,raw,3,54,70,,,,,,,0.10089654391482623
chexpert,82,logistic,3,54,70,,,,,,,0.01806609761736071
chexpert,82,constant,3,54,70,,,,,,,0.034136
chexpert,83,source,3,39,82,73.33333333333333,8.666666666666666,1830.6666666666667,87.33333333333333,0.894308943089431,0.9544664581160932,
chexpert,83,empirical,3,39,82,71.66666666666667,10.333333333333334,1852.6666666666667,65.33333333333333,0.8739837398373984,0.9659367396593673,
chexpert,83,guarded,3,39,82,77.33333333333333,4.666666666666667,1788.3333333333333,129.66666666666666,0.9430894308943089,0.9323948557525199,
chexpert,83,raw,3,39,82,,,,,,,0.09121542810746845
chexpert,83,logistic,3,39,82,,,,,,,0.01961799015975336
chexpert,83,constant,3,39,82,,,,,,,0.03932299999999999
chexpert,84,source,3,44,57,53.0,4.0,1848.3333333333333,94.66666666666667,0.9298245614035089,0.951278092297135,
chexpert,84,empirical,3,44,57,53.666666666666664,3.3333333333333335,1835.3333333333333,107.66666666666667,0.9415204678362574,0.944587407788643,
chexpert,84,guarded,3,44,57,57.0,0.0,1207.0,736.0,1.0,0.6212043232115286,
chexpert,84,raw,3,44,57,,,,,,,0.09654946201690363
chexpert,84,logistic,3,44,57,,,,,,,0.01481915442060963
chexpert,84,constant,3,44,57,,,,,,,0.027928000000000005
chexpert,85,source,3,39,68,65.33333333333333,2.6666666666666665,1846.0,86.0,0.9607843137254902,0.9554865424430642,
chexpert,85,empirical,3,39,68,65.66666666666667,2.3333333333333335,1832.0,100.0,0.9656862745098039,0.94824016563147,
chexpert,85,guarded,3,39,68,68.0,0.0,1254.0,678.0,1.0,0.6490683229813664,
chexpert,85,raw,3,39,68,,,,,,,0.08796102524126403
chexpert,85,logistic,3,39,68,,,,,,,0.016153126709846644
chexpert,85,constant,3,39,68,,,,,,,0.032869
chexpert,86,source,3,47,56,51.0,5.0,1843.3333333333333,100.66666666666667,0.9107142857142857,0.9482167352537724,
chexpert,86,empirical,3,47,56,50.333333333333336,5.666666666666667,1847.0,97.0,0.8988095238095238,0.9501028806584362,
chexpert,86,guarded,3,47,56,53.333333333333336,2.6666666666666665,1797.6666666666667,146.33333333333334,0.9523809523809524,0.9247256515775035,
chexpert,86,raw,3,47,56,,,,,,,0.10005936421593842
chexpert,86,logistic,3,47,56,,,,,,,0.015449675247129313
chexpert,86,constant,3,47,56,,,,,,,0.027577
chexpert,87,source,3,50,67,59.0,8.0,1832.3333333333333,100.66666666666667,0.8805970149253731,0.947922055526815,
chexpert,87,empirical,3,50,67,59.666666666666664,7.333333333333333,1830.3333333333333,102.66666666666667,0.8905472636815922,0.946887394378341,
chexpert,87,guarded,3,50,67,66.33333333333333,0.6666666666666666,1206.0,727.0,0.990049751243781,0.6239006725297465,
chexpert,87,raw,3,50,67,,,,,,,0.09815143963353434
chexpert,87,logistic,3,50,67,,,,,,,0.015092895798808464
chexpert,87,constant,3,50,67,,,,,,,0.03264999999999999
chexpert,88,source,3,40,56,50.333333333333336,5.666666666666667,1846.6666666666667,97.33333333333333,0.8988095238095237,0.9499314128943759,
chexpert,88,empirical,3,40,56,51.666666666666664,4.333333333333333,1836.3333333333333,107.66666666666667,0.9226190476190478,0.9446159122085048,
chexpert,88,guarded,3,40,56,55.0,1.0,1244.6666666666667,699.3333333333334,0.9821428571428571,0.6402606310013718,
chexpert,88,raw,3,40,56,,,,,,,0.09793409268613755
chexpert,88,logistic,3,40,56,,,,,,,0.014804452754410146
chexpert,88,constant,3,40,56,,,,,,,0.027360000000000006
chexpert,89,source,3,49,63,57.666666666666664,5.333333333333333,1843.6666666666667,93.33333333333333,0.9153439153439153,0.951815522285321,
chexpert,89,empirical,3,49,63,61.0,2.0,1825.6666666666667,111.33333333333333,0.9682539682539683,0.9425228015832042,
chexpert,89,guarded,3,49,63,62.0,1.0,1796.3333333333333,140.66666666666666,0.9841269841269842,0.9273791085871622,
chexpert,89,raw,3,49,63,,,,,,,0.09614054935722093
chexpert,89,logistic,3,49,63,,,,,,,0.014844682953288507
chexpert,89,constant,3,49,63,,,,,,,0.030813999999999998
chexpert,90,source,3,43,80,68.66666666666667,11.333333333333334,1832.3333333333333,87.66666666666667,0.8583333333333334,0.9543402777777779,
chexpert,90,empirical,3,43,80,69.33333333333333,10.666666666666666,1832.6666666666667,87.33333333333333,0.8666666666666667,0.954513888888889,
chexpert,90,guarded,3,43,80,73.33333333333333,6.666666666666667,1781.6666666666667,138.33333333333334,0.9166666666666666,0.9279513888888888,
chexpert,90,raw,3,43,80,,,,,,,0.09212605445748949
chexpert,90,logistic,3,43,80,,,,,,,0.017883342061892907
chexpert,90,constant,3,43,80,,,,,,,0.03840899999999999
chexpert,91,source,3,36,59,52.333333333333336,6.666666666666667,1846.0,95.0,0.8870056497175142,0.9510561566202987,
chexpert,91,empirical,3,36,59,53.0,6.0,1834.3333333333333,106.66666666666667,0.8983050847457626,0.9450455091877039,
chexpert,91,guarded,3,36,59,58.666666666666664,0.3333333333333333,1219.6666666666667,721.3333333333334,0.9943502824858758,0.6283702558818479,
chexpert,91,raw,3,36,59,,,,,,,0.0975559021209823
chexpert,91,logistic,3,36,59,,,,,,,0.016040783178937965
chexpert,91,constant,3,36,59,,,,,,,0.02867199999999999
chexpert,92,source,3,35,72,65.66666666666667,6.333333333333333,1835.3333333333333,92.66666666666667,0.9120370370370369,0.9519363762102352,
chexpert,92,empirical,3,35,72,62.666666666666664,9.333333333333334,1857.6666666666667,70.33333333333333,0.8703703703703703,0.9635200553250346,
chexpert,92,guarded,3,35,72,66.66666666666667,5.333333333333333,1806.3333333333333,121.66666666666667,0.9259259259259259,0.9368948824343016,
chexpert,92,raw,3,35,72,,,,,,,0.09606189643168674
chexpert,92,logistic,3,35,72,,,,,,,0.016424114171151076
chexpert,92,constant,3,35,72,,,,,,,0.03470500000000001
chexpert,93,source,3,46,77,67.66666666666667,9.333333333333334,1838.6666666666667,84.33333333333333,0.8787878787878788,0.9561449124631652,
chexpert,93,empirical,3,46,77,69.66666666666667,7.333333333333333,1834.0,89.0,0.9047619047619048,0.9537181487259491,
chexpert,93,guarded,3,46,77,70.33333333333333,6.666666666666667,1825.6666666666667,97.33333333333333,0.9134199134199134,0.9493846420523487,
chexpert,93,raw,3,46,77,,,,,,,0.09274858109917233
chexpert,93,logistic,3,46,77,,,,,,,0.017309460819199287
chexpert,93,constant,3,46,77,,,,,,,0.037073999999999996
chexpert,94,source,3,44,65,55.666666666666664,9.333333333333334,1834.3333333333333,100.66666666666667,0.8564102564102564,0.9479758828596038,
chexpert,94,empirical,3,44,65,53.333333333333336,11.666666666666666,1857.0,78.0,0.8205128205128206,0.9596899224806202,
chexpert,94,guarded,3,44,65,64.66666666666667,0.3333333333333333,1217.6666666666667,717.3333333333334,0.9948717948717949,0.6292850990525408,
chexpert,94,raw,3,44,65,,,,,,,0.10088469727268727
chexpert,94,logistic,3,44,65,,,,,,,0.01677741026958735
chexpert,94,constant,3,44,65,,,,,,,0.03157600000000001
chexpert,95,source,3,43,72,66.33333333333333,5.666666666666667,1829.6666666666667,98.33333333333333,0.9212962962962963,0.9489972337482712,
chexpert,95,empirical,3,43,72,66.66666666666667,5.333333333333333,1834.3333333333333,93.66666666666667,0.9259259259259259,0.9514177040110651,
chexpert,95,guarded,3,43,72,69.66666666666667,2.3333333333333335,1785.0,143.0,0.9675925925925926,0.9258298755186724,
chexpert,95,raw,3,43,72,,,,,,,0.09833342371257604
chexpert,95,logistic,3,43,72,,,,,,,0.017374929253887828
chexpert,95,constant,3,43,72,,,,,,,0.03475299999999999
chexpert,96,source,3,47,65,59.666666666666664,5.333333333333333,1840.6666666666667,94.33333333333333,0.9179487179487179,0.9512489233419466,
chexpert,96,empirical,3,47,65,59.0,6.0,1850.6666666666667,84.33333333333333,0.9076923076923077,0.9564168819982773,
chexpert,96,guarded,3,47,65,62.333333333333336,2.6666666666666665,1793.6666666666667,141.33333333333334,0.958974358974359,0.926959517657192,
chexpert,96,raw,3,47,65,,,,,,,0.09493335239983598
chexpert,96,logistic,3,47,65,,,,,,,0.01609130225904479
chexpert,96,constant,3,47,65,,,,,,,0.031654
chexpert,97,source,3,46,66,63.666666666666664,2.3333333333333335,1846.3333333333333,87.66666666666667,0.9646464646464646,0.9546708031713202,
chexpert,97,empirical,3,46,66,65.0,1.0,1797.0,137.0,0.9848484848484849,0.9291623578076526,
chexpert,97,guarded,3,46,66,66.0,0.0,1186.6666666666667,747.3333333333334,1.0,0.6135815236125475,
chexpert,97,raw,3,46,66,,,,,,,0.0949706552232703
chexpert,97,logistic,3,46,66,,,,,,,0.015366278901704588
chexpert,97,constant,3,46,66,,,,,,,0.03208
chexpert,98,source,3,33,67,61.0,6.0,1838.3333333333333,94.66666666666667,0.9104477611940299,0.9510260389722366,
chexpert,98,empirical,3,33,67,60.333333333333336,6.666666666666667,1847.0,86.0,0.900497512437811,0.9555095706156234,
chexpert,98,guarded,3,33,67,62.333333333333336,4.666666666666667,1830.0,103.0,0.9303482587064676,0.9467149508535955,
chexpert,98,raw,3,33,67,,,,,,,0.097856272093356
chexpert,98,logistic,3,33,67,,,,,,,0.01588854948076378
chexpert,98,constant,3,33,67,,,,,,,0.032378
chexpert,99,source,3,39,59,56.0,3.0,1850.3333333333333,90.66666666666667,0.9491525423728814,0.9532886828095483,
chexpert,99,empirical,3,39,59,54.666666666666664,4.333333333333333,1868.6666666666667,72.33333333333333,0.9265536723163841,0.9627339859179117,
chexpert,99,guarded,3,39,59,56.666666666666664,2.3333333333333335,1806.6666666666667,134.33333333333334,0.9604519774011301,0.9307916881332646,
chexpert,99,raw,3,39,59,,,,,,,0.09524719542349647
chexpert,99,logistic,3,39,59,,,,,,,0.013465206535168113
chexpert,99,constant,3,39,59,,,,,,,0.028720000000000006
chexpert,100,source,3,43,61,55.0,6.0,1843.6666666666667,95.33333333333333,0.9016393442622951,0.9508337631081313,
chexpert,100,empirical,3,43,61,58.666666666666664,2.3333333333333335,1820.6666666666667,118.33333333333333,0.9617486338797815,0.9389719786831701,
chexpert,100,guarded,3,43,61,61.0,0.0,1226.3333333333333,712.6666666666666,1.0,0.6324565927454014,
chexpert,100,raw,3,43,61,,,,,,,0.0992795900035972
chexpert,100,logistic,3,43,61,,,,,,,0.0152473163040861
chexpert,100,constant,3,43,61,,,,,,,0.029726
chexpert,101,source,3,48,73,65.0,8.0,1832.6666666666667,94.33333333333333,0.8904109589041096,0.9510465317419131,
chexpert,101,empirical,3,48,73,68.33333333333333,4.666666666666667,1818.0,109.0,0.9360730593607306,0.9434353918007266,
chexpert,101,guarded,3,48,73,72.66666666666667,0.3333333333333333,1231.6666666666667,695.3333333333334,0.9954337899543378,0.6391627746064695,
chexpert,101,raw,3,48,73,,,,,,,0.09361025568788554
chexpert,101,logistic,3,48,73,,,,,,,0.015885318801051054
chexpert,101,constant,3,48,73,,,,,,,0.0353
chexpert,102,source,3,32,67,61.666666666666664,5.333333333333333,1827.0,106.0,0.9203980099502488,0.9451629591308847,
chexpert,102,empirical,3,32,67,62.666666666666664,4.333333333333333,1826.6666666666667,106.33333333333333,0.9353233830845772,0.9449905156061389,
chexpert,102,guarded,3,32,67,64.0,3.0,1785.0,148.0,0.955223880597015,0.9234350750129332,
chexpert,102,raw,3,32,67,,,,,,,0.09855573244251999
chexpert,102,logistic,3,32,67,,,,,,,0.014857144059427126
chexpert,102,constant,3,32,67,,,,,,,0.03237999999999999
chexpert,103,source,3,55,80,70.66666666666667,9.333333333333334,1823.0,97.0,0.8833333333333333,0.9494791666666668,
chexpert,103,empirical,3,55,80,71.66666666666667,8.333333333333334,1798.3333333333333,121.66666666666667,0.8958333333333334,0.9366319444444445,
chexpert,103,guarded,3,55,80,78.66666666666667,1.3333333333333333,1176.0,744.0,0.9833333333333334,0.6124999999999999,
chexpert,103,raw,3,55,80,,,,,,,0.10287999554184668
chexpert,103,logistic,3,55,80,,,,,,,0.020174118950916798
chexpert,103,constant,3,55,80,,,,,,,0.038625000000000013
chexpert,104,source,3,41,59,55.0,4.0,1850.0,91.0,0.9322033898305083,0.9531169500257599,
chexpert,104,empirical,3,41,59,56.333333333333336,2.6666666666666665,1835.6666666666667,105.33333333333333,0.9548022598870057,0.9457324403228577,
chexpert,104,guarded,3,41,59,59.0,0.0,1215.6666666666667,725.3333333333334,1.0,0.6263094624763866,
chexpert,104,raw,3,41,59,,,,,,,0.09478360955800691
chexpert,104,logistic,3,41,59,,,,,,,0.013321942137059123
chexpert,104,constant,3,41,59,,,,,,,0.028762
chexpert,105,source,3,42,80,68.66666666666667,11.333333333333334,1821.3333333333333,98.66666666666667,0.8583333333333334,0.9486111111111111,
chexpert,105,empirical,3,42,80,67.33333333333333,12.666666666666666,1834.3333333333333,85.66666666666667,0.8416666666666668,0.9553819444444445,
chexpert,105,guarded,3,42,80,75.33333333333333,4.666666666666667,1775.0,145.0,0.9416666666666668,0.9244791666666666,
chexpert,105,raw,3,42,80,,,,,,,0.09841921997558613
chexpert,105,logistic,3,42,80,,,,,,,0.020112806073980003
chexpert,105,constant,3,42,80,,,,,,,0.038403999999999994
chexpert,106,source,3,53,67,61.0,6.0,1847.6666666666667,85.33333333333333,0.9104477611940299,0.9558544576651147,
chexpert,106,empirical,3,53,67,62.666666666666664,4.333333333333333,1840.0,93.0,0.9353233830845772,0.9518882565959648,
chexpert,106,guarded,3,53,67,64.66666666666667,2.3333333333333335,1804.6666666666667,128.33333333333334,0.9651741293532338,0.9336092429729264,
chexpert,106,raw,3,53,67,,,,,,,0.08926451413965582
chexpert,106,logistic,3,53,67,,,,,,,0.015693647366941916
chexpert,106,constant,3,53,67,,,,,,,0.03275799999999999
chexpert,107,source,3,36,65,62.0,3.0,1826.3333333333333,108.66666666666667,0.9538461538461537,0.9438415159345391,
chexpert,107,empirical,3,36,65,60.0,5.0,1855.6666666666667,79.33333333333333,0.923076923076923,0.9590008613264427,
chexpert,107,guarded,3,36,65,63.333333333333336,1.6666666666666667,1781.0,154.0,0.9743589743589745,0.9204134366925064,
chexpert,107,raw,3,36,65,,,,,,,0.10224460028888382
chexpert,107,logistic,3,36,65,,,,,,,0.014153417781996911
chexpert,107,constant,3,36,65,,,,,,,0.03145599999999999
chexpert,108,source,3,37,56,49.333333333333336,6.666666666666667,1852.3333333333333,91.66666666666667,0.8809523809523809,0.9528463648834018,
chexpert,108,empirical,3,37,56,46.666666666666664,9.333333333333334,1886.3333333333333,57.666666666666664,0.8333333333333334,0.9703360768175583,
chexpert,108,guarded,3,37,56,56.0,0.0,1208.3333333333333,735.6666666666666,1.0,0.6215706447187929,
chexpert,108,raw,3,37,56,,,,,,,0.09689242335883765
chexpert,108,logistic,3,37,56,,,,,,,0.014349520851228917
chexpert,108,constant,3,37,56,,,,,,,0.02729699999999999
chexpert,109,source,3,51,80,74.66666666666667,5.333333333333333,1828.0,92.0,0.9333333333333332,0.9520833333333334,
chexpert,109,empirical,3,51,80,72.66666666666667,7.333333333333333,1831.6666666666667,88.33333333333333,0.9083333333333333,0.9539930555555557,
chexpert,109,guarded,3,51,80,76.66666666666667,3.3333333333333335,1770.6666666666667,149.33333333333334,0.9583333333333334,0.9222222222222222,
chexpert,109,raw,3,51,80,,,,,,,0.09823919592980947
chexpert,109,logistic,3,51,80,,,,,,,0.01569291396029812
chexpert,109,constant,3,51,80,,,,,,,0.038520999999999986
chexpert,110,source,3,41,74,67.33333333333333,6.666666666666667,1837.3333333333333,88.66666666666667,0.9099099099099098,0.953963309103496,
chexpert,110,empirical,3,41,74,64.66666666666667,9.333333333333334,1862.3333333333333,63.666666666666664,0.8738738738738738,0.9669435790931118,
chexpert,110,guarded,3,41,74,74.0,0.0,1193.0,733.0,1.0,0.6194184839044653,
chexpert,110,raw,3,41,74,,,,,,,0.09549555856472051
chexpert,110,logistic,3,41,74,,,,,,,0.017107843375818214
chexpert,110,constant,3,41,74,,,,,,,0.035647000000000005
chexpert,111,source,3,49,59,51.333333333333336,7.666666666666667,1843.0,98.0,0.8700564971751413,0.949510561566203,
chexpert,111,empirical,3,49,59,53.333333333333336,5.666666666666667,1838.0,103.0,0.903954802259887,0.9469345698093766,
chexpert,111,guarded,3,49,59,53.333333333333336,5.666666666666667,1836.6666666666667,104.33333333333333,0.903954802259887,0.9462476386742229,
chexpert,111,raw,3,49,59,,,,,,,0.099363481419758
chexpert,111,logistic,3,49,59,,,,,,,0.014556194126768897
chexpert,111,constant,3,49,59,,,,,,,0.029009999999999994
chexpert,112,source,3,41,74,66.33333333333333,7.666666666666667,1824.3333333333333,101.66666666666667,0.8963963963963963,0.947213568708896,
chexpert,112,empirical,3,41,74,68.33333333333333,5.666666666666667,1811.0,115.0,0.9234234234234234,0.9402907580477674,
chexpert,112,guarded,3,41,74,74.0,0.0,1185.6666666666667,740.3333333333334,1.0,0.6156109380408447,
chexpert,112,raw,3,41,74,,,,,,,0.10208647099413964
chexpert,112,logistic,3,41,74,,,,,,,0.018712974926039176
chexpert,112,constant,3,41,74,,,,,,,0.035647000000000005
chexpert,113,source,3,41,78,70.66666666666667,7.333333333333333,1836.0,86.0,0.905982905982906,0.95525494276795,
chexpert,113,empirical,3,41,78,62.0,16.0,1888.3333333333333,33.666666666666664,0.7948717948717948,0.9824835241068332,
chexpert,113,guarded,3,41,78,77.66666666666667,0.3333333333333333,1197.0,725.0,0.9957264957264957,0.6227887617065556,
chexpert,113,raw,3,41,78,,,,,,,0.09549401163055458
chexpert,113,logistic,3,41,78,,,,,,,0.017178813157659924
chexpert,113,constant,3,41,78,,,,,,,0.037483
chexpert,114,source,3,46,74,66.0,8.0,1810.3333333333333,115.66666666666667,0.891891891891892,0.939944617514711,
chexpert,114,empirical,3,46,74,57.333333333333336,16.666666666666668,1864.6666666666667,61.333333333333336,0.7747747747747749,0.9681550709588093,
chexpert,114,guarded,3,46,74,66.33333333333333,7.666666666666667,1807.3333333333333,118.66666666666667,0.8963963963963963,0.9383869851159571,
chexpert,114,raw,3,46,74,,,,,,,0.10750169767551428
chexpert,114,logistic,3,46,74,,,,,,,0.019501429698308478
chexpert,114,constant,3,46,74,,,,,,,0.035712
chexpert,115,source,3,35,78,71.66666666666667,6.333333333333333,1830.0,92.0,0.9188034188034188,0.9521331945889697,
chexpert,115,empirical,3,35,78,70.33333333333333,7.666666666666667,1840.6666666666667,81.33333333333333,0.9017094017094017,0.9576829691293791,
chexpert,115,guarded,3,35,78,75.33333333333333,2.6666666666666665,1792.6666666666667,129.33333333333334,0.9658119658119659,0.9327089836975372,
chexpert,115,raw,3,35,78,,,,,,,0.09260780319516532
chexpert,115,logistic,3,35,78,,,,,,,0.01788074841452572
chexpert,115,constant,3,35,78,,,,,,,0.03749500000000001
chexpert,116,source,3,40,69,61.666666666666664,7.333333333333333,1833.0,98.0,0.893719806763285,0.9492490937338167,
chexpert,116,empirical,3,40,69,62.0,7.0,1826.0,105.0,0.8985507246376812,0.9456240290005179,
chexpert,116,guarded,3,40,69,68.33333333333333,0.6666666666666666,1176.6666666666667,754.3333333333334,0.9903381642512077,0.6093561194545141,
chexpert,116,raw,3,40,69,,,,,,,0.09992845961326986
chexpert,116,logistic,3,40,69,,,,,,,0.01613712288336157
chexpert,116,constant,3,40,69,,,,,,,0.03334000000000001
chexpert,117,source,3,51,65,61.666666666666664,3.3333333333333335,1829.6666666666667,105.33333333333333,0.9487179487179486,0.9455641688199828,
chexpert,117,empirical,3,51,65,62.666666666666664,2.3333333333333335,1803.6666666666667,131.33333333333334,0.9641025641025641,0.9321274763135228,
chexpert,117,guarded,3,51,65,64.66666666666667,0.3333333333333333,1208.6666666666667,726.3333333333334,0.9948717948717949,0.6246339362618432,
chexpert,117,raw,3,51,65,,,,,,,0.10169430466826612
chexpert,117,logistic,3,51,65,,,,,,,0.01605446201622354
chexpert,117,constant,3,51,65,,,,,,,0.031785999999999995
chexpert,118,source,3,34,67,58.666666666666664,8.333333333333334,1846.3333333333333,86.66666666666667,0.8756218905472637,0.9551646835661322,
chexpert,118,empirical,3,34,67,57.333333333333336,9.666666666666666,1840.0,93.0,0.8557213930348259,0.9518882565959649,
chexpert,118,guarded,3,34,67,66.66666666666667,0.3333333333333333,1237.3333333333333,695.6666666666666,0.9950248756218905,0.6401103638558373,
chexpert,118,raw,3,34,67,,,,,,,0.091540299358591
chexpert,118,logistic,3,34,67,,,,,,,0.01733731700668392
chexpert,118,constant,3,34,67,,,,,,,0.032378
chexpert,119,source,3,41,62,54.666666666666664,7.333333333333333,1844.0,94.0,0.8817204301075269,0.9514963880288958,
chexpert,119,empirical,3,41,62,56.333333333333336,5.666666666666667,1822.3333333333333,115.66666666666667,0.9086021505376344,0.9403164774681803,
chexpert,119,guarded,3,41,62,61.666666666666664,0.3333333333333333,1246.6666666666667,691.3333333333334,0.9946236559139785,0.6432748538011696,
chexpert,119,raw,3,41,62,,,,,,,0.09164723386709857
chexpert,119,logistic,3,41,62,,,,,,,0.016017348150162408
chexpert,119,constant,3,41,62,,,,,,,0.03013900000000001
chexpert,120,source,3,45,63,58.0,5.0,1845.6666666666667,91.33333333333333,0.9206349206349206,0.9528480468077785,
chexpert,120,empirical,3,45,63,54.666666666666664,8.333333333333334,1869.6666666666667,67.33333333333333,0.8677248677248678,0.9652383410772672,
chexpert,120,guarded,3,45,63,62.0,1.0,1796.0,141.0,0.9841269841269842,0.9272070211667528,
chexpert,120,raw,3,45,63,,,,,,,0.09565262099857225
chexpert,120,logistic,3,45,63,,,,,,,0.01630984582339967
chexpert,120,constant,3,45,63,,,,,,,0.030690000000000005
chexpert,121,source,3,48,60,51.333333333333336,8.666666666666666,1842.6666666666667,97.33333333333333,0.8555555555555555,0.9498281786941579,
chexpert,121,empirical,3,48,60,55.0,5.0,1827.6666666666667,112.33333333333333,0.9166666666666666,0.9420962199312714,
chexpert,121,guarded,3,48,60,60.0,0.0,1240.6666666666667,699.3333333333334,1.0,0.6395189003436426,
chexpert,121,raw,3,48,60,,,,,,,0.09459670922687781
chexpert,121,logistic,3,48,60,,,,,,,0.01800828129594553
chexpert,121,constant,3,48,60,,,,,,,0.029423999999999995
chexpert,122,source,3,53,62,58.0,4.0,1845.0,93.0,0.935483870967742,0.9520123839009288,
chexpert,122,empirical,3,53,62,57.666666666666664,4.333333333333333,1854.6666666666667,83.33333333333333,0.9301075268817205,0.957000343997248,
chexpert,122,guarded,3,53,62,60.666666666666664,1.3333333333333333,1793.3333333333333,144.66666666666666,0.978494623655914,0.9253525971792226,
chexpert,122,raw,3,53,62,,,,,,,0.09629468139308246
chexpert,122,logistic,3,53,62,,,,,,,0.016550941687090898
chexpert,122,constant,3,53,62,,,,,,,0.030522999999999984
chexpert,123,source,3,43,65,55.666666666666664,9.333333333333334,1835.6666666666667,99.33333333333333,0.8564102564102565,0.9486649440137812,
chexpert,123,empirical,3,43,65,52.333333333333336,12.666666666666666,1869.6666666666667,65.33333333333333,0.805128205128205,0.9662360034453057,
chexpert,123,guarded,3,43,65,57.666666666666664,7.333333333333333,1815.6666666666667,119.33333333333333,0.8871794871794872,0.9383290267011198,
chexpert,123,raw,3,43,65,,,,,,,0.09635707368577406
chexpert,123,logistic,3,43,65,,,,,,,0.0177109223548914
chexpert,123,constant,3,43,65,,,,,,,0.03155399999999999
chexpert,124,source,3,39,69,62.0,7.0,1846.3333333333333,84.66666666666667,0.8985507246376812,0.9561539789401001,
chexpert,124,empirical,3,39,69,63.0,6.0,1833.6666666666667,97.33333333333333,0.9130434782608695,0.9495943379941307,
chexpert,124,guarded,3,39,69,68.66666666666667,0.3333333333333333,1238.3333333333333,692.6666666666666,0.9951690821256038,0.641291213533575,
chexpert,124,raw,3,39,69,,,,,,,0.09021160494894935
chexpert,124,logistic,3,39,69,,,,,,,0.01618111486555587
chexpert,124,constant,3,39,69,,,,,,,0.03333
chexpert,125,source,3,39,72,68.66666666666667,3.3333333333333335,1824.6666666666667,103.33333333333333,0.9537037037037037,0.9464038727524203,
chexpert,125,empirical,3,39,72,70.66666666666667,1.3333333333333333,1803.0,125.0,0.9814814814814815,0.9351659751037346,
chexpert,125,guarded,3,39,72,72.0,0.0,1207.3333333333333,720.6666666666666,1.0,0.626210235131397,
chexpert,125,raw,3,39,72,,,,,,,0.09907343756589833
chexpert,125,logistic,3,39,72,,,,,,,0.015504967331415315
chexpert,125,constant,3,39,72,,,,,,,0.034712999999999994
chexpert,126,source,3,39,79,70.33333333333333,8.666666666666666,1825.0,96.0,0.890295358649789,0.9500260281103592,
chexpert,126,empirical,3,39,79,71.0,8.0,1828.0,93.0,0.8987341772151899,0.9515877147319104,
chexpert,126,guarded,3,39,79,79.0,0.0,1182.3333333333333,738.6666666666666,1.0,0.6154780496269304,
chexpert,126,raw,3,39,79,,,,,,,0.0997923460746013
chexpert,126,logistic,3,39,79,,,,,,,0.017996925071302877
chexpert,126,constant,3,39,79,,,,,,,0.037939999999999995
chexpert,127,source,3,44,65,56.333333333333336,8.666666666666666,1829.0,106.0,0.8666666666666666,0.945219638242894,
chexpert,127,empirical,3,44,65,58.333333333333336,6.666666666666667,1809.0,126.0,0.8974358974358975,0.9348837209302325,
chexpert,127,guarded,3,44,65,64.66666666666667,0.3333333333333333,1188.0,747.0,0.9948717948717949,0.6139534883720931,
chexpert,127,raw,3,44,65,,,,,,,0.10423648662041135
chexpert,127,logistic,3,44,65,,,,,,,0.015435975538604194
chexpert,127,constant,3,44,65,,,,,,,0.03157600000000001
chexpert,128,source,3,31,64,56.666666666666664,7.333333333333333,1846.6666666666667,89.33333333333333,0.8854166666666666,0.9538567493112948,
chexpert,128,empirical,3,31,64,48.333333333333336,15.666666666666666,1911.3333333333333,24.666666666666668,0.7552083333333334,0.9872589531680441,
chexpert,128,guarded,3,31,64,55.0,9.0,1878.0,58.0,0.859375,0.9700413223140497,
chexpert,128,raw,3,31,64,,,,,,,0.09130196065784126
chexpert,128,logistic,3,31,64,,,,,,,0.015587670480016259
chexpert,128,constant,3,31,64,,,,,,,0.030976999999999994
chexpert,129,source,3,45,65,55.666666666666664,9.333333333333334,1857.0,78.0,0.8564102564102564,0.9596899224806202,
chexpert,129,empirical,3,45,65,56.666666666666664,8.333333333333334,1851.0,84.0,0.8717948717948718,0.9565891472868217,
chexpert,129,guarded,3,45,65,65.0,0.0,1247.0,688.0,1.0,0.6444444444444444,
chexpert,129,raw,3,45,65,,,,,,,0.08804342457402371
chexpert,129,logistic,3,45,65,,,,,,,0.01630610466196336
chexpert,129,constant,3,45,65,,,,,,,0.03160000000000001
chexpert,130,source,3,48,57,55.0,2.0,1859.3333333333333,83.66666666666667,0.9649122807017544,0.9569394407273975,
chexpert,130,empirical,3,48,57,54.666666666666664,2.3333333333333335,1850.3333333333333,92.66666666666667,0.9590643274853802,0.9523074283753644,
chexpert,130,guarded,3,48,57,57.0,0.0,1251.0,692.0,1.0,0.6438497169325784,
chexpert,130,raw,3,48,57,,,,,,,0.08843510709836155
chexpert,130,logistic,3,48,57,,,,,,,0.01202662328560259
chexpert,130,constant,3,48,57,,,,,,,0.028068
chexpert,131,source,3,52,66,57.0,9.0,1843.0,91.0,0.8636363636363636,0.9529472595656671,
chexpert,131,empirical,3,52,66,57.333333333333336,8.666666666666666,1840.3333333333333,93.66666666666667,0.8686868686868686,0.9515684246811444,
chexpert,131,guarded,3,52,66,57.666666666666664,8.333333333333334,1831.6666666666667,102.33333333333333,0.8737373737373737,0.947087211306446,
chexpert,131,raw,3,52,66,,,,,,,0.09825359963887563
chexpert,131,logistic,3,52,66,,,,,,,0.01727971102315936
chexpert,131,constant,3,52,66,,,,,,,0.03227200000000001
chexpert,132,source,3,44,76,70.0,6.0,1830.3333333333333,93.66666666666667,0.9210526315789473,0.9513167013167013,
chexpert,132,empirical,3,44,76,70.66666666666667,5.333333333333333,1827.0,97.0,0.9298245614035089,0.9495841995841996,
chexpert,132,guarded,3,44,76,76.0,0.0,1192.3333333333333,731.6666666666666,1.0,0.6197158697158697,
chexpert,132,raw,3,44,76,,,,,,,0.09661241599033286
chexpert,132,logistic,3,44,76,,,,,,,0.017066018146491974
chexpert,132,constant,3,44,76,,,,,,,0.03659200000000001
chexpert,133,source,3,47,81,69.33333333333333,11.666666666666666,1813.6666666666667,105.33333333333333,0.8559670781893004,0.9451103005037346,
chexpert,133,empirical,3,47,81,67.33333333333333,13.666666666666666,1831.3333333333333,87.66666666666667,0.8312757201646092,0.954316484280007,
chexpert,133,guarded,3,47,81,72.0,9.0,1792.0,127.0,0.888888888888889,0.9338196977592496,
chexpert,133,raw,3,47,81,,,,,,,0.10150654195429416
chexpert,133,logistic,3,47,81,,,,,,,0.022287971120265954
chexpert,133,constant,3,47,81,,,,,,,0.03890199999999999
chexpert,134,source,3,35,72,64.0,8.0,1833.0,95.0,0.888888888888889,0.9507261410788382,
chexpert,134,empirical,3,35,72,62.333333333333336,9.666666666666666,1843.6666666666667,84.33333333333333,0.8657407407407408,0.9562586445366529,
chexpert,134,guarded,3,35,72,68.66666666666667,3.3333333333333335,1775.6666666666667,152.33333333333334,0.9537037037037037,0.9209889349930843,
chexpert,134,raw,3,35,72,,,,,,,0.09962952792205038
chexpert,134,logistic,3,35,72,,,,,,,0.018513459480280495
chexpert,134,constant,3,35,72,,,,,,,0.03470500000000001
chexpert,135,source,3,48,86,77.0,9.0,1821.0,93.0,0.8953488372093025,0.95141065830721,
chexpert,135,empirical,3,48,86,81.0,5.0,1783.0,131.0,0.9418604651162791,0.9315569487983281,
chexpert,135,guarded,3,48,86,86.0,0.0,1216.3333333333333,697.6666666666666,1.0,0.6354928596307906,
chexpert,135,raw,3,48,86,,,,,,,0.09358426831484247
chexpert,135,logistic,3,48,86,,,,,,,0.020583730923387087
chexpert,135,constant,3,48,86,,,,,,,0.041176
chexpert,136,source,3,38,62,54.666666666666664,7.333333333333333,1828.6666666666667,109.33333333333333,0.8817204301075269,0.9435844513243894,
chexpert,136,empirical,3,38,62,55.666666666666664,6.333333333333333,1821.0,117.0,0.8978494623655915,0.9396284829721363,
chexpert,136,guarded,3,38,62,61.333333333333336,0.6666666666666666,1205.3333333333333,732.6666666666666,0.989247311827957,0.6219470244238047,
chexpert,136,raw,3,38,62,,,,,,,0.10670642340670768
chexpert,136,logistic,3,38,62,,,,,,,0.015695329055971912
chexpert,136,constant,3,38,62,,,,,,,0.030087999999999993
chexpert,137,source,3,40,67,58.333333333333336,8.666666666666666,1845.3333333333333,87.66666666666667,0.8706467661691543,0.9546473529918952,
chexpert,137,empirical,3,40,67,59.666666666666664,7.333333333333333,1825.6666666666667,107.33333333333333,0.890547263681592,0.9444731850319021,
chexpert,137,guarded,3,40,67,66.0,1.0,1190.3333333333333,742.6666666666666,0.9850746268656717,0.6157958268667012,
chexpert,137,raw,3,40,67,,,,,,,0.09901133542565853
chexpert,137,logistic,3,40,67,,,,,,,0.015036568720424187
chexpert,137,constant,3,40,67,,,,,,,0.03242000000000001
chexpert,138,source,3,42,65,62.0,3.0,1839.6666666666667,95.33333333333333,0.9538461538461539,0.9507321274763135,
chexpert,138,empirical,3,42,65,61.666666666666664,3.3333333333333335,1848.6666666666667,86.33333333333333,0.9487179487179488,0.9553832902670112,
chexpert,138,guarded,3,42,65,64.33333333333333,0.6666666666666666,1800.3333333333333,134.66666666666666,0.9897435897435898,0.9304048234280793,
chexpert,138,raw,3,42,65,,,,,,,0.0963405348690618
chexpert,138,logistic,3,42,65,,,,,,,0.014323451097709305
chexpert,138,constant,3,42,65,,,,,,,0.031534
chexpert,139,source,3,39,61,52.666666666666664,8.333333333333334,1836.6666666666667,102.33333333333333,0.8633879781420765,0.9472236548048821,
chexpert,139,empirical,3,39,61,52.0,9.0,1836.3333333333333,102.66666666666667,0.8524590163934427,0.9470517448856799,
chexpert,139,guarded,3,39,61,60.333333333333336,0.6666666666666666,1213.0,726.0,0.9890710382513661,0.6255801959773079,
chexpert,139,raw,3,39,61,,,,,,,0.09891473161922293
chexpert,139,logistic,3,39,61,,,,,,,0.01653709817391341
chexpert,139,constant,3,39,61,,,,,,,0.029641999999999998
chexpert,140,source,3,50,74,66.66666666666667,7.333333333333333,1823.3333333333333,102.66666666666667,0.9009009009009009,0.9466943579093111,
chexpert,140,empirical,3,50,74,69.0,5.0,1806.0,120.0,0.9324324324324325,0.9376947040498442,
chexpert,140,guarded,3,50,74,73.66666666666667,0.3333333333333333,1213.3333333333333,712.6666666666666,0.9954954954954954,0.629975770162686,
chexpert,140,raw,3,50,74,,,,,,,0.10043307902362042
chexpert,140,logistic,3,50,74,,,,,,,0.018588907563762785
chexpert,140,constant,3,50,74,,,,,,,0.035799999999999985
chexpert,141,source,3,42,60,54.333333333333336,5.666666666666667,1843.6666666666667,96.33333333333333,0.9055555555555554,0.9503436426116837,
chexpert,141,empirical,3,42,60,51.333333333333336,8.666666666666666,1872.3333333333333,67.66666666666667,0.8555555555555555,0.9651202749140894,
chexpert,141,guarded,3,42,60,56.333333333333336,3.6666666666666665,1816.0,124.0,0.9388888888888888,0.936082474226804,
chexpert,141,raw,3,42,60,,,,,,,0.09828734343549578
chexpert,141,logistic,3,42,60,,,,,,,0.014062153804174152
chexpert,141,constant,3,42,60,,,,,,,0.029244000000000003
chexpert,142,source,3,42,78,73.66666666666667,4.333333333333333,1825.3333333333333,96.66666666666667,0.9444444444444443,0.9497051682275407,
chexpert,142,empirical,3,42,78,72.66666666666667,5.333333333333333,1835.3333333333333,86.66666666666667,0.9316239316239315,0.9549080818591745,
chexpert,142,guarded,3,42,78,77.66666666666667,0.3333333333333333,1199.6666666666667,722.3333333333334,0.9957264957264957,0.6241762053416581,
chexpert,142,raw,3,42,78,,,,,,,0.09899051065060621
chexpert,142,logistic,3,42,78,,,,,,,0.018486186868615914
chexpert,142,constant,3,42,78,,,,,,,0.037488
chexpert,143,source,3,39,68,63.333333333333336,4.666666666666667,1829.3333333333333,102.66666666666667,0.9313725490196078,0.9468599033816426,
chexpert,143,empirical,3,39,68,62.333333333333336,5.666666666666667,1824.6666666666667,107.33333333333333,0.9166666666666666,0.9444444444444445,
chexpert,143,guarded,3,39,68,64.66666666666667,3.3333333333333335,1799.3333333333333,132.66666666666666,0.9509803921568628,0.9313319530710835,
chexpert,143,raw,3,39,68,,,,,,,0.10041960007473479
chexpert,143,logistic,3,39,68,,,,,,,0.01688799929411541
chexpert,143,constant,3,39,68,,,,,,,0.032869
chexpert,144,source,3,47,60,49.0,11.0,1846.0,94.0,0.8166666666666668,0.9515463917525772,
chexpert,144,empirical,3,47,60,48.333333333333336,11.666666666666666,1844.0,96.0,0.8055555555555555,0.9505154639175258,
chexpert,144,guarded,3,47,60,52.333333333333336,7.666666666666667,1826.6666666666667,113.33333333333333,0.8722222222222222,0.9415807560137456,
chexpert,144,raw,3,47,60,,,,,,,0.09562580561828828
chexpert,144,logistic,3,47,60,,,,,,,0.018017605117201713
chexpert,144,constant,3,47,60,,,,,,,0.029389
chexpert,145,source,3,41,72,65.33333333333333,6.666666666666667,1827.0,101.0,0.9074074074074074,0.9476141078838175,
chexpert,145,empirical,3,41,72,59.0,13.0,1885.0,43.0,0.8194444444444443,0.9776970954356846,
chexpert,145,guarded,3,41,72,71.66666666666667,0.3333333333333333,1245.6666666666667,682.3333333333334,0.9953703703703703,0.6460926694329184,
chexpert,145,raw,3,41,72,,,,,,,0.09329399230679136
chexpert,145,logistic,3,41,72,,,,,,,0.01591911661254708
chexpert,145,constant,3,41,72,,,,,,,0.034729
chexpert,146,source,3,49,85,78.66666666666667,6.333333333333333,1806.6666666666667,108.33333333333333,0.9254901960784313,0.9434290687554395,
chexpert,146,empirical,3,49,85,80.0,5.0,1795.0,120.0,0.9411764705882352,0.9373368146214099,
chexpert,146,guarded,3,49,85,84.66666666666667,0.3333333333333333,1174.3333333333333,740.6666666666666,0.996078431372549,0.6132288946910357,
chexpert,146,raw,3,49,85,,,,,,,0.10264805713791525
chexpert,146,logistic,3,49,85,,,,,,,0.02032954900847007
chexpert,146,constant,3,49,85,,,,,,,0.040735999999999994
chexpert,147,source,3,30,66,58.0,8.0,1835.3333333333333,98.66666666666667,0.8787878787878788,0.9489831092726647,
chexpert,147,empirical,3,30,66,56.666666666666664,9.333333333333334,1848.3333333333333,85.66666666666667,0.8585858585858586,0.9557049293347122,
chexpert,147,guarded,3,30,66,63.666666666666664,2.3333333333333335,1781.3333333333333,152.66666666666666,0.9646464646464646,0.9210617028610825,
chexpert,147,raw,3,30,66,,,,,,,0.10097795718631165
chexpert,147,logistic,3,30,66,,,,,,,0.01829721704946172
chexpert,147,constant,3,30,66,,,,,,,0.03192
chexpert,148,source,3,45,63,56.666666666666664,6.333333333333333,1842.0,95.0,0.8994708994708995,0.950955085183273,
chexpert,148,empirical,3,45,63,57.333333333333336,5.666666666666667,1812.0,125.0,0.9100529100529101,0.935467217346412,
chexpert,148,guarded,3,45,63,62.666666666666664,0.3333333333333333,1208.6666666666667,728.3333333333334,0.9947089947089948,0.6239889864050938,
chexpert,148,raw,3,45,63,,,,,,,0.09919214978333872
chexpert,148,logistic,3,45,63,,,,,,,0.016118748096704747
chexpert,148,constant,3,45,63,,,,,,,0.030690000000000012
chexpert,149,source,3,31,58,54.0,4.0,1858.0,84.0,0.9310344827586207,0.956745623069001,
chexpert,149,empirical,3,31,58,49.333333333333336,8.666666666666666,1889.6666666666667,52.333333333333336,0.8505747126436782,0.9730518365945761,
chexpert,149,guarded,3,31,58,54.333333333333336,3.6666666666666665,1838.0,104.0,0.9367816091954023,0.9464469618949537,
chexpert,149,raw,3,31,58,,,,,,,0.08776571090102596
chexpert,149,logistic,3,31,58,,,,,,,0.012813116213963922
chexpert,149,constant,3,31,58,,,,,,,0.028162999999999997
chexpert,150,source,3,39,65,57.0,8.0,1826.6666666666667,108.33333333333333,0.8769230769230769,0.9440137812230835,
chexpert,150,empirical,3,39,65,58.333333333333336,6.666666666666667,1818.3333333333333,116.66666666666667,0.8974358974358974,0.9397071490094747,
chexpert,150,guarded,3,39,65,64.66666666666667,0.3333333333333333,1220.6666666666667,714.3333333333334,0.9948717948717949,0.6308354866494401,
chexpert,150,raw,3,39,65,,,,,,,0.10017177124350744
chexpert,150,logistic,3,39,65,,,,,,,0.01911332165056238
chexpert,150,constant,3,39,65,,,,,,,0.03148600000000001
chexpert,151,source,3,46,72,65.0,7.0,1850.0,78.0,0.9027777777777777,0.9595435684647303,
chexpert,151,empirical,3,46,72,61.666666666666664,10.333333333333334,1869.0,59.0,0.8564814814814815,0.9693983402489627,
chexpert,151,guarded,3,46,72,66.33333333333333,5.666666666666667,1832.0,96.0,0.9212962962962963,0.9502074688796681,
chexpert,151,raw,3,46,72,,,,,,,0.08794162091531758
chexpert,151,logistic,3,46,72,,,,,,,0.015762387048233673
chexpert,151,constant,3,46,72,,,,,,,0.034804
chexpert,152,source,3,50,69,60.666666666666664,8.333333333333334,1859.3333333333333,71.66666666666667,0.8792270531400965,0.9628862420162264,
chexpert,152,empirical,3,50,69,63.333333333333336,5.666666666666667,1845.6666666666667,85.33333333333333,0.9178743961352657,0.955808734679786,
chexpert,152,guarded,3,50,69,65.66666666666667,3.3333333333333335,1813.6666666666667,117.33333333333333,0.9516908212560388,0.9392370101847057,
chexpert,152,raw,3,50,69,,,,,,,0.08274077398501413
chexpert,152,logistic,3,50,69,,,,,,,0.015592076344744604
chexpert,152,constant,3,50,69,,,,,,,0.03354999999999999
chexpert,153,source,3,35,62,58.666666666666664,3.3333333333333335,1843.3333333333333,94.66666666666667,0.946236559139785,0.9511523907808738,
chexpert,153,empirical,3,35,62,59.666666666666664,2.3333333333333335,1835.3333333333333,102.66666666666667,0.9623655913978495,0.9470244238046096,
chexpert,153,guarded,3,35,62,61.333333333333336,0.6666666666666666,1791.6666666666667,146.33333333333334,0.989247311827957,0.9244926040591674,
chexpert,153,raw,3,35,62,,,,,,,0.09851738198022963
chexpert,153,logistic,3,35,62,,,,,,,0.013989467900239616
chexpert,153,constant,3,35,62,,,,,,,0.03005500000000001
chexpert,154,source,3,43,74,66.66666666666667,7.333333333333333,1827.6666666666667,98.33333333333333,0.9009009009009009,0.9489442713741779,
chexpert,154,empirical,3,43,74,64.0,10.0,1841.0,85.0,0.8648648648648649,0.9558670820353065,
chexpert,154,guarded,3,43,74,73.66666666666667,0.3333333333333333,1182.0,744.0,0.9954954954954954,0.6137071651090342,
chexpert,154,raw,3,43,74,,,,,,,0.09962049506720884
chexpert,154,logistic,3,43,74,,,,,,,0.019004970833556876
chexpert,154,constant,3,43,74,,,,,,,0.035667
chexpert,155,source,3,38,76,70.66666666666667,5.333333333333333,1826.3333333333333,97.66666666666667,0.9298245614035089,0.9492376992376993,
chexpert,155,empirical,3,38,76,67.0,9.0,1830.0,94.0,0.8815789473684211,0.9511434511434512,
chexpert,155,guarded,3,38,76,75.66666666666667,0.3333333333333333,1201.3333333333333,722.6666666666666,0.9956140350877193,0.6243936243936244,
chexpert,155,raw,3,38,76,,,,,,,0.09694022745314879
chexpert,155,logistic,3,38,76,,,,,,,0.01663771363542901
chexpert,155,constant,3,38,76,,,,,,,0.036556
chexpert,156,source,3,38,71,62.333333333333336,8.666666666666666,1832.6666666666667,96.33333333333333,0.8779342723004695,0.9500604803870744,
chexpert,156,empirical,3,38,71,56.666666666666664,14.333333333333334,1866.3333333333333,62.666666666666664,0.7981220657276995,0.9675133920857094,
chexpert,156,guarded,3,38,71,66.33333333333333,4.666666666666667,1790.3333333333333,138.66666666666666,0.9342723004694835,0.9281147399343356,
chexpert,156,raw,3,38,71,,,,,,,0.09310770072821546
chexpert,156,logistic,3,38,71,,,,,,,0.01851798929264668
chexpert,156,constant,3,38,71,,,,,,,0.03424599999999999
chexpert,157,source,3,39,79,66.66666666666667,12.333333333333334,1827.3333333333333,93.66666666666667,0.8438818565400844,0.9512406732604547,
chexpert,157,empirical,3,39,79,67.33333333333333,11.666666666666666,1819.0,102.0,0.8523206751054854,0.9469026548672566,
chexpert,157,guarded,3,39,79,78.66666666666667,0.3333333333333333,1220.6666666666667,700.3333333333334,0.9957805907172995,0.6354329342356412,
chexpert,157,raw,3,39,79,,,,,,,0.09280886865793164
chexpert,157,logistic,3,39,79,,,,,,,0.019050540224626048
chexpert,157,constant,3,39,79,,,,,,,0.037939999999999995
chexpert,158,source,3,45,67,59.666666666666664,7.333333333333333,1822.0,111.0,0.8905472636815922,0.9425763062597,
chexpert,158,empirical,3,45,67,55.333333333333336,11.666666666666666,1867.3333333333333,65.66666666666667,0.8258706467661692,0.9660286256251078,
chexpert,158,guarded,3,45,67,66.33333333333333,0.6666666666666666,1195.3333333333333,737.6666666666666,0.990049751243781,0.6183824797378858,
chexpert,158,raw,3,45,67,,,,,,,0.10704072250028741
chexpert,158,logistic,3,45,67,,,,,,,0.016212594336413658
chexpert,158,constant,3,45,67,,,,,,,0.032510000000000004
chexpert,159,source,3,34,67,65.0,2.0,1827.0,106.0,0.9701492537313433,0.9451629591308847,
chexpert,159,empirical,3,34,67,59.666666666666664,7.333333333333333,1892.0,41.0,0.890547263681592,0.9787894464562855,
chexpert,159,guarded,3,34,67,64.0,3.0,1847.0,86.0,0.955223880597015,0.9555095706156234,
chexpert,159,raw,3,34,67,,,,,,,0.10195857580365257
chexpert,159,logistic,3,34,67,,,,,,,0.014023123601300902
chexpert,159,constant,3,34,67,,,,,,,0.032378000000000004
chexpert,160,source,3,53,78,72.0,6.0,1825.0,97.0,0.923076923076923,0.949531737773153,
chexpert,160,empirical,3,53,78,67.66666666666667,10.333333333333334,1850.6666666666667,71.33333333333333,0.8675213675213675,0.9628858827610127,
chexpert,160,guarded,3,53,78,73.66666666666667,4.333333333333333,1826.0,96.0,0.9444444444444445,0.9500520291363164,
chexpert,160,raw,3,53,78,,,,,,,0.09345178367859204
chexpert,160,logistic,3,53,78,,,,,,,0.017005184529250265
chexpert,160,constant,3,53,78,,,,,,,0.037674999999999986
chexpert,161,source,3,44,69,62.0,7.0,1843.6666666666667,87.33333333333333,0.8985507246376813,0.9547730018988435,
chexpert,161,empirical,3,44,69,62.333333333333336,6.666666666666667,1834.3333333333333,96.66666666666667,0.9033816425120773,0.9499395822544451,
chexpert,161,guarded,3,44,69,64.33333333333333,4.666666666666667,1796.6666666666667,134.33333333333334,0.9323671497584541,0.9304332815466942,
chexpert,161,raw,3,44,69,,,,,,,0.09702747503229918
chexpert,161,logistic,3,44,69,,,,,,,0.014859104845650332
chexpert,161,constant,3,44,69,,,,,,,0.033400000000000006
chexpert,162,source,3,42,66,59.333333333333336,6.666666666666667,1839.3333333333333,94.66666666666667,0.8989898989898989,0.9510513615994486,
chexpert,162,empirical,3,42,66,60.0,6.0,1836.6666666666667,97.33333333333333,0.9090909090909092,0.9496725267149259,
chexpert,162,guarded,3,42,66,62.666666666666664,3.3333333333333335,1790.0,144.0,0.9494949494949495,0.9255429162357808,
chexpert,162,raw,3,42,66,,,,,,,0.09500009092092891
chexpert,162,logistic,3,42,66,,,,,,,0.015191227637165657
chexpert,162,constant,3,42,66,,,,,,,0.031992
chexpert,163,source,3,45,80,74.66666666666667,5.333333333333333,1825.6666666666667,94.33333333333333,0.9333333333333332,0.9508680555555555,
chexpert,163,empirical,3,45,80,75.33333333333333,4.666666666666667,1819.0,101.0,0.9416666666666668,0.9473958333333333,
chexpert,163,guarded,3,45,80,80.0,0.0,1207.3333333333333,712.6666666666666,1.0,0.6288194444444445,
chexpert,163,raw,3,45,80,,,,,,,0.09695639657356518
chexpert,163,logistic,3,45,80,,,,,,,0.01670840937880501
chexpert,163,constant,3,45,80,,,,,,,0.038425000000000015
chexpert,164,source,3,42,59,54.333333333333336,4.666666666666667,1845.0,96.0,0.9209039548022598,0.9505409582689334,
chexpert,164,empirical,3,42,59,54.333333333333336,4.666666666666667,1842.6666666666667,98.33333333333333,0.92090395480226,0.9493388287824146,
chexpert,164,guarded,3,42,59,57.0,2.0,1787.3333333333333,153.66666666666666,0.9661016949152543,0.9208311866735359,
chexpert,164,raw,3,42,59,,,,,,,0.09904413999705919
chexpert,164,logistic,3,42,59,,,,,,,0.013529528305493041
chexpert,164,constant,3,42,59,,,,,,,0.028786000000000003
chexpert,165,source,3,46,74,65.0,9.0,1825.0,101.0,0.8783783783783784,0.9475597092419523,
chexpert,165,empirical,3,46,74,65.33333333333333,8.666666666666666,1811.0,115.0,0.8828828828828827,0.9402907580477674,
chexpert,165,guarded,3,46,74,73.66666666666667,0.3333333333333333,1215.0,711.0,0.9954954954954954,0.630841121495327,
chexpert,165,raw,3,46,74,,,,,,,0.09896922557664072
chexpert,165,logistic,3,46,74,,,,,,,0.017733625320608865
chexpert,165,constant,3,46,74,,,,,,,0.035712
chexpert,166,source,3,48,68,61.666666666666664,6.333333333333333,1843.3333333333333,88.66666666666667,0.9068627450980392,0.9541062801932366,
chexpert,166,empirical,3,48,68,56.666666666666664,11.333333333333334,1871.6666666666667,60.333333333333336,0.8333333333333334,0.9687715665976535,
chexpert,166,guarded,3,48,68,63.666666666666664,4.333333333333333,1836.6666666666667,95.33333333333333,0.9362745098039217,0.950655624568668,
chexpert,166,raw,3,48,68,,,,,,,0.09256945408638238
chexpert,166,logistic,3,48,68,,,,,,,0.016329516731269637
chexpert,166,constant,3,48,68,,,,,,,0.03303999999999999
chexpert,167,source,3,45,69,59.0,10.0,1848.6666666666667,82.33333333333333,0.8550724637681159,0.9573623338511997,
chexpert,167,empirical,3,45,69,58.333333333333336,10.666666666666666,1847.6666666666667,83.33333333333333,0.8454106280193235,0.9568444674607285,
chexpert,167,guarded,3,45,69,68.0,1.0,1222.6666666666667,708.3333333333334,0.9855072463768115,0.633177973416192,
chexpert,167,raw,3,45,69,,,,,,,0.092006227089007
chexpert,167,logistic,3,45,69,,,,,,,0.01651039890020457
chexpert,167,constant,3,45,69,,,,,,,0.03342
chexpert,168,source,3,42,73,68.33333333333333,4.666666666666667,1835.6666666666667,91.33333333333333,0.9360730593607306,0.9526033558207923,
chexpert,168,empirical,3,42,73,69.0,4.0,1829.3333333333333,97.66666666666667,0.9452054794520549,0.9493167272098253,
chexpert,168,guarded,3,42,73,72.66666666666667,0.3333333333333333,1199.3333333333333,727.6666666666666,0.9954337899543378,0.622383670645217,
chexpert,168,raw,3,42,73,,,,,,,0.10007550498037028
chexpert,168,logistic,3,42,73,,,,,,,0.015958134936346107
chexpert,168,constant,3,42,73,,,,,,,0.035198
chexpert,169,source,3,42,80,73.33333333333333,6.666666666666667,1814.6666666666667,105.33333333333333,0.9166666666666666,0.9451388888888888,
chexpert,169,empirical,3,42,80,74.66666666666667,5.333333333333333,1803.6666666666667,116.33333333333333,0.9333333333333332,0.9394097222222223,
chexpert,169,guarded,3,42,80,79.66666666666667,0.3333333333333333,1189.3333333333333,730.6666666666666,0.9958333333333332,0.6194444444444445,
chexpert,169,raw,3,42,80,,,,,,,0.10177504715019055
chexpert,169,logistic,3,42,80,,,,,,,0.018766562187065544
chexpert,169,constant,3,42,80,,,,,,,0.038403999999999994
chexpert,170,source,3,45,54,48.0,6.0,1841.0,105.0,0.8888888888888888,0.9460431654676259,
chexpert,170,empirical,3,45,54,50.0,4.0,1835.6666666666667,110.33333333333333,0.9259259259259259,0.9433025008564576,
chexpert,170,guarded,3,45,54,51.0,3.0,1809.0,137.0,0.9444444444444443,0.9295991778006166,
chexpert,170,raw,3,45,54,,,,,,,0.10540438683946886
chexpert,170,logistic,3,45,54,,,,,,,0.01635585088519013
chexpert,170,constant,3,45,54,,,,,,,0.026595000000000008
chexpert,171,source,3,40,74,67.0,7.0,1845.0,81.0,0.9054054054054053,0.9579439252336449,
chexpert,171,empirical,3,40,74,67.33333333333333,6.666666666666667,1831.6666666666667,94.33333333333333,0.9099099099099099,0.9510211145725164,
chexpert,171,guarded,3,40,74,73.66666666666667,0.3333333333333333,1259.0,667.0,0.9954954954954954,0.6536863966770509,
chexpert,171,raw,3,40,74,,,,,,,0.08810858375971013
chexpert,171,logistic,3,40,74,,,,,,,0.01685332501983066
chexpert,171,constant,3,40,74,,,,,,,0.035640000000000005
chexpert,172,source,3,38,80,71.33333333333333,8.666666666666666,1841.0,79.0,0.8916666666666666,0.9588541666666667,
chexpert,172,empirical,3,38,80,70.0,10.0,1871.3333333333333,48.666666666666664,0.875,0.9746527777777777,
chexpert,172,guarded,3,38,80,79.66666666666667,0.3333333333333333,1221.6666666666667,698.3333333333334,0.9958333333333332,0.6362847222222222,
chexpert,172,raw,3,38,80,,,,,,,0.0894171903709909
chexpert,172,logistic,3,38,80,,,,,,,0.017531408859837904
chexpert,172,constant,3,38,80,,,,,,,0.038403999999999994
chexpert,173,source,3,46,78,72.66666666666667,5.333333333333333,1837.0,85.0,0.9316239316239315,0.9557752341311135,
chexpert,173,empirical,3,46,78,73.66666666666667,4.333333333333333,1810.6666666666667,111.33333333333333,0.9444444444444443,0.942074228234478,
chexpert,173,guarded,3,46,78,74.33333333333333,3.6666666666666665,1791.6666666666667,130.33333333333334,0.952991452991453,0.932188692334374,
chexpert,173,raw,3,46,78,,,,,,,0.09188598026177992
chexpert,173,logistic,3,46,78,,,,,,,0.015870421615790272
chexpert,173,constant,3,46,78,,,,,,,0.037528
chexpert,174,source,3,44,70,61.333333333333336,8.666666666666666,1830.0,100.0,0.8761904761904762,0.9481865284974093,
chexpert,174,empirical,3,44,70,62.333333333333336,7.666666666666667,1823.3333333333333,106.66666666666667,0.8904761904761904,0.9447322970639034,
chexpert,174,guarded,3,44,70,69.0,1.0,1231.6666666666667,698.3333333333334,0.9857142857142858,0.6381692573402419,
chexpert,174,raw,3,44,70,,,,,,,0.09818251115967769
chexpert,174,logistic,3,44,70,,,,,,,0.018631627561005403
chexpert,174,constant,3,44,70,,,,,,,0.03385600000000001
chexpert,175,source,3,42,69,60.0,9.0,1828.6666666666667,102.33333333333333,0.8695652173913043,0.9470050060417745,
chexpert,175,empirical,3,42,69,55.666666666666664,13.333333333333334,1861.0,70.0,0.8067632850241546,0.963749352667012,
chexpert,175,guarded,3,42,69,68.0,1.0,1213.0,718.0,0.9855072463768115,0.6281719316416364,
chexpert,175,raw,3,42,69,,,,,,,0.10156246788548788
chexpert,175,logistic,3,42,69,,,,,,,0.017179207707715884
chexpert,175,constant,3,42,69,,,,,,,0.033366
chexpert,176,source,3,45,71,65.0,6.0,1848.6666666666667,80.33333333333333,0.9154929577464789,0.9583549334715742,
chexpert,176,empirical,3,45,71,64.66666666666667,6.333333333333333,1863.0,66.0,0.9107981220657276,0.9657853810264386,
chexpert,176,guarded,3,45,71,67.66666666666667,3.3333333333333335,1795.0,134.0,0.9530516431924884,0.9305339554173147,
chexpert,176,raw,3,45,71,,,,,,,0.09172274667215059
chexpert,176,logistic,3,45,71,,,,,,,0.013817620515833073
chexpert,176,constant,3,45,71,,,,,,,0.03433000000000001
chexpert,177,source,3,36,72,64.66666666666667,7.333333333333333,1825.6666666666667,102.33333333333333,0.8981481481481483,0.9469225449515907,
chexpert,177,empirical,3,36,72,59.0,13.0,1870.0,58.0,0.8194444444444445,0.9699170124481328,
chexpert,177,guarded,3,36,72,72.0,0.0,1194.6666666666667,733.3333333333334,1.0,0.6196403872752421,
chexpert,177,raw,3,36,72,,,,,,,0.09934447879452013
chexpert,177,logistic,3,36,72,,,,,,,0.01820383871903979
chexpert,177,constant,3,36,72,,,,,,,0.034703999999999985
chexpert,178,source,3,42,66,59.0,7.0,1838.3333333333333,95.66666666666667,0.8939393939393939,0.9505342985177525,
chexpert,178,empirical,3,42,66,55.0,11.0,1871.6666666666667,62.333333333333336,0.8333333333333334,0.9677697345742846,
chexpert,178,guarded,3,42,66,60.666666666666664,5.333333333333333,1792.3333333333333,141.66666666666666,0.9191919191919192,0.926749396759738,
chexpert,178,raw,3,42,66,,,,,,,0.09585755404459373
chexpert,178,logistic,3,42,66,,,,,,,0.0166044947527229
chexpert,178,constant,3,42,66,,,,,,,0.031992
chexpert,179,source,3,43,82,70.0,12.0,1822.0,96.0,0.8536585365853658,0.9499478623566214,
chexpert,179,empirical,3,43,82,72.33333333333333,9.666666666666666,1814.3333333333333,103.66666666666667,0.8821138211382115,0.945950643030935,
chexpert,179,guarded,3,43,82,74.66666666666667,7.333333333333333,1768.0,150.0,0.9105691056910569,0.9217935349322209,
chexpert,179,raw,3,43,82,,,,,,,0.1000213495573503
chexpert,179,logistic,3,43,82,,,,,,,0.01870809997651955
chexpert,179,constant,3,43,82,,,,,,,0.03932299999999999
chexpert,180,source,3,38,54,51.0,3.0,1840.6666666666667,105.33333333333333,0.9444444444444445,0.9458718739294278,
chexpert,180,empirical,3,38,54,49.333333333333336,4.666666666666667,1852.6666666666667,93.33333333333333,0.9135802469135803,0.9520383693045563,
chexpert,180,guarded,3,38,54,54.0,0.0,1241.6666666666667,704.3333333333334,1.0,0.6380609797875985,
chexpert,180,raw,3,38,54,,,,,,,0.09989904631445486
chexpert,180,logistic,3,38,54,,,,,,,0.015443691299840537
chexpert,180,constant,3,38,54,,,,,,,0.026391999999999995
chexpert,181,source,3,46,75,64.0,11.0,1818.6666666666667,106.33333333333333,0.8533333333333334,0.9447619047619048,
chexpert,181,empirical,3,46,75,62.0,13.0,1845.0,80.0,0.8266666666666667,0.9584415584415584,
chexpert,181,guarded,3,46,75,74.0,1.0,1209.3333333333333,715.6666666666666,0.9866666666666667,0.6282251082251082,
chexpert,181,raw,3,46,75,,,,,,,0.10052286793320232
chexpert,181,logistic,3,46,75,,,,,,,0.019779014995412122
chexpert,181,constant,3,46,75,,,,,,,0.036166
chexpert,182,source,3,39,69,59.0,10.0,1831.3333333333333,99.66666666666667,0.8550724637681159,0.9483859830830313,
chexpert,182,empirical,3,39,69,58.666666666666664,10.333333333333334,1822.0,109.0,0.8502415458937197,0.9435525634386329,
chexpert,182,guarded,3,39,69,67.66666666666667,1.3333333333333333,1188.3333333333333,742.6666666666666,0.9806763285024154,0.6153978940100121,
chexpert,182,raw,3,39,69,,,,,,,0.10288489949869284
chexpert,182,logistic,3,39,69,,,,,,,0.018359385640721728
chexpert,182,constant,3,39,69,,,,,,,0.03333
chexpert,183,source,3,34,76,69.33333333333333,6.666666666666667,1822.6666666666667,101.33333333333333,0.912280701754386,0.9473319473319473,
chexpert,183,empirical,3,34,76,71.66666666666667,4.333333333333333,1782.3333333333333,141.66666666666666,0.9429824561403509,0.9263686763686764,
chexpert,183,guarded,3,34,76,75.66666666666667,0.3333333333333333,1227.0,697.0,0.9956140350877193,0.6377338877338877,
chexpert,183,raw,3,34,76,,,,,,,0.09974960592778108
chexpert,183,logistic,3,34,76,,,,,,,0.01966819136517789
chexpert,183,constant,3,34,76,,,,,,,0.036572
chexpert,184,source,3,42,71,63.0,8.0,1832.0,97.0,0.8873239436619719,0.9497148781752203,
chexpert,184,empirical,3,42,71,61.0,10.0,1857.3333333333333,71.66666666666667,0.8591549295774649,0.9628477622256781,
chexpert,184,guarded,3,42,71,67.66666666666667,3.3333333333333335,1789.3333333333333,139.66666666666666,0.9530516431924884,0.9275963366165544,
chexpert,184,raw,3,42,71,,,,,,,0.09490340767638693
chexpert,184,logistic,3,42,71,,,,,,,0.016491484724648595
chexpert,184,constant,3,42,71,,,,,,,0.03428199999999999
chexpert,185,source,3,51,75,66.0,9.0,1843.3333333333333,81.66666666666667,0.8799999999999999,0.9575757575757575,
chexpert,185,empirical,3,51,75,65.66666666666667,9.333333333333334,1834.3333333333333,90.66666666666667,0.8755555555555556,0.9529004329004329,
chexpert,185,guarded,3,51,75,69.66666666666667,5.333333333333333,1799.6666666666667,125.33333333333333,0.9288888888888889,0.9348917748917748,
chexpert,185,raw,3,51,75,,,,,,,0.08815530845922696
chexpert,185,logistic,3,51,75,,,,,,,0.01566344118704193
chexpert,185,constant,3,51,75,,,,,,,0.03627599999999999
chexpert,186,source,3,39,61,54.333333333333336,6.666666666666667,1840.6666666666667,98.33333333333333,0.8907103825136612,0.9492865738353103,
chexpert,186,empirical,3,39,61,57.333333333333336,3.6666666666666665,1819.3333333333333,119.66666666666667,0.9398907103825137,0.9382843390063607,
chexpert,186,guarded,3,39,61,60.666666666666664,0.3333333333333333,1183.0,756.0,0.9945355191256832,0.6101083032490976,
chexpert,186,raw,3,39,61,,,,,,,0.09693030375915597
chexpert,186,logistic,3,39,61,,,,,,,0.015399776492652935
chexpert,186,constant,3,39,61,,,,,,,0.02964199999999999
chexpert,187,source,3,44,89,75.0,14.0,1813.6666666666667,97.33333333333333,0.8426966292134831,0.9490668062096633,
chexpert,187,empirical,3,44,89,78.0,11.0,1795.0,116.0,0.8764044943820225,0.9392987964416536,
chexpert,187,guarded,3,44,89,87.33333333333333,1.6666666666666667,1189.6666666666667,721.3333333333334,0.9812734082397004,0.6225361939647654,
chexpert,187,raw,3,44,89,,,,,,,0.09919359728523049
chexpert,187,logistic,3,44,89,,,,,,,0.020112341941930196
chexpert,187,constant,3,44,89,,,,,,,0.04252000000000001
chexpert,188,source,3,46,87,82.0,5.0,1821.3333333333333,91.66666666666667,0.9425287356321839,0.952082244293431,
chexpert,188,empirical,3,46,87,82.0,5.0,1831.0,82.0,0.9425287356321839,0.9571353894406691,
chexpert,188,guarded,3,46,87,84.0,3.0,1768.3333333333333,144.66666666666666,0.9655172413793104,0.9243770691758146,
chexpert,188,raw,3,46,87,,,,,,,0.09618969271401083
chexpert,188,logistic,3,46,87,,,,,,,0.017209547559195352
chexpert,188,constant,3,46,87,,,,,,,0.041614000000000005
chexpert,189,source,3,45,56,50.333333333333336,5.666666666666667,1858.6666666666667,85.33333333333333,0.8988095238095237,0.9561042524005486,
chexpert,189,empirical,3,45,56,47.0,9.0,1888.0,56.0,0.8392857142857143,0.9711934156378601,
chexpert,189,guarded,3,45,56,56.0,0.0,1227.0,717.0,1.0,0.6311728395061729,
chexpert,189,raw,3,45,56,,,,,,,0.09434201281204295
chexpert,189,logistic,3,45,56,,,,,,,0.013754271091252442
chexpert,189,constant,3,45,56,,,,,,,0.027505000000000012
chexpert,190,source,3,60,55,48.333333333333336,6.666666666666667,1858.3333333333333,86.66666666666667,0.8787878787878789,0.9554413024850043,
chexpert,190,empirical,3,60,55,49.333333333333336,5.666666666666667,1853.6666666666667,91.33333333333333,0.896969696969697,0.9530419880034277,
chexpert,190,guarded,3,60,55,54.666666666666664,0.3333333333333333,1250.0,695.0,0.993939393939394,0.6426735218508998,
chexpert,190,raw,3,60,55,,,,,,,0.09133702241761414
chexpert,190,logistic,3,60,55,,,,,,,0.01495930762220809
chexpert,190,constant,3,60,55,,,,,,,0.027800000000000005
chexpert,191,source,3,29,76,71.0,5.0,1823.3333333333333,100.66666666666667,0.9342105263157895,0.9476784476784478,
chexpert,191,empirical,3,29,76,70.66666666666667,5.333333333333333,1825.0,99.0,0.9298245614035089,0.9485446985446986,
chexpert,191,guarded,3,29,76,76.0,0.0,1179.3333333333333,744.6666666666666,1.0,0.612959112959113,
chexpert,191,raw,3,29,76,,,,,,,0.10204970728121077
chexpert,191,logistic,3,29,76,,,,,,,0.019327898454108396
chexpert,191,constant,3,29,76,,,,,,,0.036636999999999996
chexpert,192,source,3,38,87,82.0,5.0,1823.6666666666667,89.33333333333333,0.9425287356321839,0.9533019689841437,
chexpert,192,empirical,3,38,87,83.66666666666667,3.3333333333333335,1803.6666666666667,109.33333333333333,0.9616858237547893,0.9428471859208921,
chexpert,192,guarded,3,38,87,86.66666666666667,0.3333333333333333,1252.0,661.0,0.9961685823754789,0.65446941975954,
chexpert,192,raw,3,38,87,,,,,,,0.09178250873284477
chexpert,192,logistic,3,38,87,,,,,,,0.018209387112329608
chexpert,192,constant,3,38,87,,,,,,,0.041638
chexpert,193,source,3,46,60,57.0,3.0,1845.0,95.0,0.9500000000000001,0.9510309278350514,
chexpert,193,empirical,3,46,60,56.0,4.0,1843.0,97.0,0.9333333333333332,0.9500000000000001,
chexpert,193,guarded,3,46,60,59.0,1.0,1830.3333333333333,109.66666666666667,0.9833333333333334,0.9434707903780067,
chexpert,193,raw,3,46,60,,,,,,,0.09388860501218439
chexpert,193,logistic,3,46,60,,,,,,,0.014467461097424408
chexpert,193,constant,3,46,60,,,,,,,0.029355999999999993
chexpert,194,source,3,49,80,72.66666666666667,7.333333333333333,1804.0,116.0,0.9083333333333333,0.9395833333333332,
chexpert,194,empirical,3,49,80,73.0,7.0,1795.0,125.0,0.9125,0.9348958333333334,
chexpert,194,guarded,3,49,80,74.0,6.0,1776.0,144.0,0.9250000000000002,0.9250000000000002,
chexpert,194,raw,3,49,80,,,,,,,0.10390551904281582
chexpert,194,logistic,3,49,80,,,,,,,0.01959627568943843
chexpert,194,constant,3,49,80,,,,,,,0.038480999999999994
chexpert,195,source,3,51,76,68.33333333333333,7.666666666666667,1832.0,92.0,0.899122807017544,0.9521829521829521,
chexpert,195,empirical,3,51,76,70.0,6.0,1813.3333333333333,110.66666666666667,0.9210526315789473,0.9424809424809425,
chexpert,195,guarded,3,51,76,72.0,4.0,1783.3333333333333,140.66666666666666,0.9473684210526315,0.9268884268884269,
chexpert,195,raw,3,51,76,,,,,,,0.09515948287016983
chexpert,195,logistic,3,51,76,,,,,,,0.018513671589071436
chexpert,195,constant,3,51,76,,,,,,,0.036724999999999994
chexpert,196,source,3,50,66,54.333333333333336,11.666666666666666,1837.0,97.0,0.8232323232323232,0.9498448810754913,
chexpert,196,empirical,3,50,66,57.0,9.0,1826.6666666666667,107.33333333333333,0.8636363636363636,0.9445018958979663,
chexpert,196,guarded,3,50,66,65.33333333333333,0.6666666666666666,1209.6666666666667,724.3333333333334,0.98989898989899,0.6254739744915546,
chexpert,196,raw,3,50,66,,,,,,,0.09606817652975634
chexpert,196,logistic,3,50,66,,,,,,,0.018385342135088505
chexpert,196,constant,3,50,66,,,,,,,0.032199999999999986
chexpert,197,source,3,43,63,56.333333333333336,6.666666666666667,1850.0,87.0,0.8941798941798943,0.9550851832731028,
chexpert,197,empirical,3,43,63,56.333333333333336,6.666666666666667,1853.3333333333333,83.66666666666667,0.8941798941798943,0.9568060574771984,
chexpert,197,guarded,3,43,63,63.0,0.0,1229.6666666666667,707.3333333333334,1.0,0.6348304938908966,
chexpert,197,raw,3,43,63,,,,,,,0.09160419350437948
chexpert,197,logistic,3,43,63,,,,,,,0.015005074504394596
chexpert,197,constant,3,43,63,,,,,,,0.030639999999999997
chexpert,198,source,3,45,65,61.333333333333336,3.6666666666666665,1828.0,107.0,0.9435897435897435,0.9447028423772611,
chexpert,198,empirical,3,45,65,61.0,4.0,1834.0,101.0,0.9384615384615386,0.9478036175710595,
chexpert,198,guarded,3,45,65,65.0,0.0,1193.3333333333333,741.6666666666666,1.0,0.6167097329888027,
chexpert,198,raw,3,45,65,,,,,,,0.10262055612877452
chexpert,198,logistic,3,45,65,,,,,,,0.01567864334220476
chexpert,198,constant,3,45,65,,,,,,,0.03160000000000001
chexpert,199,source,3,46,60,55.333333333333336,4.666666666666667,1848.3333333333333,91.66666666666667,0.9222222222222222,0.9527491408934706,
chexpert,199,empirical,3,46,60,56.666666666666664,3.3333333333333335,1836.3333333333333,103.66666666666667,0.9444444444444443,0.9465635738831614,
chexpert,199,guarded,3,46,60,59.666666666666664,0.3333333333333333,1238.0,702.0,0.9944444444444445,0.6381443298969072,
chexpert,199,raw,3,46,60,,,,,,,0.0953054944087039
chexpert,199,logistic,3,46,60,,,,,,,0.014163526209068168
chexpert,199,constant,3,46,60,,,,,,,0.029355999999999997
chexpert,200,source,3,36,76,67.33333333333333,8.666666666666666,1818.0,106.0,0.8859649122807017,0.9449064449064449,
chexpert,200,empirical,3,36,76,70.0,6.0,1802.0,122.0,0.9210526315789475,0.9365904365904365,
chexpert,200,guarded,3,36,76,70.66666666666667,5.333333333333333,1764.6666666666667,159.33333333333334,0.9298245614035089,0.9171864171864171,
chexpert,200,raw,3,36,76,,,,,,,0.10270969614728427
chexpert,200,logistic,3,36,76,,,,,,,0.019514201537420773
chexpert,200,constant,3,36,76,,,,,,,0.03655999999999999
chexpert,201,source,3,41,78,72.0,6.0,1829.3333333333333,92.66666666666667,0.923076923076923,0.9517863336801943,
chexpert,201,empirical,3,41,78,72.66666666666667,5.333333333333333,1829.0,93.0,0.9316239316239315,0.9516129032258065,
chexpert,201,guarded,3,41,78,77.66666666666667,0.3333333333333333,1205.6666666666667,716.3333333333334,0.9957264957264957,0.6272979535206382,
chexpert,201,raw,3,41,78,,,,,,,0.09473014173312562
chexpert,201,logistic,3,41,78,,,,,,,0.018305557643447105
chexpert,201,constant,3,41,78,,,,,,,0.03748300000000001
chexpert,202,source,3,39,61,56.0,5.0,1832.3333333333333,106.66666666666667,0.9180327868852459,0.9449888258552518,
chexpert,202,empirical,3,39,61,57.666666666666664,3.3333333333333335,1810.6666666666667,128.33333333333334,0.9453551912568305,0.9338146811070999,
chexpert,202,guarded,3,39,61,60.666666666666664,0.3333333333333333,1179.3333333333333,759.6666666666666,0.9945355191256832,0.6082172941378717,
chexpert,202,raw,3,39,61,,,,,,,0.1069475413411823
chexpert,202,logistic,3,39,61,,,,,,,0.014580804357101323
chexpert,202,constant,3,39,61,,,,,,,0.02964199999999999
chexpert,203,source,3,39,60,54.0,6.0,1840.3333333333333,99.66666666666667,0.9,0.9486254295532645,
chexpert,203,empirical,3,39,60,48.0,12.0,1888.3333333333333,51.666666666666664,0.7999999999999999,0.9733676975945017,
chexpert,203,guarded,3,39,60,59.666666666666664,0.3333333333333333,1231.6666666666667,708.3333333333334,0.9944444444444445,0.6348797250859106,
chexpert,203,raw,3,39,60,,,,,,,0.09983875604838954
chexpert,203,logistic,3,39,60,,,,,,,0.016209691694395168
chexpert,203,constant,3,39,60,,,,,,,0.029181
chexpert,204,source,3,39,64,58.333333333333336,5.666666666666667,1836.6666666666667,99.33333333333333,0.9114583333333334,0.9486914600550964,
chexpert,204,empirical,3,39,64,54.333333333333336,9.666666666666666,1870.0,66.0,0.8489583333333334,0.9659090909090908,
chexpert,204,guarded,3,39,64,61.666666666666664,2.3333333333333335,1792.3333333333333,143.66666666666666,0.9635416666666666,0.9257920110192837,
chexpert,204,raw,3,39,64,,,,,,,0.09195144127827537
chexpert,204,logistic,3,39,64,,,,,,,0.01715285769475379
chexpert,204,constant,3,39,64,,,,,,,0.031024999999999994
chexpert,205,source,3,36,71,63.666666666666664,7.333333333333333,1832.6666666666667,96.33333333333333,0.8967136150234741,0.9500604803870746,
chexpert,205,empirical,3,36,71,64.33333333333333,6.666666666666667,1836.0,93.0,0.9061032863849765,0.9517884914463454,
chexpert,205,guarded,3,36,71,65.0,6.0,1821.3333333333333,107.66666666666667,0.9154929577464789,0.9441852427855538,
chexpert,205,raw,3,36,71,,,,,,,0.09247808769307815
chexpert,205,logistic,3,36,71,,,,,,,0.01852913229152159
chexpert,205,constant,3,36,71,,,,,,,0.034239999999999986
chexpert,206,source,3,39,70,62.0,8.0,1840.0,90.0,0.8857142857142857,0.9533678756476683,
chexpert,206,empirical,3,39,70,57.333333333333336,12.666666666666666,1872.6666666666667,57.333333333333336,0.8190476190476191,0.970293609671848,
chexpert,206,guarded,3,39,70,65.0,5.0,1822.3333333333333,107.66666666666667,0.9285714285714285,0.9442141623488775,
chexpert,206,raw,3,39,70,,,,,,,0.09580427470780445
chexpert,206,logistic,3,39,70,,,,,,,0.017313068377119604
chexpert,206,constant,3,39,70,,,,,,,0.033790999999999995
chexpert,207,source,3,43,69,62.666666666666664,6.333333333333333,1844.6666666666667,86.33333333333333,0.9082125603864734,0.9552908682893148,
chexpert,207,empirical,3,43,69,62.0,7.0,1853.3333333333333,77.66666666666667,0.8985507246376812,0.959779043673399,
chexpert,207,guarded,3,43,69,66.33333333333333,2.6666666666666665,1795.0,136.0,0.9613526570048309,0.9295701708959089,
chexpert,207,raw,3,43,69,,,,,,,0.09589738144698175
chexpert,207,logistic,3,43,69,,,,,,,0.01627010370241015
chexpert,207,constant,3,43,69,,,,,,,0.03338199999999999
chexpert,208,source,3,30,70,65.33333333333333,4.666666666666667,1841.3333333333333,88.66666666666667,0.9333333333333332,0.9540587219343696,
chexpert,208,empirical,3,30,70,60.333333333333336,9.666666666666666,1866.6666666666667,63.333333333333336,0.8619047619047618,0.9671848013816925,
chexpert,208,guarded,3,30,70,70.0,0.0,1209.0,721.0,1.0,0.6264248704663212,
chexpert,208,raw,3,30,70,,,,,,,0.094823488497818
chexpert,208,logistic,3,30,70,,,,,,,0.016877489346521172
chexpert,208,constant,3,30,70,,,,,,,0.0338
chexpert,209,source,3,45,77,71.33333333333333,5.666666666666667,1831.6666666666667,91.33333333333333,0.9264069264069263,0.952504766857341,
chexpert,209,empirical,3,45,77,71.66666666666667,5.333333333333333,1828.3333333333333,94.66666666666667,0.9307359307359307,0.9507713641879008,
chexpert,209,guarded,3,45,77,77.0,0.0,1236.0,687.0,1.0,0.6427457098283932,
chexpert,209,raw,3,45,77,,,,,,,0.09550946788100921
chexpert,209,logistic,3,45,77,,,,,,,0.016250764203763344
chexpert,209,constant,3,45,77,,,,,,,0.03706
chexpert,210,source,3,48,65,59.0,6.0,1824.6666666666667,110.33333333333333,0.9076923076923077,0.9429801894918174,
chexpert,210,empirical,3,48,65,59.666666666666664,5.333333333333333,1805.6666666666667,129.33333333333334,0.9179487179487179,0.933161068044789,
chexpert,210,guarded,3,48,65,60.666666666666664,4.333333333333333,1775.3333333333333,159.66666666666666,0.9333333333333332,0.9174849267872524,
chexpert,210,raw,3,48,65,,,,,,,0.10059231134432069
chexpert,210,logistic,3,48,65,,,,,,,0.015955740818176696
chexpert,210,constant,3,48,65,,,,,,,0.031684
chexpert,211,source,3,40,70,60.666666666666664,9.333333333333334,1823.6666666666667,106.33333333333333,0.8666666666666667,0.9449050086355787,
chexpert,211,empirical,3,40,70,58.333333333333336,11.666666666666666,1848.6666666666667,81.33333333333333,0.8333333333333334,0.9578583765112262,
chexpert,211,guarded,3,40,70,69.66666666666667,0.3333333333333333,1210.6666666666667,719.3333333333334,0.9952380952380953,0.6272884283246977,
chexpert,211,raw,3,40,70,,,,,,,0.10185758179057132
chexpert,211,logistic,3,40,70,,,,,,,0.016734983385985114
chexpert,211,constant,3,40,70,,,,,,,0.03380000000000001
chexpert,212,source,3,39,74,70.33333333333333,3.6666666666666665,1839.6666666666667,86.33333333333333,0.9504504504504504,0.9551748009691936,
chexpert,212,empirical,3,39,74,67.33333333333333,6.666666666666667,1863.0,63.0,0.9099099099099099,0.9672897196261682,
chexpert,212,guarded,3,39,74,71.33333333333333,2.6666666666666665,1811.0,115.0,0.963963963963964,0.9402907580477674,
chexpert,212,raw,3,39,74,,,,,,,0.09219057130347737
chexpert,212,logistic,3,39,74,,,,,,,0.015137696942319695
chexpert,212,constant,3,39,74,,,,,,,0.035635
chexpert,213,source,3,49,61,57.0,4.0,1853.6666666666667,85.33333333333333,0.9344262295081966,0.9559910606842014,
chexpert,213,empirical,3,49,61,57.333333333333336,3.6666666666666665,1846.6666666666667,92.33333333333333,0.9398907103825137,0.9523809523809524,
chexpert,213,guarded,3,49,61,61.0,0.0,1228.0,711.0,1.0,0.6333161423414132,
chexpert,213,raw,3,49,61,,,,,,,0.09226843200408312
chexpert,213,logistic,3,49,61,,,,,,,0.014145648242949517
chexpert,213,constant,3,49,61,,,,,,,0.029911999999999998
chexpert,214,source,3,54,83,78.0,5.0,1846.0,71.0,0.9397590361445783,0.9629629629629629,
chexpert,214,empirical,3,54,83,75.66666666666667,7.333333333333333,1872.0,45.0,0.9116465863453816,0.976525821596244,
chexpert,214,guarded,3,54,83,80.0,3.0,1830.0,87.0,0.963855421686747,0.9546165884194053,
chexpert,214,raw,3,54,83,,,,,,,0.08482527552250846
chexpert,214,logistic,3,54,83,,,,,,,0.01468577197233139
chexpert,214,constant,3,54,83,,,,,,,0.039934000000000004
chexpert,215,source,3,50,78,73.0,5.0,1830.0,92.0,0.9358974358974358,0.9521331945889697,
chexpert,215,empirical,3,50,78,76.66666666666667,1.3333333333333333,1777.6666666666667,144.33333333333334,0.982905982905983,0.9249046132500868,
chexpert,215,guarded,3,50,78,78.0,0.0,1206.3333333333333,715.6666666666666,1.0,0.6276448144294138,
chexpert,215,raw,3,50,78,,,,,,,0.0952115646953924
chexpert,215,logistic,3,50,78,,,,,,,0.017062197052270443
chexpert,215,constant,3,50,78,,,,,,,0.03759999999999998
chexpert,216,source,3,38,61,55.333333333333336,5.666666666666667,1840.6666666666667,98.33333333333333,0.907103825136612,0.9492865738353103,
chexpert,216,empirical,3,38,61,54.0,7.0,1851.6666666666667,87.33333333333333,0.8852459016393444,0.9549596011689875,
chexpert,216,guarded,3,38,61,61.0,0.0,1231.0,708.0,1.0,0.6348633316142341,
chexpert,216,raw,3,38,61,,,,,,,0.09732183454655959
chexpert,216,logistic,3,38,61,,,,,,,0.015156227537740876
chexpert,216,constant,3,38,61,,,,,,,0.029625999999999996
chexpert,217,source,3,46,78,72.66666666666667,5.333333333333333,1829.6666666666667,92.33333333333333,0.9316239316239315,0.9519597641345819,
chexpert,217,empirical,3,46,78,68.0,10.0,1872.0,50.0,0.8717948717948718,0.9739854318418315,
chexpert,217,guarded,3,46,78,77.66666666666667,0.3333333333333333,1232.0,690.0,0.9957264957264957,0.6409989594172737,
chexpert,217,raw,3,46,78,,,,,,,0.09094847137677096
chexpert,217,logistic,3,46,78,,,,,,,0.015981026692751924
chexpert,217,constant,3,46,78,,,,,,,0.037528
chexpert,218,source,3,41,61,55.333333333333336,5.666666666666667,1853.0,86.0,0.907103825136612,0.9556472408457969,
chexpert,218,empirical,3,41,61,54.0,7.0,1871.6666666666667,67.33333333333333,0.8852459016393442,0.9652741963211277,
chexpert,218,guarded,3,41,61,58.666666666666664,2.3333333333333335,1802.3333333333333,136.66666666666666,0.9617486338797815,0.9295169331270415,
chexpert,218,raw,3,41,61,,,,,,,0.09131915923979585
chexpert,218,logistic,3,41,61,,,,,,,0.014477709905008173
chexpert,218,constant,3,41,61,,,,,,,0.02968000000000001
chexpert,219,source,3,35,76,63.666666666666664,12.333333333333334,1831.6666666666667,92.33333333333333,0.837719298245614,0.9520097020097019,
chexpert,219,empirical,3,35,76,62.333333333333336,13.666666666666666,1838.0,86.0,0.8201754385964913,0.9553014553014553,
chexpert,219,guarded,3,35,76,67.33333333333333,8.666666666666666,1784.6666666666667,139.33333333333334,0.8859649122807017,0.9275814275814276,
chexpert,219,raw,3,35,76,,,,,,,0.09774646921410478
chexpert,219,logistic,3,35,76,,,,,,,0.01943631841820918
chexpert,219,constant,3,35,76,,,,,,,0.03656500000000001
chexpert,220,source,3,40,79,69.66666666666667,9.333333333333334,1827.6666666666667,93.33333333333333,0.8818565400843882,0.9514141939961825,
chexpert,220,empirical,3,40,79,71.33333333333333,7.666666666666667,1831.0,90.0,0.9029535864978904,0.9531494013534617,
chexpert,220,guarded,3,40,79,78.33333333333333,0.6666666666666666,1219.6666666666667,701.3333333333334,0.9915611814345991,0.6349123720284574,
chexpert,220,raw,3,40,79,,,,,,,0.09542711660450288
chexpert,220,logistic,3,40,79,,,,,,,0.019521027366620505
chexpert,220,constant,3,40,79,,,,,,,0.037940000000000015
chexpert,221,source,3,31,61,56.666666666666664,4.333333333333333,1838.6666666666667,100.33333333333333,0.9289617486338798,0.9482551143200962,
chexpert,221,empirical,3,31,61,52.333333333333336,8.666666666666666,1863.6666666666667,75.33333333333333,0.8579234972677595,0.9611483582602715,
chexpert,221,guarded,3,31,61,61.0,0.0,1196.6666666666667,742.3333333333334,1.0,0.6171566099363933,
chexpert,221,raw,3,31,61,,,,,,,0.1030969797374678
chexpert,221,logistic,3,31,61,,,,,,,0.015424979907734226
chexpert,221,constant,3,31,61,,,,,,,0.029569999999999996
chexpert,222,source,3,37,67,62.0,5.0,1833.3333333333333,99.66666666666667,0.9253731343283582,0.9484393861010519,
chexpert,222,empirical,3,37,67,63.333333333333336,3.6666666666666665,1802.3333333333333,130.66666666666666,0.945273631840796,0.9324021382997069,
chexpert,222,guarded,3,37,67,67.0,0.0,1196.0,737.0,1.0,0.618727366787377,
chexpert,222,raw,3,37,67,,,,,,,0.10076449826039306
chexpert,222,logistic,3,37,67,,,,,,,0.016533757054302742
chexpert,222,constant,3,37,67,,,,,,,0.03238999999999999
chexpert,223,source,3,49,67,59.0,8.0,1855.6666666666667,77.33333333333333,0.8805970149253731,0.9599931022590101,
chexpert,223,empirical,3,49,67,59.666666666666664,7.333333333333333,1843.6666666666667,89.33333333333333,0.890547263681592,0.9537851353681669,
chexpert,223,guarded,3,49,67,66.66666666666667,0.3333333333333333,1227.6666666666667,705.3333333333334,0.9950248756218905,0.6351095016382136,
chexpert,223,raw,3,49,67,,,,,,,0.09012746497762554
chexpert,223,logistic,3,49,67,,,,,,,0.015064027717935774
chexpert,223,constant,3,49,67,,,,,,,0.032617999999999994
chexpert,224,source,3,44,64,56.666666666666664,7.333333333333333,1832.6666666666667,103.33333333333333,0.8854166666666666,0.9466253443526171,
chexpert,224,empirical,3,44,64,53.0,11.0,1867.6666666666667,68.33333333333333,0.828125,0.9647038567493113,
chexpert,224,guarded,3,44,64,63.666666666666664,0.3333333333333333,1230.6666666666667,705.3333333333334,0.9947916666666666,0.6356749311294765,
chexpert,224,raw,3,44,64,,,,,,,0.10044050743359101
chexpert,224,logistic,3,44,64,,,,,,,0.016506412486585357
chexpert,224,constant,3,44,64,,,,,,,0.031120000000000005
chexpert,225,source,3,40,85,75.0,10.0,1830.0,85.0,0.8823529411764707,0.9556135770234987,
chexpert,225,empirical,3,40,85,70.33333333333333,14.666666666666666,1857.3333333333333,57.666666666666664,0.8274509803921569,0.9698868581375107,
chexpert,225,guarded,3,40,85,85.0,0.0,1225.0,690.0,1.0,0.6396866840731069,
chexpert,225,raw,3,40,85,,,,,,,0.09367703440771123
chexpert,225,logistic,3,40,85,,,,,,,0.019090331016588007
chexpert,225,constant,3,40,85,,,,,,,0.0407
chexpert,226,source,3,51,58,51.666666666666664,6.333333333333333,1845.3333333333333,96.66666666666667,0.8908045977011495,0.950223137658771,
chexpert,226,empirical,3,51,58,50.333333333333336,7.666666666666667,1873.6666666666667,68.33333333333333,0.8678160919540229,0.9648129076553381,
chexpert,226,guarded,3,51,58,55.0,3.0,1801.6666666666667,140.33333333333334,0.9482758620689654,0.9277377274287675,
chexpert,226,raw,3,51,58,,,,,,,0.09404496817761905
chexpert,226,logistic,3,51,58,,,,,,,0.013638710967541929
chexpert,226,constant,3,51,58,,,,,,,0.028643
chexpert,227,source,3,51,67,60.333333333333336,6.666666666666667,1840.3333333333333,92.66666666666667,0.900497512437811,0.9520607001207105,
chexpert,227,empirical,3,51,67,61.333333333333336,5.666666666666667,1835.0,98.0,0.9154228855721392,0.9493016037247801,
chexpert,227,guarded,3,51,67,66.66666666666667,0.3333333333333333,1179.3333333333333,753.6666666666666,0.9950248756218905,0.6101051905500948,
chexpert,227,raw,3,51,67,,,,,,,0.09980371501062728
chexpert,227,logistic,3,51,67,,,,,,,0.015550975201321095
chexpert,227,constant,3,51,67,,,,,,,0.032683999999999984
chexpert,228,source,3,39,61,55.666666666666664,5.333333333333333,1843.0,96.0,0.9125683060109289,0.9504899432697268,
chexpert,228,empirical,3,39,61,55.666666666666664,5.333333333333333,1814.3333333333333,124.66666666666667,0.912568306010929,0.9357056902183256,
chexpert,228,guarded,3,39,61,61.0,0.0,1228.6666666666667,710.3333333333334,1.0,0.6336599621798177,
chexpert,228,raw,3,39,61,,,,,,,0.09654147445841325
chexpert,228,logistic,3,39,61,,,,,,,0.01562057561321928
chexpert,228,constant,3,39,61,,,,,,,0.02964199999999999
chexpert,229,source,3,35,58,48.333333333333336,9.666666666666666,1856.3333333333333,85.66666666666667,0.8333333333333334,0.955887401304497,
chexpert,229,empirical,3,35,58,50.0,8.0,1853.3333333333333,88.66666666666667,0.8620689655172414,0.95434260212839,
chexpert,229,guarded,3,35,58,57.0,1.0,1227.3333333333333,714.6666666666666,0.9827586206896551,0.6319945073807071,
chexpert,229,raw,3,35,58,,,,,,,0.09283723461383715
chexpert,229,logistic,3,35,58,,,,,,,0.01605408758092074
chexpert,229,constant,3,35,58,,,,,,,0.028195
chexpert,230,source,3,56,72,64.66666666666667,7.333333333333333,1815.0,113.0,0.898148148148148,0.941390041493776,
chexpert,230,empirical,3,56,72,65.0,7.0,1799.6666666666667,128.33333333333334,0.9027777777777778,0.9334370677731675,
chexpert,230,guarded,3,56,72,71.66666666666667,0.3333333333333333,1218.0,710.0,0.9953703703703703,0.6317427385892116,
chexpert,230,raw,3,56,72,,,,,,,0.10353114127304454
chexpert,230,logistic,3,56,72,,,,,,,0.018741511208889793
chexpert,230,constant,3,56,72,,,,,,,0.035104
chexpert,231,source,3,45,59,54.0,5.0,1848.6666666666667,92.33333333333333,0.9152542372881355,0.9524300188906062,
chexpert,231,empirical,3,45,59,55.333333333333336,3.6666666666666665,1834.6666666666667,106.33333333333333,0.9378531073446328,0.9452172419714925,
chexpert,231,guarded,3,45,59,55.333333333333336,3.6666666666666665,1801.6666666666667,139.33333333333334,0.9378531073446328,0.9282156963764382,
chexpert,231,raw,3,45,59,,,,,,,0.0952402514426766
chexpert,231,logistic,3,45,59,,,,,,,0.014705812435300065
chexpert,231,constant,3,45,59,,,,,,,0.028870000000000003
chexpert,232,source,3,38,70,64.0,6.0,1843.6666666666667,86.33333333333333,0.9142857142857143,0.9552677029360966,
chexpert,232,empirical,3,38,70,65.0,5.0,1832.3333333333333,97.66666666666667,0.9285714285714285,0.9493955094991365,
chexpert,232,guarded,3,38,70,69.66666666666667,0.3333333333333333,1235.0,695.0,0.9952380952380953,0.6398963730569948,
chexpert,232,raw,3,38,70,,,,,,,0.09111686621883518
chexpert,232,logistic,3,38,70,,,,,,,0.017082573786994456
chexpert,232,constant,3,38,70,,,,,,,0.033784
chexpert,233,source,3,45,66,58.666666666666664,7.333333333333333,1838.3333333333333,95.66666666666667,0.8888888888888888,0.9505342985177525,
chexpert,233,empirical,3,45,66,57.666666666666664,8.333333333333334,1831.0,103.0,0.8737373737373737,0.9467425025853154,
chexpert,233,guarded,3,45,66,65.0,1.0,1197.6666666666667,736.3333333333334,0.9848484848484849,0.619269217511203,
chexpert,233,raw,3,45,66,,,,,,,0.09942288441219804
chexpert,233,logistic,3,45,66,,,,,,,0.016943552761845965
chexpert,233,constant,3,45,66,,,,,,,0.03205500000000001
chexpert,234,source,3,40,67,61.666666666666664,5.333333333333333,1844.6666666666667,88.33333333333333,0.9203980099502488,0.9543024659424039,
chexpert,234,empirical,3,40,67,61.666666666666664,5.333333333333333,1846.0,87.0,0.9203980099502488,0.9549922400413865,
chexpert,234,guarded,3,40,67,62.333333333333336,4.666666666666667,1805.0,128.0,0.9303482587064676,0.9337816864976719,
chexpert,234,raw,3,40,67,,,,,,,0.09465634378147188
chexpert,234,logistic,3,40,67,,,,,,,0.014162558521713655
chexpert,234,constant,3,40,67,,,,,,,0.03242000000000001
chexpert,235,source,3,47,97,87.66666666666667,9.333333333333334,1820.0,83.0,0.9037800687285223,0.956384655806621,
chexpert,235,empirical,3,47,97,88.33333333333333,8.666666666666666,1816.0,87.0,0.9106529209621993,0.954282711508145,
chexpert,235,guarded,3,47,97,96.0,1.0,1236.0,667.0,0.9896907216494846,0.6495007882291118,
chexpert,235,raw,3,47,97,,,,,,,0.08648044777701487
chexpert,235,logistic,3,47,97,,,,,,,0.021205316973384295
chexpert,235,constant,3,47,97,,,,,,,0.04615
chexpert,236,source,3,37,67,58.333333333333336,8.666666666666666,1840.0,93.0,0.8706467661691543,0.9518882565959648,
chexpert,236,empirical,3,37,67,58.0,9.0,1833.3333333333333,99.66666666666667,0.8656716417910447,0.9484393861010519,
chexpert,236,guarded,3,37,67,62.0,5.0,1790.3333333333333,142.66666666666666,0.9253731343283582,0.9261941714088636,
chexpert,236,raw,3,37,67,,,,,,,0.09789192019352748
chexpert,236,logistic,3,37,67,,,,,,,0.016429521705941547
chexpert,236,constant,3,37,67,,,,,,,0.03238999999999999
chexpert,237,source,3,51,74,69.66666666666667,4.333333333333333,1842.6666666666667,83.33333333333333,0.9414414414414414,0.9567324333679474,
chexpert,237,empirical,3,51,74,62.333333333333336,11.666666666666666,1872.3333333333333,53.666666666666664,0.8423423423423424,0.9721356870889583,
chexpert,237,guarded,3,51,74,71.0,3.0,1815.6666666666667,110.33333333333333,0.9594594594594595,0.9427137417791623,
chexpert,237,raw,3,51,74,,,,,,,0.09184139386306998
chexpert,237,logistic,3,51,74,,,,,,,0.016263809577095147
chexpert,237,constant,3,51,74,,,,,,,0.03582699999999999
chexpert,238,source,3,50,74,66.66666666666667,7.333333333333333,1822.3333333333333,103.66666666666667,0.9009009009009009,0.9461751471097265,
chexpert,238,empirical,3,50,74,62.333333333333336,11.666666666666666,1870.3333333333333,55.666666666666664,0.8423423423423424,0.9710972654897888,
chexpert,238,guarded,3,50,74,68.33333333333333,5.666666666666667,1818.6666666666667,107.33333333333333,0.9234234234234234,0.9442713741779163,
chexpert,238,raw,3,50,74,,,,,,,0.10101695017466202
chexpert,238,logistic,3,50,74,,,,,,,0.01790305463739693
chexpert,238,constant,3,50,74,,,,,,,0.03579999999999999
chexpert,239,source,3,44,67,60.0,7.0,1838.6666666666667,94.33333333333333,0.8955223880597015,0.9511984824969822,
chexpert,239,empirical,3,44,67,61.0,6.0,1827.3333333333333,105.66666666666667,0.9104477611940299,0.9453354026556302,
chexpert,239,guarded,3,44,67,67.0,0.0,1218.0,715.0,1.0,0.6301086394205898,
chexpert,239,raw,3,44,67,,,,,,,0.09405875783390583
chexpert,239,logistic,3,44,67,,,,,,,0.015474244449779335
chexpert,239,constant,3,44,67,,,,,,,0.03248800000000001
chexpert,240,source,3,52,57,51.666666666666664,5.333333333333333,1841.3333333333333,101.66666666666667,0.9064327485380117,0.9476754160233316,
chexpert,240,empirical,3,52,57,50.0,7.0,1871.0,72.0,0.8771929824561404,0.9629439011837365,
chexpert,240,guarded,3,52,57,52.666666666666664,4.333333333333333,1831.0,112.0,0.9239766081871345,0.9423571796191457,
chexpert,240,raw,3,52,57,,,,,,,0.10096217266373934
chexpert,240,logistic,3,52,57,,,,,,,0.01578497562869106
chexpert,240,constant,3,52,57,,,,,,,0.028240000000000005
chexpert,241,source,3,36,59,56.0,3.0,1839.0,102.0,0.9491525423728814,0.9474497681607419,
chexpert,241,empirical,3,36,59,57.666666666666664,1.3333333333333333,1819.0,122.0,0.9774011299435029,0.9371458011334363,
chexpert,241,guarded,3,36,59,59.0,0.0,1219.3333333333333,721.6666666666666,1.0,0.6281985230980593,
chexpert,241,raw,3,36,59,,,,,,,0.10068879635261685
chexpert,241,logistic,3,36,59,,,,,,,0.014747452598547121
chexpert,241,constant,3,36,59,,,,,,,0.02867199999999999
chexpert,242,source,3,38,80,76.0,4.0,1838.6666666666667,81.33333333333333,0.9500000000000001,0.9576388888888889,
chexpert,242,empirical,3,38,80,78.66666666666667,1.3333333333333333,1821.6666666666667,98.33333333333333,0.9833333333333334,0.9487847222222222,
chexpert,242,guarded,3,38,80,80.0,0.0,1237.6666666666667,682.3333333333334,1.0,0.6446180555555556,
chexpert,242,raw,3,38,80,,,,,,,0.08719072315184413
chexpert,242,logistic,3,38,80,,,,,,,0.015006737082831878
chexpert,242,constant,3,38,80,,,,,,,0.038403999999999994
chexpert,243,source,3,38,66,56.333333333333336,9.666666666666666,1848.3333333333333,85.66666666666667,0.8535353535353535,0.9557049293347122,
chexpert,243,empirical,3,38,66,57.666666666666664,8.333333333333334,1840.0,94.0,0.8737373737373737,0.951396070320579,
chexpert,243,guarded,3,38,66,65.66666666666667,0.3333333333333333,1219.6666666666667,714.3333333333334,0.9949494949494949,0.6306446053085143,
chexpert,243,raw,3,38,66,,,,,,,0.09378604442539244
chexpert,243,logistic,3,38,66,,,,,,,0.01749622570522526
chexpert,243,constant,3,38,66,,,,,,,0.031936
chexpert,244,source,3,45,59,54.333333333333336,4.666666666666667,1837.6666666666667,103.33333333333333,0.9209039548022598,0.9467628370255882,
chexpert,244,empirical,3,45,59,57.333333333333336,1.6666666666666667,1790.0,151.0,0.9717514124293786,0.9222050489438433,
chexpert,244,guarded,3,45,59,59.0,0.0,1196.0,745.0,1.0,0.6161772282328696,
chexpert,244,raw,3,45,59,,,,,,,0.10208523136846352
chexpert,244,logistic,3,45,59,,,,,,,0.016419407687832552
chexpert,244,constant,3,45,59,,,,,,,0.028870000000000007
chexpert,245,source,3,48,77,68.33333333333333,8.666666666666666,1835.6666666666667,87.33333333333333,0.8874458874458875,0.9545848500606691,
chexpert,245,empirical,3,48,77,67.33333333333333,9.666666666666666,1824.3333333333333,98.66666666666667,0.8744588744588745,0.9486912809845727,
chexpert,245,guarded,3,48,77,76.66666666666667,0.3333333333333333,1243.6666666666667,679.3333333333334,0.9956709956709956,0.6467325359681054,
chexpert,245,raw,3,48,77,,,,,,,0.08995867404288733
chexpert,245,logistic,3,48,77,,,,,,,0.017535880577789268
chexpert,245,constant,3,48,77,,,,,,,0.037107999999999995
chexpert,246,source,3,37,82,72.33333333333333,9.666666666666666,1818.6666666666667,99.33333333333333,0.8821138211382115,0.9482099409106709,
chexpert,246,empirical,3,37,82,76.66666666666667,5.333333333333333,1773.0,145.0,0.9349593495934959,0.924400417101147,
chexpert,246,guarded,3,37,82,81.0,1.0,1192.6666666666667,725.3333333333334,0.9878048780487805,0.6218282933611401,
chexpert,246,raw,3,37,82,,,,,,,0.10032932608785534
chexpert,246,logistic,3,37,82,,,,,,,0.019632293027684745
chexpert,246,constant,3,37,82,,,,,,,0.03933499999999998
chexpert,247,source,3,42,69,62.0,7.0,1844.0,87.0,0.8985507246376812,0.9549456240290005,
chexpert,247,empirical,3,42,69,62.666666666666664,6.333333333333333,1843.6666666666667,87.33333333333333,0.9082125603864735,0.9547730018988435,
chexpert,247,guarded,3,42,69,68.66666666666667,0.3333333333333333,1220.0,711.0,0.9951690821256038,0.6317969963749352,
chexpert,247,raw,3,42,69,,,,,,,0.0955698976419479
chexpert,247,logistic,3,42,69,,,,,,,0.015645083980233548
chexpert,247,constant,3,42,69,,,,,,,0.033366
chexpert,248,source,3,44,78,69.33333333333333,8.666666666666666,1814.0,108.0,0.888888888888889,0.9438085327783559,
chexpert,248,empirical,3,44,78,69.33333333333333,8.666666666666666,1801.3333333333333,120.66666666666667,0.888888888888889,0.9372181755116199,
chexpert,248,guarded,3,44,78,76.66666666666667,1.3333333333333333,1175.3333333333333,746.6666666666666,0.982905982905983,0.6115157821713493,
chexpert,248,raw,3,44,78,,,,,,,0.1040151147993267
chexpert,248,logistic,3,44,78,,,,,,,0.018964101703457626
chexpert,248,constant,3,44,78,,,,,,,0.037504
chexpert,249,source,3,36,47,43.0,4.0,1853.0,100.0,0.9148936170212766,0.9487967229902714,
chexpert,249,empirical,3,36,47,44.333333333333336,2.6666666666666665,1837.0,116.0,0.9432624113475176,0.9406041986687148,
chexpert,249,guarded,3,36,47,46.666666666666664,0.3333333333333333,1244.3333333333333,708.6666666666666,0.9929078014184397,0.6371394435910566,
chexpert,249,raw,3,36,47,,,,,,,0.09983676921872646
chexpert,249,logistic,3,36,47,,,,,,,0.013152246635495973
chexpert,249,constant,3,36,47,,,,,,,0.023103999999999996
chexpert,250,source,3,43,56,50.333333333333336,5.666666666666667,1850.6666666666667,93.33333333333333,0.8988095238095237,0.9519890260631002,
chexpert,250,empirical,3,43,56,49.0,7.0,1844.6666666666667,99.33333333333333,0.875,0.9489026063100138,
chexpert,250,guarded,3,43,56,55.0,1.0,1217.0,727.0,0.9821428571428571,0.6260288065843622,
chexpert,250,raw,3,43,56,,,,,,,0.09947001001733817
chexpert,250,logistic,3,43,56,,,,,,,0.014332141025439562
chexpert,250,constant,3,43,56,,,,,,,0.027440999999999997
chexpert,251,source,3,52,60,54.0,6.0,1856.3333333333333,83.66666666666667,0.8999999999999999,0.956872852233677,
chexpert,251,empirical,3,52,60,53.666666666666664,6.333333333333333,1854.6666666666667,85.33333333333333,0.8944444444444444,0.9560137457044674,
chexpert,251,guarded,3,52,60,56.666666666666664,3.3333333333333335,1812.6666666666667,127.33333333333333,0.9444444444444443,0.9343642611683848,
chexpert,251,raw,3,52,60,,,,,,,0.09214545522814876
chexpert,251,logistic,3,52,60,,,,,,,0.014637560196647866
chexpert,251,constant,3,52,60,,,,,,,0.029584000000000003
chexpert,252,source,3,48,63,56.0,7.0,1838.3333333333333,98.66666666666667,0.888888888888889,0.9490621235587678,
chexpert,252,empirical,3,48,63,55.666666666666664,7.333333333333333,1844.0,93.0,0.8835978835978836,0.9519876097057306,
chexpert,252,guarded,3,48,63,57.666666666666664,5.333333333333333,1820.3333333333333,116.66666666666667,0.9153439153439153,0.9397694028566512,
chexpert,252,raw,3,48,63,,,,,,,0.10177412120363656
chexpert,252,logistic,3,48,63,,,,,,,0.016853564263900386
chexpert,252,constant,3,48,63,,,,,,,0.03077999999999999
chexpert,253,source,3,41,70,64.33333333333333,5.666666666666667,1829.6666666666667,100.33333333333333,0.919047619047619,0.948013816925734,
chexpert,253,empirical,3,41,70,66.0,4.0,1823.0,107.0,0.9428571428571427,0.944559585492228,
chexpert,253,guarded,3,41,70,68.0,2.0,1779.3333333333333,150.66666666666666,0.9714285714285715,0.9219343696027633,
chexpert,253,raw,3,41,70,,,,,,,0.09942608669327979
chexpert,253,logistic,3,41,70,,,,,,,0.016621698325575963
chexpert,253,constant,3,41,70,,,,,,,0.03381100000000001
chexpert,254,source,3,45,60,55.666666666666664,4.333333333333333,1834.0,106.0,0.9277777777777777,0.9453608247422679,
chexpert,254,empirical,3,45,60,55.0,5.0,1845.0,95.0,0.9166666666666666,0.9510309278350514,
chexpert,254,guarded,3,45,60,59.666666666666664,0.3333333333333333,1230.3333333333333,709.6666666666666,0.9944444444444445,0.6341924398625429,
chexpert,254,raw,3,45,60,,,,,,,0.10265748768413124
chexpert,254,logistic,3,45,60,,,,,,,0.015730739854956696
chexpert,254,constant,3,45,60,,,,,,,0.029325000000000007
chexpert,255,source,3,45,81,72.33333333333333,8.666666666666666,1840.0,79.0,0.8930041152263374,0.958832725377801,
chexpert,255,empirical,3,45,81,75.0,6.0,1813.6666666666667,105.33333333333333,0.9259259259259259,0.9451103005037346,
chexpert,255,guarded,3,45,81,81.0,0.0,1231.6666666666667,687.3333333333334,1.0,0.6418273406287996,
chexpert,255,raw,3,45,81,,,,,,,0.08739455644546912
chexpert,255,logistic,3,45,81,,,,,,,0.01691545507341439
chexpert,255,constant,3,45,81,,,,,,,0.03888000000000001
chexpert,256,source,3,37,65,59.333333333333336,5.666666666666667,1846.6666666666667,88.33333333333333,0.9128205128205128,0.954349698535745,
chexpert,256,empirical,3,37,65,62.333333333333336,2.6666666666666665,1805.6666666666667,129.33333333333334,0.958974358974359,0.9331610680447889,
chexpert,256,guarded,3,37,65,64.66666666666667,0.3333333333333333,1218.6666666666667,716.3333333333334,0.9948717948717949,0.629801894918174,
chexpert,256,raw,3,37,65,,,,,,,0.0924183791988132
chexpert,256,logistic,3,37,65,,,,,,,0.01588096873055715
chexpert,256,constant,3,37,65,,,,,,,0.031463999999999985
chexpert,257,source,3,42,59,55.0,4.0,1859.3333333333333,81.66666666666667,0.9322033898305083,0.9579254679718359,
chexpert,257,empirical,3,42,59,53.0,6.0,1886.0,55.0,0.8983050847457626,0.9716640906749099,
chexpert,257,guarded,3,42,59,58.666666666666664,0.3333333333333333,1239.3333333333333,701.6666666666666,0.9943502824858758,0.638502490125365,
chexpert,257,raw,3,42,59,,,,,,,0.09302369840319512
chexpert,257,logistic,3,42,59,,,,,,,0.01223335534366921
chexpert,257,constant,3,42,59,,,,,,,0.028786000000000003
chexpert,258,source,3,48,65,60.0,5.0,1843.0,92.0,0.923076923076923,0.952454780361757,
chexpert,258,empirical,3,48,65,61.0,4.0,1827.6666666666667,107.33333333333333,0.9384615384615383,0.9445305770887167,
chexpert,258,guarded,3,48,65,65.0,0.0,1231.6666666666667,703.3333333333334,1.0,0.636520241171404,
chexpert,258,raw,3,48,65,,,,,,,0.09202862376265904
chexpert,258,logistic,3,48,65,,,,,,,0.014798638343717939
chexpert,258,constant,3,48,65,,,,,,,0.031684
chexpert,259,source,3,47,55,47.333333333333336,7.666666666666667,1865.0,80.0,0.8606060606060607,0.9588688946015425,
chexpert,259,empirical,3,47,55,48.0,7.0,1854.0,91.0,0.8727272727272727,0.9532133676092545,
chexpert,259,guarded,3,47,55,54.666666666666664,0.3333333333333333,1239.3333333333333,705.6666666666666,0.993939393939394,0.6371893744644387,
chexpert,259,raw,3,47,55,,,,,,,0.09185102928773016
chexpert,259,logistic,3,47,55,,,,,,,0.01549080070502736
chexpert,259,constant,3,47,55,,,,,,,0.027124
chexpert,260,source,3,41,68,58.0,10.0,1848.3333333333333,83.66666666666667,0.8529411764705882,0.9566942719116632,
chexpert,260,empirical,3,41,68,51.0,17.0,1892.3333333333333,39.666666666666664,0.75,0.9794685990338164,
chexpert,260,guarded,3,41,68,60.666666666666664,7.333333333333333,1809.0,123.0,0.8921568627450981,0.9363354037267081,
chexpert,260,raw,3,41,68,,,,,,,0.09020861356637884
chexpert,260,logistic,3,41,68,,,,,,,0.017053207237293515
chexpert,260,constant,3,41,68,,,,,,,0.032893000000000006
chexpert,261,source,3,52,75,70.33333333333333,4.666666666666667,1836.3333333333333,88.66666666666667,0.9377777777777778,0.953939393939394,
chexpert,261,empirical,3,52,75,68.66666666666667,6.333333333333333,1864.6666666666667,60.333333333333336,0.9155555555555556,0.9686580086580087,
chexpert,261,guarded,3,52,75,70.66666666666667,4.333333333333333,1824.6666666666667,100.33333333333333,0.9422222222222222,0.9478787878787879,
chexpert,261,raw,3,52,75,,,,,,,0.09416265375281947
chexpert,261,logistic,3,52,75,,,,,,,0.014907215967611338
chexpert,261,constant,3,52,75,,,,,,,0.036304
chexpert,262,source,3,48,62,56.666666666666664,5.333333333333333,1840.3333333333333,97.66666666666667,0.913978494623656,0.9496044031647747,
chexpert,262,empirical,3,48,62,57.0,5.0,1834.6666666666667,103.33333333333333,0.9193548387096775,0.9466804265565876,
chexpert,262,guarded,3,48,62,59.666666666666664,2.3333333333333335,1801.0,137.0,0.9623655913978495,0.9293085655314757,
chexpert,262,raw,3,48,62,,,,,,,0.09312245782509321
chexpert,262,logistic,3,48,62,,,,,,,0.01519824621349515
chexpert,262,constant,3,48,62,,,,,,,0.030327999999999997
chexpert,263,source,3,34,73,64.33333333333333,8.666666666666666,1848.0,79.0,0.8812785388127854,0.9590036325895174,
chexpert,263,empirical,3,34,73,64.33333333333333,8.666666666666666,1841.0,86.0,0.8812785388127854,0.9553710430721329,
chexpert,263,guarded,3,34,73,66.66666666666667,6.333333333333333,1823.3333333333333,103.66666666666667,0.91324200913242,0.9462030790520671,
chexpert,263,raw,3,34,73,,,,,,,0.09111807305963293
chexpert,263,logistic,3,34,73,,,,,,,0.016184190714410962
chexpert,263,constant,3,34,73,,,,,,,0.035174000000000004
chexpert,264,source,3,43,89,81.33333333333333,7.666666666666667,1823.0,88.0,0.9138576779026217,0.9539508110936682,
chexpert,264,empirical,3,43,89,83.66666666666667,5.333333333333333,1809.0,102.0,0.9400749063670414,0.9466248037676609,
chexpert,264,guarded,3,43,89,88.33333333333333,0.6666666666666666,1209.3333333333333,701.6666666666666,0.9925093632958801,0.6328274899703471,
chexpert,264,raw,3,43,89,,,,,,,0.09330501584666397
chexpert,264,logistic,3,43,89,,,,,,,0.018497267015735275
chexpert,264,constant,3,43,89,,,,,,,0.04252199999999998
chexpert,265,source,3,44,80,75.0,5.0,1815.3333333333333,104.66666666666667,0.9375,0.9454861111111111,
chexpert,265,empirical,3,44,80,75.66666666666667,4.333333333333333,1820.3333333333333,99.66666666666667,0.9458333333333333,0.9480902777777779,
chexpert,265,guarded,3,44,80,80.0,0.0,1194.3333333333333,725.6666666666666,1.0,0.6220486111111111,
chexpert,265,raw,3,44,80,,,,,,,0.10068834309445666
chexpert,265,logistic,3,44,80,,,,,,,0.018176711229974354
chexpert,265,constant,3,44,80,,,,,,,0.03841600000000001
chexpert,266,source,3,38,54,47.666666666666664,6.333333333333333,1865.0,81.0,0.882716049382716,0.9583761562178829,
chexpert,266,empirical,3,38,54,48.333333333333336,5.666666666666667,1858.3333333333333,87.66666666666667,0.8950617283950617,0.9549503254539227,
chexpert,266,guarded,3,38,54,54.0,0.0,1236.0,710.0,1.0,0.6351490236382323,
chexpert,266,raw,3,38,54,,,,,,,0.09241350041321465
chexpert,266,logistic,3,38,54,,,,,,,0.013358419244794327
chexpert,266,constant,3,38,54,,,,,,,0.026392
chexpert,267,source,3,38,64,59.0,5.0,1841.3333333333333,94.66666666666667,0.921875,0.9511019283746557,
chexpert,267,empirical,3,38,64,62.666666666666664,1.3333333333333333,1802.0,134.0,0.9791666666666666,0.9307851239669421,
chexpert,267,guarded,3,38,64,64.0,0.0,1211.6666666666667,724.3333333333334,1.0,0.6258608815426997,
chexpert,267,raw,3,38,64,,,,,,,0.09781476221473438
chexpert,267,logistic,3,38,64,,,,,,,0.013895514143523016
chexpert,267,constant,3,38,64,,,,,,,0.031011999999999998
chexpert,268,source,3,56,74,66.66666666666667,7.333333333333333,1822.3333333333333,103.66666666666667,0.9009009009009009,0.9461751471097265,
chexpert,268,empirical,3,56,74,65.66666666666667,8.333333333333334,1822.6666666666667,103.33333333333333,0.8873873873873874,0.9463482173762547,
chexpert,268,guarded,3,56,74,70.66666666666667,3.3333333333333335,1799.0,127.0,0.954954954954955,0.9340602284527518,
chexpert,268,raw,3,56,74,,,,,,,0.10089994514060062
chexpert,268,logistic,3,56,74,,,,,,,0.018910033017629686
chexpert,268,constant,3,56,74,,,,,,,0.035992
chexpert,269,source,3,40,75,69.66666666666667,5.333333333333333,1821.3333333333333,103.66666666666667,0.9288888888888889,0.9461471861471861,
chexpert,269,empirical,3,40,75,68.66666666666667,6.333333333333333,1828.3333333333333,96.66666666666667,0.9155555555555556,0.9497835497835498,
chexpert,269,guarded,3,40,75,72.33333333333333,2.6666666666666665,1773.3333333333333,151.66666666666666,0.9644444444444445,0.9212121212121213,
chexpert,269,raw,3,40,75,,,,,,,0.1015217250024376
chexpert,269,logistic,3,40,75,,,,,,,0.01744277364643326
chexpert,269,constant,3,40,75,,,,,,,0.03610000000000001
chexpert,270,source,3,37,69,64.33333333333333,4.666666666666667,1833.6666666666667,97.33333333333333,0.9323671497584541,0.9495943379941307,
chexpert,270,empirical,3,37,69,66.66666666666667,2.3333333333333335,1783.3333333333333,147.66666666666666,0.966183574879227,0.9235283963404108,
chexpert,270,guarded,3,37,69,69.0,0.0,1198.0,733.0,1.0,0.6204039357845677,
chexpert,270,raw,3,37,69,,,,,,,0.09854554481780749
chexpert,270,logistic,3,37,69,,,,,,,0.016084718888038765
chexpert,270,constant,3,37,69,,,,,,,0.03331599999999999
chexpert,271,source,3,32,64,58.0,6.0,1827.6666666666667,108.33333333333333,0.90625,0.9440426997245179,
chexpert,271,empirical,3,32,64,53.333333333333336,10.666666666666666,1881.0,55.0,0.8333333333333334,0.9715909090909092,
chexpert,271,guarded,3,32,64,60.0,4.0,1812.3333333333333,123.66666666666667,0.9375,0.9361225895316805,
chexpert,271,raw,3,32,64,,,,,,,0.10350708969566587
chexpert,271,logistic,3,32,64,,,,,,,0.01659891788049102
chexpert,271,constant,3,32,64,,,,,,,0.030976000000000004
chexpert,272,source,3,52,89,80.66666666666667,8.333333333333334,1826.0,85.0,0.9063670411985019,0.9555206698063842,
chexpert,272,empirical,3,52,89,82.33333333333333,6.666666666666667,1825.6666666666667,85.33333333333333,0.9250936329588016,0.9553462410605267,
chexpert,272,guarded,3,52,89,89.0,0.0,1201.3333333333333,709.6666666666666,1.0,0.6286412000697715,
chexpert,272,raw,3,52,89,,,,,,,0.09247542549114511
chexpert,272,logistic,3,52,89,,,,,,,0.017385027940378096
chexpert,272,constant,3,52,89,,,,,,,0.042576
chexpert,273,source,3,46,64,60.666666666666664,3.3333333333333335,1826.3333333333333,109.66666666666667,0.9479166666666666,0.9433539944903582,
chexpert,273,empirical,3,46,64,59.0,5.0,1851.0,85.0,0.921875,0.956095041322314,
chexpert,273,guarded,3,46,64,61.333333333333336,2.6666666666666665,1803.6666666666667,132.33333333333334,0.9583333333333334,0.9316460055096418,
chexpert,273,raw,3,46,64,,,,,,,0.10178814626173692
chexpert,273,logistic,3,46,64,,,,,,,0.014120800356985472
chexpert,273,constant,3,46,64,,,,,,,0.031171999999999995
chexpert,274,source,3,51,59,52.666666666666664,6.333333333333333,1852.0,89.0,0.8926553672316384,0.9541473467284906,
chexpert,274,empirical,3,51,59,53.333333333333336,5.666666666666667,1847.0,94.0,0.903954802259887,0.951571354971664,
chexpert,274,guarded,3,51,59,57.0,2.0,1798.3333333333333,142.66666666666666,0.9661016949152543,0.9264983685385539,
chexpert,274,raw,3,51,59,,,,,,,0.09805233918362051
chexpert,274,logistic,3,51,59,,,,,,,0.01543707225105193
chexpert,274,constant,3,51,59,,,,,,,0.029091999999999993
chexpert,275,source,3,38,65,58.666666666666664,6.333333333333333,1841.3333333333333,93.66666666666667,0.9025641025641025,0.9515934539190353,
chexpert,275,empirical,3,38,65,58.0,7.0,1831.0,104.0,0.8923076923076924,0.9462532299741602,
chexpert,275,guarded,3,38,65,65.0,0.0,1212.3333333333333,722.6666666666666,1.0,0.6265288544358312,
chexpert,275,raw,3,38,65,,,,,,,0.09662092896062498
chexpert,275,logistic,3,38,65,,,,,,,0.01608907051576364
chexpert,275,constant,3,38,65,,,,,,,0.031474
chexpert,276,source,3,42,67,60.666666666666664,6.333333333333333,1845.6666666666667,87.33333333333333,0.9054726368159204,0.9548197965166407,
chexpert,276,empirical,3,42,67,61.333333333333336,5.666666666666667,1833.3333333333333,99.66666666666667,0.9154228855721392,0.9484393861010519,
chexpert,276,guarded,3,42,67,66.33333333333333,0.6666666666666666,1217.0,716.0,0.990049751243781,0.6295913088463528,
chexpert,276,raw,3,42,67,,,,,,,0.09425141971198762
chexpert,276,logistic,3,42,67,,,,,,,0.01632920738457145
chexpert,276,constant,3,42,67,,,,,,,0.03244999999999999
chexpert,277,source,3,50,85,77.0,8.0,1823.6666666666667,91.33333333333333,0.9058823529411765,0.9523063533507398,
chexpert,277,empirical,3,50,85,78.66666666666667,6.333333333333333,1810.6666666666667,104.33333333333333,0.9254901960784313,0.9455178416013924,
chexpert,277,guarded,3,50,85,84.66666666666667,0.3333333333333333,1218.6666666666667,696.3333333333334,0.996078431372549,0.6363794604003482,
chexpert,277,raw,3,50,85,,,,,,,0.09225400191883913
chexpert,277,logistic,3,50,85,,,,,,,0.01923857943849216
chexpert,277,constant,3,50,85,,,,,,,0.04074999999999999
chexpert,278,source,3,38,66,60.0,6.0,1836.0,98.0,0.9090909090909091,0.9493278179937953,
chexpert,278,empirical,3,38,66,56.333333333333336,9.666666666666666,1852.3333333333333,81.66666666666667,0.8535353535353535,0.957773181661496,
chexpert,278,guarded,3,38,66,61.666666666666664,4.333333333333333,1806.3333333333333,127.66666666666667,0.9343434343434344,0.9339882799034815,
chexpert,278,raw,3,38,66,,,,,,,0.09992834065941847
chexpert,278,logistic,3,38,66,,,,,,,0.015078700784294276
chexpert,278,constant,3,38,66,,,,,,,0.031936
chexpert,279,source,3,43,73,67.66666666666667,5.333333333333333,1850.0,77.0,0.9269406392694064,0.9600415153087701,
chexpert,279,empirical,3,43,73,65.33333333333333,7.666666666666667,1869.0,58.0,0.8949771689497718,0.969901401141671,
chexpert,279,guarded,3,43,73,72.66666666666667,0.3333333333333333,1232.0,695.0,0.9954337899543378,0.6393357550596782,
chexpert,279,raw,3,43,73,,,,,,,0.08839565768262313
chexpert,279,logistic,3,43,73,,,,,,,0.01545809361517577
chexpert,279,constant,3,43,73,,,,,,,0.03520999999999999
chexpert,280,source,3,50,72,65.66666666666667,6.333333333333333,1842.3333333333333,85.66666666666667,0.9120370370370371,0.955567081604426,
chexpert,280,empirical,3,50,72,66.33333333333333,5.666666666666667,1836.3333333333333,91.66666666666667,0.9212962962962963,0.9524550484094053,
chexpert,280,guarded,3,50,72,68.66666666666667,3.3333333333333335,1801.0,127.0,0.9537037037037037,0.9341286307053943,
chexpert,280,raw,3,50,72,,,,,,,0.0924793204689734
chexpert,280,logistic,3,50,72,,,,,,,0.015982760682296548
chexpert,280,constant,3,50,72,,,,,,,0.03489999999999999
chexpert,281,source,3,46,65,59.333333333333336,5.666666666666667,1831.0,104.0,0.9128205128205128,0.9462532299741602,
chexpert,281,empirical,3,46,65,57.0,8.0,1858.0,77.0,0.8769230769230769,0.9602067183462532,
chexpert,281,guarded,3,46,65,64.66666666666667,0.3333333333333333,1193.0,742.0,0.9948717948717949,0.6165374677002585,
chexpert,281,raw,3,46,65,,,,,,,0.09998526905725137
chexpert,281,logistic,3,46,65,,,,,,,0.017241065455102147
chexpert,281,constant,3,46,65,,,,,,,0.031625999999999994
chexpert,282,source,3,39,76,66.66666666666667,9.333333333333334,1815.3333333333333,108.66666666666667,0.8771929824561404,0.9435204435204435,
chexpert,282,empirical,3,39,76,60.666666666666664,15.333333333333334,1876.3333333333333,47.666666666666664,0.7982456140350878,0.9752252252252251,
chexpert,282,guarded,3,39,76,68.66666666666667,7.333333333333333,1801.6666666666667,122.33333333333333,0.9035087719298245,0.9364171864171865,
chexpert,282,raw,3,39,76,,,,,,,0.10370957232713846
chexpert,282,logistic,3,39,76,,,,,,,0.020157060111935233
chexpert,282,constant,3,39,76,,,,,,,0.036557
chexpert,283,source,3,35,65,61.333333333333336,3.6666666666666665,1841.3333333333333,93.66666666666667,0.9435897435897435,0.9515934539190353,
chexpert,283,empirical,3,35,65,62.666666666666664,2.3333333333333335,1827.0,108.0,0.9641025641025641,0.944186046511628,
chexpert,283,guarded,3,35,65,64.66666666666667,0.3333333333333333,1209.0,726.0,0.9948717948717949,0.6248062015503876,
chexpert,283,raw,3,35,65,,,,,,,0.09757912147620451
chexpert,283,logistic,3,35,65,,,,,,,0.01420994509409674
chexpert,283,constant,3,35,65,,,,,,,0.031450000000000006
chexpert,284,source,3,35,69,63.333333333333336,5.666666666666667,1841.3333333333333,89.66666666666667,0.9178743961352657,0.9535646469877439,
chexpert,284,empirical,3,35,69,62.666666666666664,6.333333333333333,1849.6666666666667,81.33333333333333,0.9082125603864734,0.957880200241671,
chexpert,284,guarded,3,35,69,67.0,2.0,1789.3333333333333,141.66666666666666,0.9710144927536232,0.9266355946832384,
chexpert,284,raw,3,35,69,,,,,,,0.0964035554479099
chexpert,284,logistic,3,35,69,,,,,,,0.013815536379409932
chexpert,284,constant,3,35,69,,,,,,,0.03331
chexpert,285,source,3,38,70,62.0,8.0,1814.0,116.0,0.8857142857142857,0.9398963730569948,
chexpert,285,empirical,3,38,70,61.666666666666664,8.333333333333334,1822.6666666666667,107.33333333333333,0.8809523809523809,0.9443868739205526,
chexpert,285,guarded,3,38,70,65.0,5.0,1764.3333333333333,165.66666666666666,0.9285714285714285,0.9141623488773748,
chexpert,285,raw,3,38,70,,,,,,,0.10858673828532021
chexpert,285,logistic,3,38,70,,,,,,,0.01928039975297687
chexpert,285,constant,3,38,70,,,,,,,0.033784
chexpert,286,source,3,45,71,65.66666666666667,5.333333333333333,1847.0,82.0,0.9248826291079814,0.9574909279419388,
chexpert,286,empirical,3,45,71,65.66666666666667,5.333333333333333,1839.6666666666667,89.33333333333333,0.9248826291079814,0.9536893036115431,
chexpert,286,guarded,3,45,71,70.33333333333333,0.6666666666666666,1803.0,126.0,0.9906103286384976,0.9346811819595645,
chexpert,286,raw,3,45,71,,,,,,,0.090758081308479
chexpert,286,logistic,3,45,71,,,,,,,0.015356787046336688
chexpert,286,constant,3,45,71,,,,,,,0.034330000000000006
chexpert,287,source,3,42,85,76.33333333333333,8.666666666666666,1820.3333333333333,94.66666666666667,0.8980392156862744,0.9505657093124457,
chexpert,287,empirical,3,42,85,81.66666666666667,3.3333333333333335,1774.0,141.0,0.9607843137254902,0.9263707571801567,
chexpert,287,guarded,3,42,85,85.0,0.0,1225.0,690.0,1.0,0.6396866840731071,
chexpert,287,raw,3,42,85,,,,,,,0.09589309445473292
chexpert,287,logistic,3,42,85,,,,,,,0.020901129969612003
chexpert,287,constant,3,42,85,,,,,,,0.040693999999999994
chexpert,288,source,3,36,53,48.0,5.0,1851.6666666666667,95.33333333333333,0.9056603773584907,0.951035781544256,
chexpert,288,empirical,3,36,53,48.0,5.0,1849.3333333333333,97.66666666666667,0.9056603773584907,0.9498373566170176,
chexpert,288,guarded,3,36,53,52.666666666666664,0.3333333333333333,1207.0,740.0,0.9937106918238993,0.6199280945043657,
chexpert,288,raw,3,36,53,,,,,,,0.10114360589055398
chexpert,288,logistic,3,36,53,,,,,,,0.014394715079758258
chexpert,288,constant,3,36,53,,,,,,,0.02588799999999999
chexpert,289,source,3,38,68,59.666666666666664,8.333333333333334,1836.0,96.0,0.8774509803921569,0.9503105590062111,
chexpert,289,empirical,3,38,68,59.0,9.0,1849.3333333333333,82.66666666666667,0.8676470588235294,0.9572118702553486,
chexpert,289,guarded,3,38,68,61.666666666666664,6.333333333333333,1820.0,112.0,0.9068627450980392,0.9420289855072465,
chexpert,289,raw,3,38,68,,,,,,,0.09575447282668803
chexpert,289,logistic,3,38,68,,,,,,,0.01723592351043007
chexpert,289,constant,3,38,68,,,,,,,0.03286
chexpert,290,source,3,41,63,58.666666666666664,4.333333333333333,1836.3333333333333,100.66666666666667,0.9312169312169312,0.9480295990363105,
chexpert,290,empirical,3,41,63,60.0,3.0,1830.3333333333333,106.66666666666667,0.9523809523809522,0.9449320254689382,
chexpert,290,guarded,3,41,63,63.0,0.0,1231.0,706.0,1.0,0.6355188435725349,
chexpert,290,raw,3,41,63,,,,,,,0.09697943530019715
chexpert,290,logistic,3,41,63,,,,,,,0.014496319880985181
chexpert,290,constant,3,41,63,,,,,,,0.030598000000000014
chexpert,291,source,3,34,68,61.666666666666664,6.333333333333333,1849.3333333333333,82.66666666666667,0.9068627450980392,0.9572118702553486,
chexpert,291,empirical,3,34,68,59.666666666666664,8.333333333333334,1867.0,65.0,0.8774509803921569,0.9663561076604554,
chexpert,291,guarded,3,34,68,65.33333333333333,2.6666666666666665,1802.3333333333333,129.66666666666666,0.9607843137254902,0.9328847481021394,
chexpert,291,raw,3,34,68,,,,,,,0.09474010785382048
chexpert,291,logistic,3,34,68,,,,,,,0.014410193883302393
chexpert,291,constant,3,34,68,,,,,,,0.032844000000000005
chexpert,292,source,3,38,74,63.333333333333336,10.666666666666666,1822.0,104.0,0.8558558558558559,0.9460020768431984,
chexpert,292,empirical,3,38,74,65.33333333333333,8.666666666666666,1813.0,113.0,0.8828828828828829,0.9413291796469366,
chexpert,292,guarded,3,38,74,73.0,1.0,1207.3333333333333,718.6666666666666,0.9864864864864865,0.6268605053651783,
chexpert,292,raw,3,38,74,,,,,,,0.10088727156467298
chexpert,292,logistic,3,38,74,,,,,,,0.020087623090294313
chexpert,292,constant,3,38,74,,,,,,,0.035632
chexpert,293,source,3,40,81,75.0,6.0,1832.3333333333333,86.66666666666667,0.9259259259259259,0.9548375890220601,
chexpert,293,empirical,3,40,81,76.66666666666667,4.333333333333333,1814.0,105.0,0.9465020576131687,0.9452840020844189,
chexpert,293,guarded,3,40,81,80.66666666666667,0.3333333333333333,1233.3333333333333,685.6666666666666,0.9958847736625515,0.6426958485322216,
chexpert,293,raw,3,40,81,,,,,,,0.0904314780955548
chexpert,293,logistic,3,40,81,,,,,,,0.01549135082335093
chexpert,293,constant,3,40,81,,,,,,,0.038860000000000006
chexpert,294,source,3,42,74,69.0,5.0,1821.6666666666667,104.33333333333333,0.9324324324324325,0.94582900657667,
chexpert,294,empirical,3,42,74,69.33333333333333,4.666666666666667,1818.6666666666667,107.33333333333333,0.9369369369369368,0.9442713741779162,
chexpert,294,guarded,3,42,74,74.0,0.0,1190.0,736.0,1.0,0.6178608515057114,
chexpert,294,raw,3,42,74,,,,,,,0.10140205367823296
chexpert,294,logistic,3,42,74,,,,,,,0.018016889331673943
chexpert,294,constant,3,42,74,,,,,,,0.035656
chexpert,295,source,3,38,83,72.66666666666667,10.333333333333334,1831.6666666666667,85.33333333333333,0.8755020080321284,0.9554860024343593,
chexpert,295,empirical,3,38,83,75.0,8.0,1818.6666666666667,98.33333333333333,0.9036144578313253,0.9487045731177187,
chexpert,295,guarded,3,38,83,82.33333333333333,0.6666666666666666,1205.6666666666667,711.3333333333334,0.9919678714859438,0.6289340984176665,
chexpert,295,raw,3,38,83,,,,,,,0.09227777717291391
chexpert,295,logistic,3,38,83,,,,,,,0.018708636068929318
chexpert,295,constant,3,38,83,,,,,,,0.03978999999999999
chexpert,296,source,3,54,61,56.0,5.0,1849.6666666666667,89.33333333333333,0.9180327868852459,0.9539281416537735,
chexpert,296,empirical,3,54,61,53.666666666666664,7.333333333333333,1854.6666666666667,84.33333333333333,0.8797814207650273,0.9565067904418085,
chexpert,296,guarded,3,54,61,56.666666666666664,4.333333333333333,1827.6666666666667,111.33333333333333,0.9289617486338798,0.9425820869864191,
chexpert,296,raw,3,54,61,,,,,,,0.09594526853106071
chexpert,296,logistic,3,54,61,,,,,,,0.014560736854864975
chexpert,296,constant,3,54,61,,,,,,,0.030122
chexpert,297,source,3,43,76,64.66666666666667,11.333333333333334,1846.3333333333333,77.66666666666667,0.850877192982456,0.9596327096327096,
chexpert,297,empirical,3,43,76,63.0,13.0,1849.6666666666667,74.33333333333333,0.8289473684210527,0.9613652113652114,
chexpert,297,guarded,3,43,76,68.66666666666667,7.333333333333333,1800.0,124.0,0.9035087719298245,0.9355509355509355,
chexpert,297,raw,3,43,76,,,,,,,0.08793582953380917
chexpert,297,logistic,3,43,76,,,,,,,0.01765276177390183
chexpert,297,constant,3,43,76,,,,,,,0.03658099999999999
chexpert,298,source,3,42,76,67.33333333333333,8.666666666666666,1824.6666666666667,99.33333333333333,0.8859649122807017,0.9483714483714484,
chexpert,298,empirical,3,42,76,63.333333333333336,12.666666666666666,1856.3333333333333,67.66666666666667,0.8333333333333334,0.9648302148302149,
chexpert,298,guarded,3,42,76,71.66666666666667,4.333333333333333,1798.0,126.0,0.9429824561403509,0.9345114345114345,
chexpert,298,raw,3,42,76,,,,,,,0.09879616686356456
chexpert,298,logistic,3,42,76,,,,,,,0.01948111457610409
chexpert,298,constant,3,42,76,,,,,,,0.03657199999999999
chexpert,299,source,3,48,84,77.0,7.0,1816.0,100.0,0.9166666666666666,0.9478079331941545,
chexpert,299,empirical,3,48,84,77.66666666666667,6.333333333333333,1808.3333333333333,107.66666666666667,0.9246031746031745,0.9438065414057063,
chexpert,299,guarded,3,48,84,78.33333333333333,5.666666666666667,1791.6666666666667,124.33333333333333,0.9325396825396824,0.9351078636047321,
chexpert,299,raw,3,48,84,,,,,,,0.10098283276057218
chexpert,299,logistic,3,48,84,,,,,,,0.018801992225997318
chexpert,299,constant,3,48,84,,,,,,,0.04027199999999999
chexpert,300,source,3,37,65,61.0,4.0,1846.3333333333333,88.66666666666667,0.9384615384615383,0.9541774332472007,
chexpert,300,empirical,3,37,65,56.0,9.0,1872.6666666666667,62.333333333333336,0.8615384615384615,0.967786391042205,
chexpert,300,guarded,3,37,65,62.666666666666664,2.3333333333333335,1820.3333333333333,114.66666666666667,0.9641025641025641,0.9407407407407407,
chexpert,300,raw,3,37,65,,,,,,,0.09523304889024185
chexpert,300,logistic,3,37,65,,,,,,,0.01492675034978642
chexpert,300,constant,3,37,65,,,,,,,0.031463999999999985
chexpert,301,source,3,37,71,63.0,8.0,1817.0,112.0,0.8873239436619719,0.9419388284085017,
chexpert,301,empirical,3,37,71,57.333333333333336,13.666666666666666,1855.0,74.0,0.807511737089202,0.9616381544841888,
chexpert,301,guarded,3,37,71,65.66666666666667,5.333333333333333,1804.0,125.0,0.9248826291079814,0.9351995852773457,
chexpert,301,raw,3,37,71,,,,,,,0.1052387841714425
chexpert,301,logistic,3,37,71,,,,,,,0.018818989821325557
chexpert,301,constant,3,37,71,,,,,,,0.03424199999999998
chexpert,302,source,3,38,68,65.66666666666667,2.3333333333333335,1835.0,97.0,0.9656862745098039,0.9497929606625259,
chexpert,302,empirical,3,38,68,61.333333333333336,6.666666666666667,1860.0,72.0,0.9019607843137255,0.9627329192546584,
chexpert,302,guarded,3,38,68,66.33333333333333,1.6666666666666667,1788.6666666666667,143.33333333333334,0.9754901960784315,0.9258109040717736,
chexpert,302,raw,3,38,68,,,,,,,0.09732586087870969
chexpert,302,logistic,3,38,68,,,,,,,0.014064547774396259
chexpert,302,constant,3,38,68,,,,,,,0.03286
chexpert,303,source,3,49,59,56.0,3.0,1820.6666666666667,120.33333333333333,0.9491525423728814,0.9380044650523786,
chexpert,303,empirical,3,49,59,55.333333333333336,3.6666666666666665,1829.6666666666667,111.33333333333333,0.9378531073446328,0.9426412502146659,
chexpert,303,guarded,3,49,59,59.0,0.0,1218.6666666666667,722.3333333333334,1.0,0.6278550575304825,
chexpert,303,raw,3,49,59,,,,,,,0.10716171143483048
chexpert,303,logistic,3,49,59,,,,,,,0.016917881567360616
chexpert,303,constant,3,49,59,,,,,,,0.029009999999999994
chexpert,304,source,3,51,80,70.0,10.0,1815.0,105.0,0.875,0.9453125,
chexpert,304,empirical,3,51,80,70.0,10.0,1816.3333333333333,103.66666666666667,0.875,0.9460069444444444,
chexpert,304,guarded,3,51,80,71.33333333333333,8.666666666666666,1790.3333333333333,129.66666666666666,0.8916666666666666,0.9324652777777778,
chexpert,304,raw,3,51,80,,,,,,,0.09735705468337201
chexpert,304,logistic,3,51,80,,,,,,,0.021429396564867215
chexpert,304,constant,3,51,80,,,,,,,0.038520999999999986
chexpert,305,source,3,52,66,59.333333333333336,6.666666666666667,1831.3333333333333,102.66666666666667,0.8989898989898989,0.9469148569458808,
chexpert,305,empirical,3,52,66,60.333333333333336,5.666666666666667,1819.6666666666667,114.33333333333333,0.9141414141414143,0.9408824543260944,
chexpert,305,guarded,3,52,66,66.0,0.0,1205.0,729.0,1.0,0.6230610134436402,
chexpert,305,raw,3,52,66,,,,,,,0.09995514102436438
chexpert,305,logistic,3,52,66,,,,,,,0.01681468948233286
chexpert,305,constant,3,52,66,,,,,,,0.03227200000000001
chexpert,306,source,3,42,76,69.33333333333333,6.666666666666667,1820.6666666666667,103.33333333333333,0.912280701754386,0.9462924462924464,
chexpert,306,empirical,3,42,76,67.66666666666667,8.333333333333334,1824.0,100.0,0.8903508771929824,0.9480249480249481,
chexpert,306,guarded,3,42,76,72.33333333333333,3.6666666666666665,1798.6666666666667,125.33333333333333,0.9517543859649124,0.9348579348579348,
chexpert,306,raw,3,42,76,,,,,,,0.09891790401306934
chexpert,306,logistic,3,42,76,,,,,,,0.017964764646091855
chexpert,306,constant,3,42,76,,,,,,,0.036572
chexpert,307,source,3,34,68,61.333333333333336,6.666666666666667,1830.3333333333333,101.66666666666667,0.9019607843137255,0.9473775017253278,
chexpert,307,empirical,3,34,68,60.333333333333336,7.666666666666667,1835.6666666666667,96.33333333333333,0.8872549019607844,0.9501380262249827,
chexpert,307,guarded,3,34,68,63.666666666666664,4.333333333333333,1800.3333333333333,131.66666666666666,0.9362745098039215,0.9318495514147688,
chexpert,307,raw,3,34,68,,,,,,,0.104515967492096
chexpert,307,logistic,3,34,68,,,,,,,0.01566450625289202
chexpert,307,constant,3,34,68,,,,,,,0.032844000000000005
chexpert,308,source,3,39,69,61.0,8.0,1827.6666666666667,103.33333333333333,0.8840579710144927,0.9464871396513033,
chexpert,308,empirical,3,39,69,63.333333333333336,5.666666666666667,1804.3333333333333,126.66666666666667,0.9178743961352657,0.9344035905403073,
chexpert,308,guarded,3,39,69,68.66666666666667,0.3333333333333333,1237.3333333333333,693.6666666666666,0.9951690821256038,0.6407733471431037,
chexpert,308,raw,3,39,69,,,,,,,0.09986337060188799
chexpert,308,logistic,3,39,69,,,,,,,0.01721031004191889
chexpert,308,constant,3,39,69,,,,,,,0.03333
chexpert,309,source,3,49,85,77.33333333333333,7.666666666666667,1828.3333333333333,86.66666666666667,0.9098039215686274,0.9547432550043516,
chexpert,309,empirical,3,49,85,79.33333333333333,5.666666666666667,1817.6666666666667,97.33333333333333,0.9333333333333332,0.9491731940818102,
chexpert,309,guarded,3,49,85,81.0,4.0,1774.0,141.0,0.9529411764705883,0.9263707571801567,
chexpert,309,raw,3,49,85,,,,,,,0.09818922167784694
chexpert,309,logistic,3,49,85,,,,,,,0.01689584490357472
chexpert,309,constant,3,49,85,,,,,,,0.04073599999999999
chexpert,310,source,3,46,59,55.333333333333336,3.6666666666666665,1838.6666666666667,102.33333333333333,0.9378531073446328,0.9472780353769535,
chexpert,310,empirical,3,46,59,55.333333333333336,3.6666666666666665,1818.3333333333333,122.66666666666667,0.9378531073446328,0.9368023355658596,
chexpert,310,guarded,3,46,59,58.666666666666664,0.3333333333333333,1236.0,705.0,0.9943502824858758,0.6367851622874807,
chexpert,310,raw,3,46,59,,,,,,,0.09961221170631697
chexpert,310,logistic,3,46,59,,,,,,,0.014896490042711116
chexpert,310,constant,3,46,59,,,,,,,0.028901999999999997
chexpert,311,source,3,51,72,65.33333333333333,6.666666666666667,1833.0,95.0,0.9074074074074074,0.9507261410788382,
chexpert,311,empirical,3,51,72,65.0,7.0,1837.3333333333333,90.66666666666667,0.9027777777777778,0.9529737206085754,
chexpert,311,guarded,3,51,72,67.0,5.0,1813.3333333333333,114.66666666666667,0.9305555555555555,0.9405255878284923,
chexpert,311,raw,3,51,72,,,,,,,0.09811328879036425
chexpert,311,logistic,3,51,72,,,,,,,0.016502906150033202
chexpert,311,constant,3,51,72,,,,,,,0.03492899999999999
chexpert,312,source,3,47,69,65.66666666666667,3.3333333333333335,1827.3333333333333,103.66666666666667,0.9516908212560388,0.9463145175211461,
chexpert,312,empirical,3,47,69,66.0,3.0,1826.6666666666667,104.33333333333333,0.9565217391304349,0.945969273260832,
chexpert,312,guarded,3,47,69,68.33333333333333,0.6666666666666666,1788.3333333333333,142.66666666666666,0.9903381642512077,0.9261177282927671,
chexpert,312,raw,3,47,69,,,,,,,0.09690569186352499
chexpert,312,logistic,3,47,69,,,,,,,0.015529227269427718
chexpert,312,constant,3,47,69,,,,,,,0.033466
chexpert,313,source,3,46,77,68.66666666666667,8.333333333333334,1817.6666666666667,105.33333333333333,0.8917748917748917,0.9452244756456926,
chexpert,313,empirical,3,46,77,68.66666666666667,8.333333333333334,1808.0,115.0,0.8917748917748917,0.9401976079043162,
chexpert,313,guarded,3,46,77,70.66666666666667,6.333333333333333,1798.0,125.0,0.9177489177489178,0.9349973998959958,
chexpert,313,raw,3,46,77,,,,,,,0.10498945691677782
chexpert,313,logistic,3,46,77,,,,,,,0.018885341406330514
chexpert,313,constant,3,46,77,,,,,,,0.037073999999999996
chexpert,314,source,3,54,73,62.666666666666664,10.333333333333334,1844.3333333333333,82.66666666666667,0.858447488584475,0.9571008476042208,
chexpert,314,empirical,3,54,73,62.333333333333336,10.666666666666666,1833.6666666666667,93.33333333333333,0.8538812785388128,0.9515654731015396,
chexpert,314,guarded,3,54,73,67.0,6.0,1816.0,111.0,0.9178082191780822,0.9423975090814739,
chexpert,314,raw,3,54,73,,,,,,,0.09155362062112382
chexpert,314,logistic,3,54,73,,,,,,,0.01742621415190426
chexpert,314,constant,3,54,73,,,,,,,0.035474000000000006
chexpert,315,source,3,50,70,61.666666666666664,8.333333333333334,1831.6666666666667,98.33333333333333,0.8809523809523809,0.9490500863557858,
chexpert,315,empirical,3,50,70,57.0,13.0,1865.0,65.0,0.8142857142857144,0.966321243523316,
chexpert,315,guarded,3,50,70,65.33333333333333,4.666666666666667,1806.0,124.0,0.9333333333333332,0.9357512953367876,
chexpert,315,raw,3,50,70,,,,,,,0.10048309576560727
chexpert,315,logistic,3,50,70,,,,,,,0.017757884384593425
chexpert,315,constant,3,50,70,,,,,,,0.03399999999999999
chexpert,316,source,3,46,55,50.0,5.0,1848.0,97.0,0.9090909090909092,0.9501285347043703,
chexpert,316,empirical,3,46,55,50.666666666666664,4.333333333333333,1852.0,93.0,0.9212121212121213,0.9521850899742931,
chexpert,316,guarded,3,46,55,51.666666666666664,3.3333333333333335,1821.6666666666667,123.33333333333333,0.9393939393939394,0.9365895458440446,
chexpert,316,raw,3,46,55,,,,,,,0.09821248683101352
chexpert,316,logistic,3,46,55,,,,,,,0.015317548332434967
chexpert,316,constant,3,46,55,,,,,,,0.027086
chexpert,317,source,3,31,67,59.333333333333336,7.666666666666667,1828.0,105.0,0.8855721393034827,0.9456802897051215,
chexpert,317,empirical,3,31,67,64.33333333333333,2.6666666666666665,1781.6666666666667,151.33333333333334,0.9601990049751242,0.9217106397654767,
chexpert,317,guarded,3,31,67,67.0,0.0,1150.0,783.0,1.0,0.594930160372478,
chexpert,317,raw,3,31,67,,,,,,,0.10679054226710026
chexpert,317,logistic,3,31,67,,,,,,,0.017061395646124675
chexpert,317,constant,3,31,67,,,,,,,0.032384
chexpert,318,source,3,45,64,59.0,5.0,1835.3333333333333,100.66666666666667,0.921875,0.9480027548209367,
chexpert,318,empirical,3,45,64,61.666666666666664,2.3333333333333335,1792.3333333333333,143.66666666666666,0.9635416666666666,0.9257920110192837,
chexpert,318,guarded,3,45,64,64.0,0.0,1223.6666666666667,712.3333333333334,1.0,0.6320592286501377,
chexpert,318,raw,3,45,64,,,,,,,0.09700113467393208
chexpert,318,logistic,3,45,64,,,,,,,0.017476149587084506
chexpert,318,constant,3,45,64,,,,,,,0.03114500000000001
chexpert,319,source,3,32,68,61.666666666666664,6.333333333333333,1830.3333333333333,101.66666666666667,0.9068627450980392,0.9473775017253278,
chexpert,319,empirical,3,32,68,62.0,6.0,1836.3333333333333,95.66666666666667,0.9117647058823529,0.9504830917874396,
chexpert,319,guarded,3,32,68,67.66666666666667,0.3333333333333333,1190.6666666666667,741.3333333333334,0.9950980392156863,0.616287094547964,
chexpert,319,raw,3,32,68,,,,,,,0.10309404433395473
chexpert,319,logistic,3,32,68,,,,,,,0.015314936316888747
chexpert,319,constant,3,32,68,,,,,,,0.032848
chexpert,320,source,3,39,81,74.33333333333333,6.666666666666667,1802.6666666666667,116.33333333333333,0.9176954732510288,0.93937814834115,
chexpert,320,empirical,3,39,81,74.33333333333333,6.666666666666667,1803.0,116.0,0.9176954732510287,0.9395518499218344,
chexpert,320,guarded,3,39,81,75.66666666666667,5.333333333333333,1778.0,141.0,0.934156378600823,0.9265242313705054,
chexpert,320,raw,3,39,81,,,,,,,0.10245473139495277
chexpert,320,logistic,3,39,81,,,,,,,0.018448436897720532
chexpert,320,constant,3,39,81,,,,,,,0.038861999999999994
chexpert,321,source,3,45,76,71.0,5.0,1833.6666666666667,90.33333333333333,0.9342105263157894,0.9530492030492032,
chexpert,321,empirical,3,45,76,71.0,5.0,1829.3333333333333,94.66666666666667,0.9342105263157895,0.9507969507969509,
chexpert,321,guarded,3,45,76,73.33333333333333,2.6666666666666665,1814.6666666666667,109.33333333333333,0.9649122807017543,0.9431739431739432,
chexpert,321,raw,3,45,76,,,,,,,0.09533491906540549
chexpert,321,logistic,3,45,76,,,,,,,0.016340170393818736
chexpert,321,constant,3,45,76,,,,,,,0.036605000000000006
chexpert,322,source,3,56,66,61.333333333333336,4.666666666666667,1851.0,83.0,0.9292929292929294,0.9570837642192348,
chexpert,322,empirical,3,56,66,61.333333333333336,4.666666666666667,1847.6666666666667,86.33333333333333,0.9292929292929294,0.9553602206135815,
chexpert,322,guarded,3,56,66,65.33333333333333,0.6666666666666666,1224.3333333333333,709.6666666666666,0.98989898989899,0.6330575663564288,
chexpert,322,raw,3,56,66,,,,,,,0.09207512179356464
chexpert,322,logistic,3,56,66,,,,,,,0.01343029374318746
chexpert,322,constant,3,56,66,,,,,,,0.03244
chexpert,323,source,3,36,50,47.333333333333336,2.6666666666666665,1845.3333333333333,104.66666666666667,0.9466666666666667,0.9463247863247863,
chexpert,323,empirical,3,36,50,45.666666666666664,4.333333333333333,1862.6666666666667,87.33333333333333,0.9133333333333334,0.9552136752136752,
chexpert,323,guarded,3,36,50,49.0,1.0,1798.0,152.0,0.98,0.9220512820512821,
chexpert,323,raw,3,36,50,,,,,,,0.09920837825303959
chexpert,323,logistic,3,36,50,,,,,,,0.012423284536823795
chexpert,323,constant,3,36,50,,,,,,,0.024495999999999987
chexpert,324,source,3,36,65,59.0,6.0,1836.3333333333333,98.66666666666667,0.9076923076923077,0.9490094745908699,
chexpert,324,empirical,3,36,65,53.0,12.0,1880.3333333333333,54.666666666666664,0.8153846153846155,0.9717484926787252,
chexpert,324,guarded,3,36,65,62.333333333333336,2.6666666666666665,1788.6666666666667,146.33333333333334,0.958974358974359,0.9243755383290267,
chexpert,324,raw,3,36,65,,,,,,,0.10052142916172753
chexpert,324,logistic,3,36,65,,,,,,,0.015832520699837385
chexpert,324,constant,3,36,65,,,,,,,0.031455999999999984
chexpert,325,source,3,32,76,68.0,8.0,1822.3333333333333,101.66666666666667,0.8947368421052632,0.9471586971586973,
chexpert,325,empirical,3,32,76,67.33333333333333,8.666666666666666,1824.3333333333333,99.66666666666667,0.8859649122807017,0.9481981981981983,
chexpert,325,guarded,3,32,76,75.0,1.0,1212.0,712.0,0.9868421052631579,0.62993762993763,
chexpert,325,raw,3,32,76,,,,,,,0.10017837660349614
chexpert,325,logistic,3,32,76,,,,,,,0.02041914945051734
chexpert,325,constant,3,32,76,,,,,,,0.036592
chexpert,326,source,3,54,67,62.333333333333336,4.666666666666667,1849.0,84.0,0.9303482587064676,0.9565442317640973,
chexpert,326,empirical,3,54,67,57.0,10.0,1871.6666666666667,61.333333333333336,0.8507462686567164,0.9682703914468012,
chexpert,326,guarded,3,54,67,64.66666666666667,2.3333333333333335,1824.0,109.0,0.9651741293532338,0.9436109674081737,
chexpert,326,raw,3,54,67,,,,,,,0.08834155767419027
chexpert,326,logistic,3,54,67,,,,,,,0.014663685138970255
chexpert,326,constant,3,54,67,,,,,,,0.032798
chexpert,327,source,3,42,65,59.333333333333336,5.666666666666667,1824.3333333333333,110.66666666666667,0.9128205128205128,0.9428079242032731,
chexpert,327,empirical,3,42,65,57.333333333333336,7.666666666666667,1859.0,76.0,0.882051282051282,0.9607235142118863,
chexpert,327,guarded,3,42,65,60.666666666666664,4.333333333333333,1771.6666666666667,163.33333333333334,0.9333333333333332,0.9155900086132643,
chexpert,327,raw,3,42,65,,,,,,,0.10905907224924709
chexpert,327,logistic,3,42,65,,,,,,,0.018996885642377396
chexpert,327,constant,3,42,65,,,,,,,0.031534
chexpert,328,source,3,52,78,70.66666666666667,7.333333333333333,1834.0,88.0,0.905982905982906,0.9542143600416234,
chexpert,328,empirical,3,52,78,69.33333333333333,8.666666666666666,1824.0,98.0,0.888888888888889,0.9490114464099896,
chexpert,328,guarded,3,52,78,73.66666666666667,4.333333333333333,1772.6666666666667,149.33333333333334,0.9444444444444445,0.9223031564342699,
chexpert,328,raw,3,52,78,,,,,,,0.09975496109637448
chexpert,328,logistic,3,52,78,,,,,,,0.017849479532777043
chexpert,328,constant,3,52,78,,,,,,,0.03764800000000001
chexpert,329,source,3,39,73,67.33333333333333,5.666666666666667,1831.0,96.0,0.9223744292237442,0.9501816294758693,
chexpert,329,empirical,3,39,73,68.0,5.0,1818.0,109.0,0.9315068493150683,0.9434353918007266,
chexpert,329,guarded,3,39,73,73.0,0.0,1193.6666666666667,733.3333333333334,1.0,0.6194430029406677,
chexpert,329,raw,3,39,73,,,,,,,0.09984144645377928
chexpert,329,logistic,3,39,73,,,,,,,0.016223266907242902
chexpert,329,constant,3,39,73,,,,,,,0.035174
chexpert,330,source,3,35,56,51.0,5.0,1844.6666666666667,99.33333333333333,0.9107142857142857,0.9489026063100137,
chexpert,330,empirical,3,35,56,49.333333333333336,6.666666666666667,1882.6666666666667,61.333333333333336,0.880952380952381,0.9684499314128944,
chexpert,330,guarded,3,35,56,53.333333333333336,2.6666666666666665,1803.0,141.0,0.9523809523809524,0.9274691358024691,
chexpert,330,raw,3,35,56,,,,,,,0.09797902220166965
chexpert,330,logistic,3,35,56,,,,,,,0.015085024799178046
chexpert,330,constant,3,35,56,,,,,,,0.027265
chexpert,331,source,3,44,71,61.333333333333336,9.666666666666666,1844.3333333333333,84.66666666666667,0.863849765258216,0.9561085190945223,
chexpert,331,empirical,3,44,71,63.333333333333336,7.666666666666667,1835.0,94.0,0.892018779342723,0.9512700881285641,
chexpert,331,guarded,3,44,71,65.33333333333333,5.666666666666667,1793.6666666666667,135.33333333333334,0.92018779342723,0.9298427509936064,
chexpert,331,raw,3,44,71,,,,,,,0.09213919707374772
chexpert,331,logistic,3,44,71,,,,,,,0.015103455493180297
chexpert,331,constant,3,44,71,,,,,,,0.034312
chexpert,332,source,3,41,61,57.333333333333336,3.6666666666666665,1843.6666666666667,95.33333333333333,0.9398907103825137,0.9508337631081313,
chexpert,332,empirical,3,41,61,52.0,9.0,1896.0,43.0,0.8524590163934426,0.9778236204228984,
chexpert,332,guarded,3,41,61,61.0,0.0,1218.0,721.0,1.0,0.6281588447653429,
chexpert,332,raw,3,41,61,,,,,,,0.09967409513798631
chexpert,332,logistic,3,41,61,,,,,,,0.013569765644226078
chexpert,332,constant,3,41,61,,,,,,,0.02968000000000001
chexpert,333,source,3,36,54,49.666666666666664,4.333333333333333,1842.6666666666667,103.33333333333333,0.9197530864197532,0.946899623158616,
chexpert,333,empirical,3,36,54,51.0,3.0,1834.6666666666667,111.33333333333333,0.9444444444444445,0.9427886262418638,
chexpert,333,guarded,3,36,54,53.666666666666664,0.3333333333333333,1217.6666666666667,728.3333333333334,0.9938271604938271,0.6257279890373416,
chexpert,333,raw,3,36,54,,,,,,,0.10083896302014439
chexpert,333,logistic,3,36,54,,,,,,,0.013084302306616105
chexpert,333,constant,3,36,54,,,,,,,0.02635199999999999
chexpert,334,source,3,50,84,77.66666666666667,6.333333333333333,1810.0,106.0,0.9246031746031745,0.9446764091858038,
chexpert,334,empirical,3,50,84,69.33333333333333,14.666666666666666,1855.3333333333333,60.666666666666664,0.8253968253968255,0.9683368128044537,
chexpert,334,guarded,3,50,84,79.66666666666667,4.333333333333333,1789.3333333333333,126.66666666666667,0.9484126984126985,0.9338900487125956,
chexpert,334,raw,3,50,84,,,,,,,0.1009791077153794
chexpert,334,logistic,3,50,84,,,,,,,0.018371003210394605
chexpert,334,constant,3,50,84,,,,,,,0.04029999999999998
chexpert,335,source,3,34,72,63.0,9.0,1839.0,89.0,0.875,0.953838174273859,
chexpert,335,empirical,3,34,72,63.0,9.0,1840.3333333333333,87.66666666666667,0.875,0.9545297372060858,
chexpert,335,guarded,3,34,72,66.66666666666667,5.333333333333333,1791.6666666666667,136.33333333333334,0.9259259259259259,0.9292876901798065,
chexpert,335,raw,3,34,72,,,,,,,0.09591197200025497
chexpert,335,logistic,3,34,72,,,,,,,0.017258633817884752
chexpert,335,constant,3,34,72,,,,,,,0.034708
chexpert,336,source,3,35,75,70.33333333333333,4.666666666666667,1844.0,81.0,0.9377777777777778,0.957922077922078,
chexpert,336,empirical,3,35,75,70.0,5.0,1837.3333333333333,87.66666666666667,0.9333333333333332,0.9544588744588745,
chexpert,336,guarded,3,35,75,75.0,0.0,1191.3333333333333,733.6666666666666,1.0,0.6188744588744588,
chexpert,336,raw,3,35,75,,,,,,,0.0909422937584465
chexpert,336,logistic,3,35,75,,,,,,,0.01469939114430729
chexpert,336,constant,3,35,75,,,,,,,0.03610000000000001
chexpert,337,source,3,42,69,60.333333333333336,8.666666666666666,1838.0,93.0,0.8743961352657005,0.9518384256861729,
chexpert,337,empirical,3,42,69,59.0,10.0,1873.3333333333333,57.666666666666664,0.8550724637681159,0.9701363714828242,
chexpert,337,guarded,3,42,69,62.666666666666664,6.333333333333333,1816.3333333333333,114.66666666666667,0.9082125603864735,0.9406179872259623,
chexpert,337,raw,3,42,69,,,,,,,0.09615611562011811
chexpert,337,logistic,3,42,69,,,,,,,0.017302301950612158
chexpert,337,constant,3,42,69,,,,,,,0.033366
chexpert,338,source,3,51,79,71.66666666666667,7.333333333333333,1808.0,113.0,0.9071729957805906,0.9411764705882354,
chexpert,338,empirical,3,51,79,71.66666666666667,7.333333333333333,1804.3333333333333,116.66666666666667,0.9071729957805906,0.9392677424952282,
chexpert,338,guarded,3,51,79,74.33333333333333,4.666666666666667,1781.3333333333333,139.66666666666666,0.940928270042194,0.9272948117300017,
chexpert,338,raw,3,51,79,,,,,,,0.10703556278131564
chexpert,338,logistic,3,51,79,,,,,,,0.019668581273616342
chexpert,338,constant,3,51,79,,,,,,,0.03807199999999999
chexpert,339,source,3,48,71,61.666666666666664,9.333333333333334,1834.3333333333333,94.66666666666667,0.868544600938967,0.9509244859167097,
chexpert,339,empirical,3,48,71,60.666666666666664,10.333333333333334,1827.0,102.0,0.8544600938967136,0.9471228615863142,
chexpert,339,guarded,3,48,71,64.0,7.0,1815.0,114.0,0.9014084507042254,0.9409020217729394,
chexpert,339,raw,3,48,71,,,,,,,0.09970719485479813
chexpert,339,logistic,3,48,71,,,,,,,0.01713930345068159
chexpert,339,constant,3,48,71,,,,,,,0.034396
chexpert,340,source,3,48,66,56.0,10.0,1842.6666666666667,91.33333333333333,0.8484848484848485,0.9527749052051018,
chexpert,340,empirical,3,48,66,59.333333333333336,6.666666666666667,1818.6666666666667,115.33333333333333,0.8989898989898991,0.9403653912443986,
chexpert,340,guarded,3,48,66,60.333333333333336,5.666666666666667,1790.6666666666667,143.33333333333334,0.9141414141414143,0.9258876249569115,
chexpert,340,raw,3,48,66,,,,,,,0.09378872142834242
chexpert,340,logistic,3,48,66,,,,,,,0.01668475148586739
chexpert,340,constant,3,48,66,,,,,,,0.032136
chexpert,341,source,3,38,65,57.0,8.0,1843.0,92.0,0.8769230769230769,0.952454780361757,
chexpert,341,empirical,3,38,65,59.0,6.0,1832.3333333333333,102.66666666666667,0.9076923076923077,0.9469422911283377,
chexpert,341,guarded,3,38,65,61.0,4.0,1799.0,136.0,0.9384615384615386,0.9297157622739017,
chexpert,341,raw,3,38,65,,,,,,,0.09829145499851692
chexpert,341,logistic,3,38,65,,,,,,,0.015716078314355387
chexpert,341,constant,3,38,65,,,,,,,0.031474
chexpert,342,source,3,35,66,62.666666666666664,3.3333333333333335,1832.6666666666667,101.33333333333333,0.9494949494949495,0.9476042743881421,
chexpert,342,empirical,3,35,66,61.0,5.0,1850.0,84.0,0.9242424242424243,0.9565667011375387,
chexpert,342,guarded,3,35,66,65.33333333333333,0.6666666666666666,1787.0,147.0,0.98989898989899,0.9239917269906929,
chexpert,342,raw,3,35,66,,,,,,,0.1021650457205094
chexpert,342,logistic,3,35,66,,,,,,,0.0152611786331064
chexpert,342,constant,3,35,66,,,,,,,0.031915
chexpert,343,source,3,44,69,59.666666666666664,9.333333333333334,1835.6666666666667,95.33333333333333,0.8647342995169082,0.9506300707750733,
chexpert,343,empirical,3,44,69,60.0,9.0,1833.0,98.0,0.8695652173913043,0.9492490937338167,
chexpert,343,guarded,3,44,69,68.66666666666667,0.3333333333333333,1201.0,730.0,0.9951690821256038,0.6219575349559813,
chexpert,343,raw,3,44,69,,,,,,,0.09830466993956215
chexpert,343,logistic,3,44,69,,,,,,,0.01781166533757914
chexpert,343,constant,3,44,69,,,,,,,0.033400000000000006
chexpert,344,source,3,37,56,52.0,4.0,1852.0,92.0,0.9285714285714285,0.9526748971193415,
chexpert,344,empirical,3,37,56,48.333333333333336,7.666666666666667,1870.6666666666667,73.33333333333333,0.8630952380952381,0.9622770919067216,
chexpert,344,guarded,3,37,56,53.666666666666664,2.3333333333333335,1817.0,127.0,0.9583333333333334,0.9346707818930042,
chexpert,344,raw,3,37,56,,,,,,,0.0997732683028234
chexpert,344,logistic,3,37,56,,,,,,,0.013215431630395657
chexpert,344,constant,3,37,56,,,,,,,0.02729699999999999
chexpert,345,source,3,49,76,65.0,11.0,1836.3333333333333,87.66666666666667,0.8552631578947368,0.9544352044352045,
chexpert,345,empirical,3,49,76,65.66666666666667,10.333333333333334,1836.6666666666667,87.33333333333333,0.8640350877192983,0.9546084546084547,
chexpert,345,guarded,3,49,76,66.0,10.0,1826.0,98.0,0.8684210526315791,0.9490644490644491,
chexpert,345,raw,3,49,76,,,,,,,0.096420597026878
chexpert,345,logistic,3,49,76,,,,,,,0.016821310807052386
chexpert,345,constant,3,49,76,,,,,,,0.036676999999999994
chexpert,346,source,3,44,71,67.0,4.0,1847.6666666666667,81.33333333333333,0.943661971830986,0.9578365301537929,
chexpert,346,empirical,3,44,71,65.66666666666667,5.333333333333333,1848.0,81.0,0.9248826291079814,0.9580093312597201,
chexpert,346,guarded,3,44,71,70.0,1.0,1800.6666666666667,128.33333333333334,0.9859154929577465,0.9334715742180749,
chexpert,346,raw,3,44,71,,,,,,,0.0902447584358184
chexpert,346,logistic,3,44,71,,,,,,,0.013695701086560296
chexpert,346,constant,3,44,71,,,,,,,0.034312
chexpert,347,source,3,55,79,70.0,9.0,1811.0,110.0,0.8860759493670886,0.9427381572097865,
chexpert,347,empirical,3,55,79,64.0,15.0,1868.3333333333333,52.666666666666664,0.8101265822784809,0.9725837237549887,
chexpert,347,guarded,3,55,79,70.33333333333333,8.666666666666666,1819.6666666666667,101.33333333333333,0.890295358649789,0.9472496963387124,
chexpert,347,raw,3,55,79,,,,,,,0.10544584746733589
chexpert,347,logistic,3,55,79,,,,,,,0.01931239098867427
chexpert,347,constant,3,55,79,,,,,,,0.038180000000000006
chexpert,348,source,3,43,65,54.0,11.0,1838.0,97.0,0.8307692307692308,0.9498708010335918,
chexpert,348,empirical,3,43,65,57.333333333333336,7.666666666666667,1815.0,120.0,0.882051282051282,0.937984496124031,
chexpert,348,guarded,3,43,65,64.33333333333333,0.6666666666666666,1222.0,713.0,0.9897435897435898,0.6315245478036177,
chexpert,348,raw,3,43,65,,,,,,,0.09796283464262721
chexpert,348,logistic,3,43,65,,,,,,,0.017983256538707897
chexpert,348,constant,3,43,65,,,,,,,0.03155399999999999
chexpert,349,source,3,38,59,56.0,3.0,1832.3333333333333,108.66666666666667,0.9491525423728814,0.9440151124849735,
chexpert,349,empirical,3,38,59,55.666666666666664,3.3333333333333335,1826.0,115.0,0.943502824858757,0.9407521895929932,
chexpert,349,guarded,3,38,59,57.666666666666664,1.3333333333333333,1774.6666666666667,166.33333333333334,0.9774011299435029,0.9143053408895758,
chexpert,349,raw,3,38,59,,,,,,,0.105353806806101
chexpert,349,logistic,3,38,59,,,,,,,0.013566858149697361
chexpert,349,constant,3,38,59,,,,,,,0.028701999999999995
chexpert,350,source,3,40,75,64.0,11.0,1830.3333333333333,94.66666666666667,0.8533333333333334,0.9508225108225107,
chexpert,350,empirical,3,40,75,61.0,14.0,1837.6666666666667,87.33333333333333,0.8133333333333334,0.9546320346320346,
chexpert,350,guarded,3,40,75,66.33333333333333,8.666666666666666,1810.3333333333333,114.66666666666667,0.8844444444444445,0.9404329004329005,
chexpert,350,raw,3,40,75,,,,,,,0.09804865465406674
chexpert,350,logistic,3,40,75,,,,,,,0.01816828600444798
chexpert,350,constant,3,40,75,,,,,,,0.03610000000000001
chexpert,351,source,3,46,61,54.333333333333336,6.666666666666667,1825.3333333333333,113.66666666666667,0.8907103825136612,0.9413787175520026,
chexpert,351,empirical,3,46,61,47.0,14.0,1888.6666666666667,50.333333333333336,0.7704918032786886,0.9740416022004469,
chexpert,351,guarded,3,46,61,51.0,10.0,1852.0,87.0,0.8360655737704917,0.9551315110881898,
chexpert,351,raw,3,46,61,,,,,,,0.10718867188726211
chexpert,351,logistic,3,46,61,,,,,,,0.015222160000424678
chexpert,351,constant,3,46,61,,,,,,,0.029810000000000003
chexpert,352,source,3,33,63,56.0,7.0,1856.0,81.0,0.8888888888888888,0.958182756840475,
chexpert,352,empirical,3,33,63,56.333333333333336,6.666666666666667,1848.3333333333333,88.66666666666667,0.8941798941798943,0.954224746171055,
chexpert,352,guarded,3,33,63,62.666666666666664,0.3333333333333333,1258.0,679.0,0.9947089947089948,0.6494579246257098,
chexpert,352,raw,3,33,63,,,,,,,0.08683850237454029
chexpert,352,logistic,3,33,63,,,,,,,0.015243070222549065
chexpert,352,constant,3,33,63,,,,,,,0.03051
chexpert,353,source,3,40,68,60.666666666666664,7.333333333333333,1843.0,89.0,0.892156862745098,0.9539337474120083,
chexpert,353,empirical,3,40,68,63.0,5.0,1825.6666666666667,106.33333333333333,0.926470588235294,0.9449620427881298,
chexpert,353,guarded,3,40,68,68.0,0.0,1222.6666666666667,709.3333333333334,1.0,0.6328502415458938,
chexpert,353,raw,3,40,68,,,,,,,0.09332739386834409
chexpert,353,logistic,3,40,68,,,,,,,0.016094160782072788
chexpert,353,constant,3,40,68,,,,,,,0.032880000000000006
chexpert,354,source,3,42,63,56.0,7.0,1826.0,111.0,0.888888888888889,0.9426948890036139,
chexpert,354,empirical,3,42,63,52.333333333333336,10.666666666666666,1861.0,76.0,0.8306878306878307,0.9607640681466186,
chexpert,354,guarded,3,42,63,58.333333333333336,4.666666666666667,1800.6666666666667,136.33333333333334,0.9259259259259259,0.9296162450524866,
chexpert,354,raw,3,42,63,,,,,,,0.1039333133990223
chexpert,354,logistic,3,42,63,,,,,,,0.015528771870409746
chexpert,354,constant,3,42,63,,,,,,,0.030617999999999996
chexpert,355,source,3,56,71,62.666666666666664,8.333333333333334,1844.6666666666667,84.33333333333333,0.8826291079812206,0.9562813202004493,
chexpert,355,empirical,3,56,71,62.333333333333336,8.666666666666666,1848.6666666666667,80.33333333333333,0.8779342723004695,0.9583549334715742,
chexpert,355,guarded,3,56,71,65.0,6.0,1819.6666666666667,109.33333333333333,0.915492957746479,0.9433212372559184,
chexpert,355,raw,3,56,71,,,,,,,0.09826653709534246
chexpert,355,logistic,3,56,71,,,,,,,0.015960431543015064
chexpert,355,constant,3,56,71,,,,,,,0.03466
chexpert,356,source,3,43,77,70.0,7.0,1841.0,82.0,0.9090909090909091,0.9573582943317733,
chexpert,356,empirical,3,43,77,71.0,6.0,1826.0,97.0,0.9220779220779219,0.9495579823192927,
chexpert,356,guarded,3,43,77,76.0,1.0,1187.0,736.0,0.987012987012987,0.6172646905876236,
chexpert,356,raw,3,43,77,,,,,,,0.09341071121877202
chexpert,356,logistic,3,43,77,,,,,,,0.01715381156725782
chexpert,356,constant,3,43,77,,,,,,,0.037037999999999995
chexpert,357,source,3,28,82,74.66666666666667,7.333333333333333,1817.3333333333333,100.66666666666667,0.910569105691057,0.9475147723322905,
chexpert,357,empirical,3,28,82,69.66666666666667,12.333333333333334,1851.6666666666667,66.33333333333333,0.8495934959349594,0.9654153632255822,
chexpert,357,guarded,0,28,82,,,,,,,
chexpert,357,raw,3,28,82,,,,,,,0.100403997477847
chexpert,357,logistic,3,28,82,,,,,,,0.018821538420271317
chexpert,357,constant,3,28,82,,,,,,,0.039487999999999995
chexpert,358,source,3,43,67,59.333333333333336,7.666666666666667,1835.6666666666667,97.33333333333333,0.8855721393034827,0.9496464907742714,
chexpert,358,empirical,3,43,67,60.333333333333336,6.666666666666667,1828.0,105.0,0.900497512437811,0.9456802897051216,
chexpert,358,guarded,3,43,67,66.0,1.0,1260.6666666666667,672.3333333333334,0.9850746268656717,0.6521814105880324,
chexpert,358,raw,3,43,67,,,,,,,0.09513862305963716
chexpert,358,logistic,3,43,67,,,,,,,0.01639975812737282
chexpert,358,constant,3,43,67,,,,,,,0.03246799999999999
chexpert,359,source,3,39,71,61.666666666666664,9.333333333333334,1828.6666666666667,100.33333333333333,0.868544600938967,0.9479868671159496,
chexpert,359,empirical,3,39,71,63.0,8.0,1825.3333333333333,103.66666666666667,0.8873239436619719,0.9462588560566788,
chexpert,359,guarded,3,39,71,66.33333333333333,4.666666666666667,1770.6666666666667,158.33333333333334,0.9342723004694836,0.9179194746846381,
chexpert,359,raw,3,39,71,,,,,,,0.10151502919459214
chexpert,359,logistic,3,39,71,,,,,,,0.018996913244523076
chexpert,359,constant,3,39,71,,,,,,,0.034252
chexpert,360,source,3,48,58,49.666666666666664,8.333333333333334,1860.0,82.0,0.8563218390804597,0.9577754891864059,
chexpert,360,empirical,3,48,58,50.333333333333336,7.666666666666667,1849.6666666666667,92.33333333333333,0.867816091954023,0.9524545142464813,
chexpert,360,guarded,3,48,58,57.0,1.0,1233.6666666666667,708.3333333333334,0.9827586206896551,0.6352557500858221,
chexpert,360,raw,3,48,58,,,,,,,0.09215826682374036
chexpert,360,logistic,3,48,58,,,,,,,0.014343556116404229
chexpert,360,constant,3,48,58,,,,,,,0.02852
chexpert,361,source,3,47,59,54.666666666666664,4.333333333333333,1855.0,86.0,0.9265536723163841,0.9556929417825862,
chexpert,361,empirical,3,47,59,54.0,5.0,1869.0,72.0,0.9152542372881355,0.9629057187017002,
chexpert,361,guarded,3,47,59,58.0,1.0,1806.0,135.0,0.9830508474576272,0.9304482225656878,
chexpert,361,raw,3,47,59,,,,,,,0.09385428862078761
chexpert,361,logistic,3,47,59,,,,,,,0.012137903651564032
chexpert,361,constant,3,47,59,,,,,,,0.028936
chexpert,362,source,3,38,64,56.333333333333336,7.666666666666667,1834.6666666666667,101.33333333333333,0.8802083333333334,0.9476584022038569,
chexpert,362,empirical,3,38,64,57.666666666666664,6.333333333333333,1832.3333333333333,103.66666666666667,0.9010416666666666,0.9464531680440772,
chexpert,362,guarded,3,38,64,63.666666666666664,0.3333333333333333,1212.0,724.0,0.9947916666666666,0.6260330578512396,
chexpert,362,raw,3,38,64,,,,,,,0.10008036163713636
chexpert,362,logistic,3,38,64,,,,,,,0.016684541427681304
chexpert,362,constant,3,38,64,,,,,,,0.031012
chexpert,363,source,3,44,72,66.66666666666667,5.333333333333333,1833.0,95.0,0.9259259259259259,0.9507261410788382,
chexpert,363,empirical,3,44,72,66.0,6.0,1838.0,90.0,0.9166666666666666,0.9533195020746889,
chexpert,363,guarded,3,44,72,70.33333333333333,1.6666666666666667,1786.0,142.0,0.976851851851852,0.9263485477178423,
chexpert,363,raw,3,44,72,,,,,,,0.09554189687450132
chexpert,363,logistic,3,44,72,,,,,,,0.016735201407323638
chexpert,363,constant,3,44,72,,,,,,,0.03476800000000001
chexpert,364,source,3,42,71,65.0,6.0,1827.3333333333333,101.66666666666667,0.9154929577464789,0.9472956626922411,
chexpert,364,empirical,3,42,71,66.0,5.0,1825.3333333333333,103.66666666666667,0.9295774647887325,0.9462588560566787,
chexpert,364,guarded,3,42,71,70.66666666666667,0.3333333333333333,1210.3333333333333,718.6666666666666,0.9953051643192489,0.62744081562122,
chexpert,364,raw,3,42,71,,,,,,,0.1002950479944244
chexpert,364,logistic,3,42,71,,,,,,,0.016624417778527124
chexpert,364,constant,3,42,71,,,,,,,0.03428199999999999
chexpert,365,source,3,37,79,71.0,8.0,1820.3333333333333,100.66666666666667,0.8987341772151899,0.9475967378101683,
chexpert,365,empirical,3,37,79,72.33333333333333,6.666666666666667,1810.3333333333333,110.66666666666667,0.9156118143459916,0.9423911157383307,
chexpert,365,guarded,3,37,79,78.33333333333333,0.6666666666666666,1190.6666666666667,730.3333333333334,0.9915611814345991,0.6198160680201285,
chexpert,365,raw,3,37,79,,,,,,,0.10024921822274824
chexpert,365,logistic,3,37,79,,,,,,,0.01860720675659938
chexpert,365,constant,3,37,79,,,,,,,0.03794599999999999
chexpert,366,source,3,33,91,80.0,11.0,1816.3333333333333,92.66666666666667,0.8791208791208791,0.9514580059367906,
chexpert,366,empirical,3,33,91,80.0,11.0,1806.3333333333333,102.66666666666667,0.8791208791208791,0.9462196612537105,
chexpert,366,guarded,3,33,91,90.33333333333333,0.6666666666666666,1205.0,704.0,0.9926739926739927,0.6312205343111577,
chexpert,366,raw,3,33,91,,,,,,,0.09622937454363485
chexpert,366,logistic,3,33,91,,,,,,,0.02229321318767154
chexpert,366,constant,3,33,91,,,,,,,0.04358599999999999
chexpert,367,source,3,41,66,61.666666666666664,4.333333333333333,1849.6666666666667,84.33333333333333,0.9343434343434344,0.9563943467769734,
chexpert,367,empirical,3,41,66,62.666666666666664,3.3333333333333335,1838.6666666666667,95.33333333333333,0.9494949494949495,0.9507066528783179,
chexpert,367,guarded,3,41,66,65.66666666666667,0.3333333333333333,1219.3333333333333,714.6666666666666,0.9949494949494949,0.6304722509479491,
chexpert,367,raw,3,41,66,,,,,,,0.09043792638220677
chexpert,367,logistic,3,41,66,,,,,,,0.014113226913401751
chexpert,367,constant,3,41,66,,,,,,,0.03197500000000001
chexpert,368,source,3,36,58,54.333333333333336,3.6666666666666665,1839.0,103.0,0.9367816091954023,0.946961894953656,
chexpert,368,empirical,3,36,58,55.0,3.0,1840.3333333333333,101.66666666666667,0.9482758620689654,0.9476484723652593,
chexpert,368,guarded,3,36,58,55.666666666666664,2.3333333333333335,1811.3333333333333,130.66666666666666,0.9597701149425287,0.9327154136628906,
chexpert,368,raw,3,36,58,,,,,,,0.10066420366005845
chexpert,368,logistic,3,36,58,,,,,,,0.014547658430889345
chexpert,368,constant,3,36,58,,,,,,,0.028207999999999993
chexpert,369,source,3,47,81,70.66666666666667,10.333333333333334,1813.3333333333333,105.66666666666667,0.8724279835390947,0.9449365989230502,
chexpert,369,empirical,3,47,81,68.0,13.0,1840.3333333333333,78.66666666666667,0.839506172839506,0.9590064269584854,
chexpert,369,guarded,3,47,81,73.33333333333333,7.666666666666667,1788.6666666666667,130.33333333333334,0.9053497942386831,0.9320826819524058,
chexpert,369,raw,3,47,81,,,,,,,0.09957628428622911
chexpert,369,logistic,3,47,81,,,,,,,0.01809052016594369
chexpert,369,constant,3,47,81,,,,,,,0.038902
chexpert,370,source,3,40,69,64.33333333333333,4.666666666666667,1860.6666666666667,70.33333333333333,0.9323671497584541,0.9635767305368549,
chexpert,370,empirical,3,40,69,65.66666666666667,3.3333333333333335,1850.3333333333333,80.66666666666667,0.9516908212560388,0.9582254445019852,
chexpert,370,guarded,3,40,69,69.0,0.0,1235.0,696.0,1.0,0.6395649922320041,
chexpert,370,raw,3,40,69,,,,,,,0.08391793877799408
chexpert,370,logistic,3,40,69,,,,,,,0.013762747417630816
chexpert,370,constant,3,40,69,,,,,,,0.03334000000000001
chexpert,371,source,3,35,63,60.333333333333336,2.6666666666666665,1845.3333333333333,91.66666666666667,0.9576719576719577,0.9526759593873688,
chexpert,371,empirical,3,35,63,58.333333333333336,4.666666666666667,1884.6666666666667,52.333333333333336,0.9259259259259259,0.9729822749956978,
chexpert,371,guarded,3,35,63,61.333333333333336,1.6666666666666667,1815.6666666666667,121.33333333333333,0.9735449735449735,0.9373601789709172,
chexpert,371,raw,3,35,63,,,,,,,0.09306758749998632
chexpert,371,logistic,3,35,63,,,,,,,0.012708947486730132
chexpert,371,constant,3,35,63,,,,,,,0.030520000000000002
chexpert,372,source,3,39,70,64.33333333333333,5.666666666666667,1844.3333333333333,85.66666666666667,0.919047619047619,0.9556131260794474,
chexpert,372,empirical,3,39,70,66.0,4.0,1825.3333333333333,104.66666666666667,0.9428571428571427,0.9457685664939551,
chexpert,372,guarded,3,39,70,69.66666666666667,0.3333333333333333,1228.6666666666667,701.3333333333334,0.9952380952380953,0.6366148531951641,
chexpert,372,raw,3,39,70,,,,,,,0.0937144220682563
chexpert,372,logistic,3,39,70,,,,,,,0.015213085747293057
chexpert,372,constant,3,39,70,,,,,,,0.033791
chexpert,373,source,3,43,69,61.666666666666664,7.333333333333333,1835.3333333333333,95.66666666666667,0.8937198067632851,0.9504574486449163,
chexpert,373,empirical,3,43,69,61.666666666666664,7.333333333333333,1836.6666666666667,94.33333333333333,0.8937198067632851,0.9511479371655446,
chexpert,373,guarded,3,43,69,68.33333333333333,0.6666666666666666,1195.0,736.0,0.9903381642512077,0.6188503366131538,
chexpert,373,raw,3,43,69,,,,,,,0.09834096341290789
chexpert,373,logistic,3,43,69,,,,,,,0.016076009468954915
chexpert,373,constant,3,43,69,,,,,,,0.03338199999999999
chexpert,374,source,3,40,77,73.0,4.0,1832.6666666666667,90.33333333333333,0.948051948051948,0.953024787658173,
chexpert,374,empirical,3,40,77,72.33333333333333,4.666666666666667,1838.6666666666667,84.33333333333333,0.9393939393939394,0.9561449124631651,
chexpert,374,guarded,3,40,77,77.0,0.0,1194.3333333333333,728.6666666666666,1.0,0.6210781764603918,
chexpert,374,raw,3,40,77,,,,,,,0.0926218566323878
chexpert,374,logistic,3,40,77,,,,,,,0.016315813771442898
chexpert,374,constant,3,40,77,,,,,,,0.03702000000000001
chexpert,375,source,3,52,64,58.666666666666664,5.333333333333333,1837.3333333333333,98.66666666666667,0.9166666666666666,0.9490358126721764,
chexpert,375,empirical,3,52,64,57.333333333333336,6.666666666666667,1838.3333333333333,97.66666666666667,0.8958333333333334,0.9495523415977961,
chexpert,375,guarded,3,52,64,60.666666666666664,3.3333333333333335,1792.0,144.0,0.9479166666666666,0.9256198347107438,
chexpert,375,raw,3,52,64,,,,,,,0.10002928376824126
chexpert,375,logistic,3,52,64,,,,,,,0.0179486378959656
chexpert,375,constant,3,52,64,,,,,,,0.03137600000000001
chexpert,376,source,3,39,63,56.0,7.0,1848.6666666666667,88.33333333333333,0.8888888888888888,0.9543968335914644,
chexpert,376,empirical,3,39,63,57.0,6.0,1828.0,109.0,0.9047619047619048,0.9437274135260711,
chexpert,376,guarded,3,39,63,62.0,1.0,1237.0,700.0,0.9841269841269842,0.638616417139907,
chexpert,376,raw,3,39,63,,,,,,,0.0952554492779521
chexpert,376,logistic,3,39,63,,,,,,,0.014518564378890958
chexpert,376,constant,3,39,63,,,,,,,0.030563999999999997
chexpert,377,source,3,35,68,61.0,7.0,1838.6666666666667,93.33333333333333,0.8970588235294118,0.9516908212560385,
chexpert,377,empirical,3,35,68,61.666666666666664,6.333333333333333,1836.3333333333333,95.66666666666667,0.9068627450980392,0.9504830917874396,
chexpert,377,guarded,3,35,68,67.33333333333333,0.6666666666666666,1212.0,720.0,0.9901960784313726,0.6273291925465839,
chexpert,377,raw,3,35,68,,,,,,,0.09551954933154173
chexpert,377,logistic,3,35,68,,,,,,,0.015519753431931483
chexpert,377,constant,3,35,68,,,,,,,0.03284500000000001
chexpert,378,source,3,41,78,67.33333333333333,10.666666666666666,1826.6666666666667,95.33333333333333,0.8632478632478633,0.950398890045092,
chexpert,378,empirical,3,41,78,68.0,10.0,1826.0,96.0,0.8717948717948718,0.9500520291363164,
chexpert,378,guarded,3,41,78,77.33333333333333,0.6666666666666666,1220.0,702.0,0.9914529914529915,0.6347554630593132,
chexpert,378,raw,3,41,78,,,,,,,0.09643643353674584
chexpert,378,logistic,3,41,78,,,,,,,0.019846719468385503
chexpert,378,constant,3,41,78,,,,,,,0.03748300000000001
chexpert,379,source,3,45,67,59.333333333333336,7.666666666666667,1851.0,82.0,0.8855721393034827,0.9575788929125713,
chexpert,379,empirical,3,45,67,59.0,8.0,1851.6666666666667,81.33333333333333,0.8805970149253732,0.9579237799620625,
chexpert,379,guarded,3,45,67,66.0,1.0,1224.6666666666667,708.3333333333334,0.9850746268656717,0.6335575099155027,
chexpert,379,raw,3,45,67,,,,,,,0.08973870039398056
chexpert,379,logistic,3,45,67,,,,,,,0.015442391695725116
chexpert,379,constant,3,45,67,,,,,,,0.032510000000000004
chexpert,380,source,3,45,65,60.333333333333336,4.666666666666667,1841.0,94.0,0.9282051282051281,0.951421188630491,
chexpert,380,empirical,3,45,65,62.0,3.0,1817.6666666666667,117.33333333333333,0.9538461538461539,0.9393626184323859,
chexpert,380,guarded,3,45,65,65.0,0.0,1220.0,715.0,1.0,0.6304909560723514,
chexpert,380,raw,3,45,65,,,,,,,0.0932508193689286
chexpert,380,logistic,3,45,65,,,,,,,0.015552595094198408
chexpert,380,constant,3,45,65,,,,,,,0.03160000000000001
chexpert,381,source,3,34,67,61.0,6.0,1823.3333333333333,109.66666666666667,0.9104477611940299,0.9432660803586826,
chexpert,381,empirical,3,34,67,58.333333333333336,8.666666666666666,1837.0,96.0,0.8706467661691543,0.9503362648732541,
chexpert,381,guarded,3,34,67,65.33333333333333,1.6666666666666667,1786.3333333333333,146.66666666666666,0.9751243781094527,0.9241248491119158,
chexpert,381,raw,3,34,67,,,,,,,0.10146876763321545
chexpert,381,logistic,3,34,67,,,,,,,0.017941971045758304
chexpert,381,constant,3,34,67,,,,,,,0.032378
chexpert,382,source,3,47,76,68.0,8.0,1836.0,88.0,0.8947368421052632,0.9542619542619543,
chexpert,382,empirical,3,47,76,70.66666666666667,5.333333333333333,1825.6666666666667,98.33333333333333,0.9298245614035089,0.9488911988911989,
chexpert,382,guarded,3,47,76,75.33333333333333,0.6666666666666666,1193.6666666666667,730.3333333333334,0.9912280701754387,0.6204088704088704,
chexpert,382,raw,3,47,76,,,,,,,0.09450521214008428
chexpert,382,logistic,3,47,76,,,,,,,0.016647429530594497
chexpert,382,constant,3,47,76,,,,,,,0.036637
chexpert,383,source,3,43,76,63.666666666666664,12.333333333333334,1825.6666666666667,98.33333333333333,0.837719298245614,0.9488911988911989,
chexpert,383,empirical,3,43,76,58.0,18.0,1852.6666666666667,71.33333333333333,0.763157894736842,0.9629244629244629,
chexpert,383,guarded,3,43,76,71.33333333333333,4.666666666666667,1774.6666666666667,149.33333333333334,0.9385964912280702,0.9223839223839224,
chexpert,383,raw,3,43,76,,,,,,,0.10070329449903208
chexpert,383,logistic,3,43,76,,,,,,,0.021817544372445225
chexpert,383,constant,3,43,76,,,,,,,0.036580999999999995
chexpert,384,source,3,49,68,62.666666666666664,5.333333333333333,1843.6666666666667,88.33333333333333,0.9215686274509803,0.954278812974465,
chexpert,384,empirical,3,49,68,64.33333333333333,3.6666666666666665,1801.3333333333333,130.66666666666666,0.9460784313725491,0.9323671497584541,
chexpert,384,guarded,3,49,68,68.0,0.0,1250.3333333333333,681.6666666666666,1.0,0.6471704623878537,
chexpert,384,raw,3,49,68,,,,,,,0.09315050151434884
chexpert,384,logistic,3,49,68,,,,,,,0.015640624215245265
chexpert,384,constant,3,49,68,,,,,,,0.033068999999999994
chexpert,385,source,3,50,67,60.666666666666664,6.333333333333333,1835.6666666666667,97.33333333333333,0.9054726368159204,0.9496464907742714,
chexpert,385,empirical,3,50,67,64.33333333333333,2.6666666666666665,1810.3333333333333,122.66666666666667,0.9601990049751244,0.9365407828936023,
chexpert,385,guarded,3,50,67,67.0,0.0,1236.0,697.0,1.0,0.6394205897568547,
chexpert,385,raw,3,50,67,,,,,,,0.09407626320893153
chexpert,385,logistic,3,50,67,,,,,,,0.015911433062979742
chexpert,385,constant,3,50,67,,,,,,,0.03264999999999999
chexpert,386,source,3,40,46,41.333333333333336,4.666666666666667,1858.3333333333333,95.66666666666667,0.8985507246376812,0.9510406004776527,
chexpert,386,empirical,3,40,46,41.333333333333336,4.666666666666667,1859.6666666666667,94.33333333333333,0.8985507246376812,0.9517229614466053,
chexpert,386,guarded,3,40,46,45.0,1.0,1221.3333333333333,732.6666666666666,0.9782608695652174,0.6250426475605595,
chexpert,386,raw,3,40,46,,,,,,,0.09876174282246585
chexpert,386,logistic,3,40,46,,,,,,,0.013063330490344588
chexpert,386,constant,3,40,46,,,,,,,0.022760000000000006
chexpert,387,source,3,40,65,55.333333333333336,9.666666666666666,1853.0,82.0,0.8512820512820513,0.9576227390180879,
chexpert,387,empirical,3,40,65,56.0,9.0,1849.3333333333333,85.66666666666667,0.8615384615384615,0.9557278208440998,
chexpert,387,guarded,3,40,65,64.66666666666667,0.3333333333333333,1220.6666666666667,714.3333333333334,0.9948717948717949,0.6308354866494401,
chexpert,387,raw,3,40,65,,,,,,,0.09015414880644564
chexpert,387,logistic,3,40,65,,,,,,,0.015748876684266565
chexpert,387,constant,3,40,65,,,,,,,0.03150000000000001
chexpert,388,source,3,37,71,64.0,7.0,1811.6666666666667,117.33333333333333,0.9014084507042254,0.9391740107136686,
chexpert,388,empirical,3,37,71,63.333333333333336,7.666666666666667,1817.6666666666667,111.33333333333333,0.892018779342723,0.9422844306203558,
chexpert,388,guarded,3,37,71,69.0,2.0,1761.3333333333333,167.66666666666666,0.971830985915493,0.9130810437186798,
chexpert,388,raw,3,37,71,,,,,,,0.10331364711758867
chexpert,388,logistic,3,37,71,,,,,,,0.018466449951255598
chexpert,388,constant,3,37,71,,,,,,,0.03424199999999999
chexpert,389,source,3,48,52,48.666666666666664,3.3333333333333335,1850.3333333333333,97.66666666666667,0.935897435897436,0.9498631074606435,
chexpert,389,empirical,3,48,52,48.333333333333336,3.6666666666666665,1875.0,73.0,0.9294871794871794,0.9625256673511293,
chexpert,389,guarded,3,48,52,49.333333333333336,2.6666666666666665,1851.6666666666667,96.33333333333333,0.9487179487179486,0.9505475701574264,
chexpert,389,raw,3,48,52,,,,,,,0.10165983376325967
chexpert,389,logistic,3,48,52,,,,,,,0.012922121365706432
chexpert,389,constant,3,48,52,,,,,,,0.025807999999999998
chexpert,390,source,3,36,61,54.0,7.0,1846.0,93.0,0.8852459016393442,0.9520371325425477,
chexpert,390,empirical,3,36,61,58.666666666666664,2.3333333333333335,1794.3333333333333,144.66666666666666,0.9617486338797815,0.9253910950661853,
chexpert,390,guarded,3,36,61,61.0,0.0,1219.6666666666667,719.3333333333334,1.0,0.6290183943613546,
chexpert,390,raw,3,36,61,,,,,,,0.0964055562095096
chexpert,390,logistic,3,36,61,,,,,,,0.014101928998952767
chexpert,390,constant,3,36,61,,,,,,,0.029599999999999998
chexpert,391,source,3,38,76,68.66666666666667,7.333333333333333,1829.3333333333333,94.66666666666667,0.9035087719298245,0.9507969507969508,
chexpert,391,empirical,3,38,76,70.0,6.0,1816.6666666666667,107.33333333333333,0.9210526315789473,0.9442134442134442,
chexpert,391,guarded,3,38,76,71.0,5.0,1785.0,139.0,0.9342105263157894,0.9277546777546778,
chexpert,391,raw,3,38,76,,,,,,,0.09286590692593129
chexpert,391,logistic,3,38,76,,,,,,,0.017973296973229577
chexpert,391,constant,3,38,76,,,,,,,0.036556
chexpert,392,source,3,49,79,70.33333333333333,8.666666666666666,1837.0,84.0,0.890295358649789,0.9562727745965643,
chexpert,392,empirical,3,49,79,71.33333333333333,7.666666666666667,1817.6666666666667,103.33333333333333,0.9029535864978904,0.946208571924345,
chexpert,392,guarded,3,49,79,78.66666666666667,0.3333333333333333,1188.0,733.0,0.9957805907172995,0.618427902134305,
chexpert,392,raw,3,49,79,,,,,,,0.09584926354935076
chexpert,392,logistic,3,49,79,,,,,,,0.018093956092103642
chexpert,392,constant,3,49,79,,,,,,,0.03803
chexpert,393,source,3,46,53,48.0,5.0,1849.3333333333333,97.66666666666667,0.9056603773584907,0.9498373566170176,
chexpert,393,empirical,3,46,53,46.666666666666664,6.333333333333333,1872.3333333333333,74.66666666666667,0.8805031446540882,0.9616504023283685,
chexpert,393,guarded,3,46,53,50.333333333333336,2.6666666666666665,1796.3333333333333,150.66666666666666,0.949685534591195,0.9226159904126007,
chexpert,393,raw,3,46,53,,,,,,,0.09950018545375176
chexpert,393,logistic,3,46,53,,,,,,,0.014674783836090638
chexpert,393,constant,3,46,53,,,,,,,0.026177999999999996
chexpert,394,source,3,36,70,61.0,9.0,1836.6666666666667,93.33333333333333,0.8714285714285714,0.9516407599309153,
chexpert,394,empirical,3,36,70,62.333333333333336,7.666666666666667,1838.3333333333333,91.66666666666667,0.8904761904761904,0.9525043177892919,
chexpert,394,guarded,3,36,70,64.66666666666667,5.333333333333333,1785.3333333333333,144.66666666666666,0.9238095238095237,0.9250431778929188,
chexpert,394,raw,3,36,70,,,,,,,0.09848000938369765
chexpert,394,logistic,3,36,70,,,,,,,0.016572031614518864
chexpert,394,constant,3,36,70,,,,,,,0.033775999999999994
chexpert,395,source,3,45,68,59.666666666666664,8.333333333333334,1842.6666666666667,89.33333333333333,0.8774509803921569,0.9537612146307799,
chexpert,395,empirical,3,45,68,46.0,22.0,1912.3333333333333,19.666666666666668,0.676470588235294,0.9898205659075224,
chexpert,395,guarded,3,45,68,67.0,1.0,1223.6666666666667,708.3333333333334,0.9852941176470589,0.633367839889579,
chexpert,395,raw,3,45,68,,,,,,,0.09542262092034541
chexpert,395,logistic,3,45,68,,,,,,,0.016924202588519642
chexpert,395,constant,3,45,68,,,,,,,0.03296500000000001
chexpert,396,source,3,45,65,54.666666666666664,10.333333333333334,1834.3333333333333,100.66666666666667,0.841025641025641,0.9479758828596038,
chexpert,396,empirical,3,45,65,53.333333333333336,11.666666666666666,1858.3333333333333,76.66666666666667,0.8205128205128206,0.9603789836347976,
chexpert,396,guarded,3,45,65,58.666666666666664,6.333333333333333,1788.0,147.0,0.9025641025641026,0.924031007751938,
chexpert,396,raw,3,45,65,,,,,,,0.09919093326320365
chexpert,396,logistic,3,45,65,,,,,,,0.016881217181397356
chexpert,396,constant,3,45,65,,,,,,,0.03160000000000001
chexpert,397,source,3,37,71,61.666666666666664,9.333333333333334,1825.0,104.0,0.8685446009389671,0.9460860549507517,
chexpert,397,empirical,3,37,71,64.33333333333333,6.666666666666667,1812.6666666666667,116.33333333333333,0.9061032863849765,0.9396924140314499,
chexpert,397,guarded,3,37,71,71.0,0.0,1185.3333333333333,743.6666666666666,1.0,0.6144807326766891,
chexpert,397,raw,3,37,71,,,,,,,0.10112900703707062
chexpert,397,logistic,3,37,71,,,,,,,0.01891125047905753
chexpert,397,constant,3,37,71,,,,,,,0.03424199999999999
chexpert,398,source,3,39,63,58.333333333333336,4.666666666666667,1832.3333333333333,104.66666666666667,0.9259259259259259,0.9459645499913956,
chexpert,398,empirical,3,39,63,61.0,2.0,1815.6666666666667,121.33333333333333,0.9682539682539684,0.9373601789709172,
chexpert,398,guarded,3,39,63,63.0,0.0,1222.6666666666667,714.3333333333334,1.0,0.6312166580622957,
chexpert,398,raw,3,39,63,,,,,,,0.09899509996396115
chexpert,398,logistic,3,39,63,,,,,,,0.016477773099795673
chexpert,398,constant,3,39,63,,,,,,,0.030563999999999997
chexpert,399,source,3,36,69,62.666666666666664,6.333333333333333,1844.3333333333333,86.66666666666667,0.9082125603864735,0.9551182461591576,
chexpert,399,empirical,3,36,69,62.0,7.0,1865.6666666666667,65.33333333333333,0.8985507246376812,0.9661660624892111,
chexpert,399,guarded,3,36,69,64.66666666666667,4.333333333333333,1810.0,121.0,0.9371980676328503,0.9373381667529778,
chexpert,399,raw,3,36,69,,,,,,,0.0911630951551648
chexpert,399,logistic,3,36,69,,,,,,,0.013191538451169188
chexpert,399,constant,3,36,69,,,,,,,0.03331199999999998
chexpert,400,source,3,48,76,70.33333333333333,5.666666666666667,1837.6666666666667,86.33333333333333,0.9254385964912281,0.9551282051282052,
chexpert,400,empirical,3,48,76,66.33333333333333,9.666666666666666,1860.6666666666667,63.333333333333336,0.8728070175438596,0.967082467082467,
chexpert,400,guarded,3,48,76,71.66666666666667,4.333333333333333,1818.3333333333333,105.66666666666667,0.9429824561403509,0.9450796950796952,
chexpert,400,raw,3,48,76,,,,,,,0.09516298688493981
chexpert,400,logistic,3,48,76,,,,,,,0.017110530186012173
chexpert,400,constant,3,48,76,,,,,,,0.036655999999999994
chexpert,401,source,3,38,81,74.33333333333333,6.666666666666667,1800.3333333333333,118.66666666666667,0.9176954732510287,0.9381622372763593,
chexpert,401,empirical,3,38,81,70.66666666666667,10.333333333333334,1817.3333333333333,101.66666666666667,0.8724279835390947,0.9470210178912627,
chexpert,401,guarded,3,38,81,76.0,5.0,1775.0,144.0,0.9382716049382717,0.9249609171443461,
chexpert,401,raw,3,38,81,,,,,,,0.10471436465995886
chexpert,401,logistic,3,38,81,,,,,,,0.02051258957686056
chexpert,401,constant,3,38,81,,,,,,,0.038866
chexpert,402,source,3,44,52,45.0,7.0,1844.6666666666667,103.33333333333333,0.8653846153846153,0.9469541409993155,
chexpert,402,empirical,3,44,52,42.333333333333336,9.666666666666666,1870.3333333333333,77.66666666666667,0.8141025641025642,0.9601300479123888,
chexpert,402,guarded,3,44,52,52.0,0.0,1202.0,746.0,1.0,0.6170431211498973,
chexpert,402,raw,3,44,52,,,,,,,0.09908612714233649
chexpert,402,logistic,3,44,52,,,,,,,0.015037249447943676
chexpert,402,constant,3,44,52,,,,,,,0.025648000000000004
chexpert,403,source,3,44,77,70.66666666666667,6.333333333333333,1830.3333333333333,92.66666666666667,0.9177489177489178,0.9518114057895648,
chexpert,403,empirical,3,44,77,71.0,6.0,1817.0,106.0,0.9220779220779219,0.9448777951118045,
chexpert,403,guarded,3,44,77,76.66666666666667,0.3333333333333333,1190.0,733.0,0.9956709956709956,0.6188247529901196,
chexpert,403,raw,3,44,77,,,,,,,0.0957188783695863
chexpert,403,logistic,3,44,77,,,,,,,0.01685063948696663
chexpert,403,constant,3,44,77,,,,,,,0.037048000000000005
chexpert,404,source,3,38,67,58.666666666666664,8.333333333333334,1839.6666666666667,93.33333333333333,0.8756218905472637,0.9517158130712192,
chexpert,404,empirical,3,38,67,62.333333333333336,4.666666666666667,1826.0,107.0,0.9303482587064676,0.9446456285566477,
chexpert,404,guarded,3,38,67,64.0,3.0,1787.6666666666667,145.33333333333334,0.955223880597015,0.9248146232108985,
chexpert,404,raw,3,38,67,,,,,,,0.09621276430191039
chexpert,404,logistic,3,38,67,,,,,,,0.017352619332673326
chexpert,404,constant,3,38,67,,,,,,,0.032397999999999996
chexpert,405,source,3,45,71,62.666666666666664,8.333333333333334,1848.3333333333333,80.66666666666667,0.8826291079812206,0.9581821323656472,
chexpert,405,empirical,3,45,71,65.33333333333333,5.666666666666667,1836.3333333333333,92.66666666666667,0.92018779342723,0.9519612925522724,
chexpert,405,guarded,3,45,71,70.0,1.0,1233.0,696.0,0.9859154929577465,0.6391912908242613,
chexpert,405,raw,3,45,71,,,,,,,0.08999803669275491
chexpert,405,logistic,3,45,71,,,,,,,0.017413731908727494
chexpert,405,constant,3,45,71,,,,,,,0.034330000000000006
chexpert,406,source,3,47,72,64.33333333333333,7.666666666666667,1827.6666666666667,100.33333333333333,0.8935185185185185,0.9479598893499309,
chexpert,406,empirical,3,47,72,64.0,8.0,1836.3333333333333,91.66666666666667,0.8888888888888888,0.9524550484094053,
chexpert,406,guarded,3,47,72,67.0,5.0,1771.3333333333333,156.66666666666666,0.9305555555555555,0.9187413554633471,
chexpert,406,raw,3,47,72,,,,,,,0.10080746148148524
chexpert,406,logistic,3,47,72,,,,,,,0.01597782639416587
chexpert,406,constant,3,47,72,,,,,,,0.034824999999999995
chexpert,407,source,3,40,66,57.666666666666664,8.333333333333334,1841.0,93.0,0.8737373737373737,0.9519131334022751,
chexpert,407,empirical,3,40,66,55.0,11.0,1867.6666666666667,66.33333333333333,0.8333333333333334,0.9657014822475007,
chexpert,407,guarded,3,40,66,65.33333333333333,0.6666666666666666,1198.3333333333333,735.6666666666666,0.98989898989899,0.6196139262323337,
chexpert,407,raw,3,40,66,,,,,,,0.09770839066256552
chexpert,407,logistic,3,40,66,,,,,,,0.0175401083039133
chexpert,407,constant,3,40,66,,,,,,,0.03196000000000001
chexpert,408,source,3,35,64,61.333333333333336,2.6666666666666665,1843.6666666666667,92.33333333333333,0.9583333333333334,0.9523071625344354,
chexpert,408,empirical,3,35,64,64.0,0.0,1216.6666666666667,719.3333333333334,1.0,0.6284435261707989,
chexpert,408,guarded,3,35,64,64.0,0.0,1216.6666666666667,719.3333333333334,1.0,0.6284435261707989,
chexpert,408,raw,3,35,64,,,,,,,0.09587324123015266
chexpert,408,logistic,3,35,64,,,,,,,0.015011444232826432
chexpert,408,constant,3,35,64,,,,,,,0.030985000000000002
chexpert,409,source,3,31,76,71.33333333333333,4.666666666666667,1825.6666666666667,98.33333333333333,0.9385964912280702,0.9488911988911989,
chexpert,409,empirical,3,31,76,62.0,14.0,1877.3333333333333,46.666666666666664,0.8157894736842106,0.9757449757449757,
chexpert,409,guarded,3,31,76,72.66666666666667,3.3333333333333335,1807.0,117.0,0.956140350877193,0.9391891891891891,
chexpert,409,raw,3,31,76,,,,,,,0.10249394540622121
chexpert,409,logistic,3,31,76,,,,,,,0.01806825357785244
chexpert,409,constant,3,31,76,,,,,,,0.036605
chexpert,410,source,3,39,64,55.333333333333336,8.666666666666666,1819.0,117.0,0.8645833333333334,0.9395661157024793,
chexpert,410,empirical,3,39,64,58.666666666666664,5.333333333333333,1801.0,135.0,0.9166666666666666,0.9302685950413223,
chexpert,410,guarded,3,39,64,60.0,4.0,1770.6666666666667,165.33333333333334,0.9375,0.9146005509641874,
chexpert,410,raw,3,39,64,,,,,,,0.10785793705493307
chexpert,410,logistic,3,39,64,,,,,,,0.01808007299533206
chexpert,410,constant,3,39,64,,,,,,,0.031024999999999997
chexpert,411,source,3,36,75,67.0,8.0,1843.3333333333333,81.66666666666667,0.8933333333333332,0.9575757575757576,
chexpert,411,empirical,3,36,75,68.0,7.0,1847.3333333333333,77.66666666666667,0.9066666666666666,0.9596536796536798,
chexpert,411,guarded,3,36,75,74.33333333333333,0.6666666666666666,1233.0,692.0,0.9911111111111112,0.6405194805194805,
chexpert,411,raw,3,36,75,,,,,,,0.08800474605015739
chexpert,411,logistic,3,36,75,,,,,,,0.01718784284318159
chexpert,411,constant,3,36,75,,,,,,,0.03609599999999999
chexpert,412,source,3,42,60,55.666666666666664,4.333333333333333,1834.6666666666667,105.33333333333333,0.9277777777777777,0.9457044673539517,
chexpert,412,empirical,3,42,60,57.333333333333336,2.6666666666666665,1820.3333333333333,119.66666666666667,0.9555555555555556,0.938316151202749,
chexpert,412,guarded,3,42,60,60.0,0.0,1227.3333333333333,712.6666666666666,1.0,0.6326460481099656,
chexpert,412,raw,3,42,60,,,,,,,0.1006083688822188
chexpert,412,logistic,3,42,60,,,,,,,0.014265716472714421
chexpert,412,constant,3,42,60,,,,,,,0.029244000000000003
chexpert,413,source,3,62,62,58.0,4.0,1837.0,101.0,0.935483870967742,0.9478844169246646,
chexpert,413,empirical,3,62,62,57.666666666666664,4.333333333333333,1837.0,101.0,0.9301075268817205,0.9478844169246646,
chexpert,413,guarded,3,62,62,62.0,0.0,1224.3333333333333,713.6666666666666,1.0,0.6317509459924321,
chexpert,413,raw,3,62,62,,,,,,,0.09843264138716928
chexpert,413,logistic,3,62,62,,,,,,,0.013782472373479562
chexpert,413,constant,3,62,62,,,,,,,0.030999999999999986
chexpert,414,source,3,53,61,58.666666666666664,2.3333333333333335,1840.3333333333333,98.66666666666667,0.9617486338797813,0.949114663916108,
chexpert,414,empirical,3,53,61,58.333333333333336,2.6666666666666665,1854.0,85.0,0.9562841530054644,0.9561629706034038,
chexpert,414,guarded,3,53,61,60.0,1.0,1792.3333333333333,146.66666666666666,0.983606557377049,0.9243596355509713,
chexpert,414,raw,3,53,61,,,,,,,0.09523369210149041
chexpert,414,logistic,3,53,61,,,,,,,0.013529490813514
chexpert,414,constant,3,53,61,,,,,,,0.030075999999999995
chexpert,415,source,3,36,76,69.66666666666667,6.333333333333333,1835.3333333333333,88.66666666666667,0.9166666666666666,0.953915453915454,
chexpert,415,empirical,3,36,76,69.0,7.0,1847.3333333333333,76.66666666666667,0.9078947368421053,0.9601524601524601,
chexpert,415,guarded,3,36,76,72.66666666666667,3.3333333333333335,1786.6666666666667,137.33333333333334,0.956140350877193,0.9286209286209286,
chexpert,415,raw,3,36,76,,,,,,,0.09728387184374913
chexpert,415,logistic,3,36,76,,,,,,,0.015422660066810536
chexpert,415,constant,3,36,76,,,,,,,0.03655999999999999
chexpert,416,source,3,36,70,66.0,4.0,1842.0,88.0,0.942857142857143,0.9544041450777202,
chexpert,416,empirical,3,36,70,65.0,5.0,1854.3333333333333,75.66666666666667,0.9285714285714285,0.9607944732297063,
chexpert,416,guarded,3,36,70,67.0,3.0,1787.3333333333333,142.66666666666666,0.9571428571428572,0.9260794473229707,
chexpert,416,raw,3,36,70,,,,,,,0.0928353109763036
chexpert,416,logistic,3,36,70,,,,,,,0.015604649187235644
chexpert,416,constant,3,36,70,,,,,,,0.03377599999999999
chexpert,417,source,3,45,72,63.0,9.0,1831.6666666666667,96.33333333333333,0.875,0.9500345781466114,
chexpert,417,empirical,3,45,72,59.333333333333336,12.666666666666666,1864.6666666666667,63.333333333333336,0.8240740740740741,0.9671507607192255,
chexpert,417,guarded,3,45,72,71.66666666666667,0.3333333333333333,1207.0,721.0,0.9953703703703703,0.6260373443983402,
chexpert,417,raw,3,45,72,,,,,,,0.09768361085765483
chexpert,417,logistic,3,45,72,,,,,,,0.017271843540401545
chexpert,417,constant,3,45,72,,,,,,,0.03478500000000001
chexpert,418,source,3,40,71,66.0,5.0,1830.6666666666667,98.33333333333333,0.9295774647887324,0.949023673751512,
chexpert,418,empirical,3,40,71,66.66666666666667,4.333333333333333,1825.6666666666667,103.33333333333333,0.9389671361502346,0.9464316571626058,
chexpert,418,guarded,3,40,71,70.33333333333333,0.6666666666666666,1217.3333333333333,711.6666666666666,0.9906103286384976,0.6310696388456886,
chexpert,418,raw,3,40,71,,,,,,,0.09758748252250603
chexpert,418,logistic,3,40,71,,,,,,,0.016793347396672976
chexpert,418,constant,3,40,71,,,,,,,0.03426000000000001
chexpert,419,source,3,34,70,63.333333333333336,6.666666666666667,1845.3333333333333,84.66666666666667,0.9047619047619048,0.9561312607944732,
chexpert,419,empirical,3,34,70,67.33333333333333,2.6666666666666665,1831.3333333333333,98.66666666666667,0.961904761904762,0.9488773747841105,
chexpert,419,guarded,3,34,70,70.0,0.0,1196.3333333333333,733.6666666666666,1.0,0.6198618307426598,
chexpert,419,raw,3,34,70,,,,,,,0.09308652978927616
chexpert,419,logistic,3,34,70,,,,,,,0.015412947065190433
chexpert,419,constant,3,34,70,,,,,,,0.033776
chexpert,420,source,3,45,61,55.0,6.0,1854.6666666666667,84.33333333333333,0.9016393442622951,0.9565067904418085,
chexpert,420,empirical,3,45,61,54.666666666666664,6.333333333333333,1861.0,78.0,0.8961748633879781,0.9597730789066529,
chexpert,420,guarded,3,45,61,60.666666666666664,0.3333333333333333,1221.6666666666667,717.3333333333334,0.9945355191256832,0.6300498538765686,
chexpert,420,raw,3,45,61,,,,,,,0.09388686294376618
chexpert,420,logistic,3,45,61,,,,,,,0.01480673479643923
chexpert,420,constant,3,45,61,,,,,,,0.02978000000000001
chexpert,421,source,3,50,74,70.33333333333333,3.6666666666666665,1834.3333333333333,91.66666666666667,0.9504504504504504,0.9524056767047422,
chexpert,421,empirical,3,50,74,71.33333333333333,2.6666666666666665,1832.6666666666667,93.33333333333333,0.963963963963964,0.9515403253721012,
chexpert,421,guarded,3,50,74,73.33333333333333,0.6666666666666666,1791.6666666666667,134.33333333333334,0.990990990990991,0.9302526825891312,
chexpert,421,raw,3,50,74,,,,,,,0.09572505173378125
chexpert,421,logistic,3,50,74,,,,,,,0.014940033472700282
chexpert,421,constant,3,50,74,,,,,,,0.035799999999999985
chexpert,422,source,3,44,68,58.333333333333336,9.666666666666666,1833.6666666666667,98.33333333333333,0.8578431372549019,0.9491028295376122,
chexpert,422,empirical,3,44,68,58.666666666666664,9.333333333333334,1829.6666666666667,102.33333333333333,0.8627450980392157,0.9470324361628709,
chexpert,422,guarded,3,44,68,60.666666666666664,7.333333333333333,1813.3333333333333,118.66666666666667,0.8921568627450981,0.9385783298826778,
chexpert,422,raw,3,44,68,,,,,,,0.10349078858296483
chexpert,422,logistic,3,44,68,,,,,,,0.01916665035745663
chexpert,422,constant,3,44,68,,,,,,,0.032944
chexpert,423,source,3,29,72,63.0,9.0,1832.6666666666667,95.33333333333333,0.875,0.9505532503457813,
chexpert,423,empirical,3,29,72,58.0,14.0,1849.3333333333333,78.66666666666667,0.8055555555555557,0.9591977869986169,
chexpert,423,guarded,3,29,72,65.33333333333333,6.666666666666667,1815.3333333333333,112.66666666666667,0.9074074074074074,0.9415629322268327,
chexpert,423,raw,3,29,72,,,,,,,0.09811087679208415
chexpert,423,logistic,3,29,72,,,,,,,0.019500575832232844
chexpert,423,constant,3,29,72,,,,,,,0.034753
chexpert,424,source,3,35,68,62.0,6.0,1832.6666666666667,99.33333333333333,0.9117647058823529,0.9485852311939268,
chexpert,424,empirical,3,35,68,63.0,5.0,1804.3333333333333,127.66666666666667,0.926470588235294,0.9339199447895101,
chexpert,424,guarded,3,35,68,67.66666666666667,0.3333333333333333,1185.3333333333333,746.6666666666666,0.9950980392156863,0.6135265700483092,
chexpert,424,raw,3,35,68,,,,,,,0.10209832485981692
chexpert,424,logistic,3,35,68,,,,,,,0.01636407431094526
chexpert,424,constant,3,35,68,,,,,,,0.032845000000000006
chexpert,425,source,3,41,81,72.33333333333333,8.666666666666666,1817.0,102.0,0.8930041152263374,0.9468473163105783,
chexpert,425,empirical,3,41,81,75.0,6.0,1795.3333333333333,123.66666666666667,0.9259259259259259,0.9355567135660934,
chexpert,425,guarded,3,41,81,80.66666666666667,0.3333333333333333,1218.0,701.0,0.9958847736625515,0.6347055758207399,
chexpert,425,raw,3,41,81,,,,,,,0.0967037508267099
chexpert,425,logistic,3,41,81,,,,,,,0.018539459510124565
chexpert,425,constant,3,41,81,,,,,,,0.03886000000000001
chexpert,426,source,3,51,62,53.333333333333336,8.666666666666666,1856.0,82.0,0.8602150537634409,0.957688338493292,
chexpert,426,empirical,3,51,62,55.333333333333336,6.666666666666667,1848.6666666666667,89.33333333333333,0.89247311827957,0.9539043687650498,
chexpert,426,guarded,3,51,62,58.0,4.0,1811.6666666666667,126.33333333333333,0.935483870967742,0.9348125214998281,
chexpert,426,raw,3,51,62,,,,,,,0.08987517794936671
chexpert,426,logistic,3,51,62,,,,,,,0.014389140223949303
chexpert,426,constant,3,51,62,,,,,,,0.03043899999999999
chexpert,427,source,3,47,69,61.0,8.0,1843.6666666666667,87.33333333333333,0.8840579710144928,0.9547730018988435,
chexpert,427,empirical,3,47,69,64.66666666666667,4.333333333333333,1829.0,102.0,0.9371980676328503,0.9471776281719316,
chexpert,427,guarded,3,47,69,69.0,0.0,1181.6666666666667,749.3333333333334,1.0,0.6119454514068704,
chexpert,427,raw,3,47,69,,,,,,,0.09811352773926507
chexpert,427,logistic,3,47,69,,,,,,,0.01706854418268157
chexpert,427,constant,3,47,69,,,,,,,0.033466
chexpert,428,source,3,34,64,60.0,4.0,1838.6666666666667,97.33333333333333,0.9375,0.9497245179063362,
chexpert,428,empirical,3,34,64,60.666666666666664,3.3333333333333335,1824.3333333333333,111.66666666666667,0.9479166666666666,0.9423209366391184,
chexpert,428,guarded,3,34,64,63.666666666666664,0.3333333333333333,1184.0,752.0,0.9947916666666666,0.6115702479338844,
chexpert,428,raw,3,34,64,,,,,,,0.10107744726978181
chexpert,428,logistic,3,34,64,,,,,,,0.014641619919513247
chexpert,428,constant,3,34,64,,,,,,,0.030980000000000004
chexpert,429,source,3,52,78,66.66666666666667,11.333333333333334,1823.3333333333333,98.66666666666667,0.8547008547008548,0.948664585501214,
chexpert,429,empirical,3,52,78,66.66666666666667,11.333333333333334,1819.3333333333333,102.66666666666667,0.8547008547008547,0.9465834200485604,
chexpert,429,guarded,3,52,78,69.66666666666667,8.333333333333334,1805.0,117.0,0.8931623931623932,0.9391259105098856,
chexpert,429,raw,3,52,78,,,,,,,0.10343042683976096
chexpert,429,logistic,3,52,78,,,,,,,0.019318568915059595
chexpert,429,constant,3,52,78,,,,,,,0.03764800000000001
chexpert,430,source,3,28,71,63.0,8.0,1833.0,96.0,0.8873239436619719,0.9502332814930016,
chexpert,430,empirical,3,28,71,64.66666666666667,6.333333333333333,1808.6666666666667,120.33333333333333,0.9107981220657276,0.9376188007603249,
chexpert,430,guarded,0,28,71,,,,,,,
chexpert,430,raw,3,28,71,,,,,,,0.0978234351205056
chexpert,430,logistic,3,28,71,,,,,,,0.01616097664976322
chexpert,430,constant,3,28,71,,,,,,,0.034296
chexpert,431,source,3,33,70,61.666666666666664,8.333333333333334,1844.6666666666667,85.33333333333333,0.8809523809523809,0.9557858376511227,
chexpert,431,empirical,3,33,70,61.666666666666664,8.333333333333334,1843.0,87.0,0.880952380952381,0.9549222797927461,
chexpert,431,guarded,3,33,70,64.0,6.0,1824.0,106.0,0.9142857142857143,0.9450777202072539,
chexpert,431,raw,3,33,70,,,,,,,0.09091598263384836
chexpert,431,logistic,3,33,70,,,,,,,0.018309329289940963
chexpert,431,constant,3,33,70,,,,,,,0.033778999999999997
chexpert,432,source,3,35,62,56.0,6.0,1838.3333333333333,99.66666666666667,0.903225806451613,0.9485724114207086,
chexpert,432,empirical,3,35,62,57.0,5.0,1820.0,118.0,0.9193548387096775,0.9391124871001031,
chexpert,432,guarded,3,35,62,62.0,0.0,1201.6666666666667,736.3333333333334,1.0,0.6200550395596836,
chexpert,432,raw,3,35,62,,,,,,,0.1016499948814414
chexpert,432,logistic,3,35,62,,,,,,,0.016919492968244573
chexpert,432,constant,3,35,62,,,,,,,0.030055000000000002
chexpert,433,source,3,42,71,66.33333333333333,4.666666666666667,1839.3333333333333,89.66666666666667,0.9342723004694835,0.9535165025056159,
chexpert,433,empirical,3,42,71,69.33333333333333,1.6666666666666667,1796.6666666666667,132.33333333333334,0.9765258215962441,0.93139796094695,
chexpert,433,guarded,3,42,71,71.0,0.0,1235.0,694.0,1.0,0.6402280974598238,
chexpert,433,raw,3,42,71,,,,,,,0.094821678847011
chexpert,433,logistic,3,42,71,,,,,,,0.014630097786737415
chexpert,433,constant,3,42,71,,,,,,,0.03428199999999999
chexpert,434,source,3,35,68,61.0,7.0,1833.6666666666667,98.33333333333333,0.8970588235294118,0.9491028295376122,
chexpert,434,empirical,3,35,68,62.0,6.0,1823.6666666666667,108.33333333333333,0.9117647058823529,0.9439268461007592,
chexpert,434,guarded,3,35,68,68.0,0.0,1194.6666666666667,737.3333333333334,1.0,0.6183574879227053,
chexpert,434,raw,3,35,68,,,,,,,0.09866347711063778
chexpert,434,logistic,3,35,68,,,,,,,0.015721758520790798
chexpert,434,constant,3,35,68,,,,,,,0.032845000000000006
chexpert,435,source,3,39,65,58.666666666666664,6.333333333333333,1850.6666666666667,84.33333333333333,0.9025641025641026,0.9564168819982773,
chexpert,435,empirical,3,39,65,58.666666666666664,6.333333333333333,1848.0,87.0,0.9025641025641026,0.9550387596899225,
chexpert,435,guarded,3,39,65,65.0,0.0,1221.6666666666667,713.3333333333334,1.0,0.6313522825150731,
chexpert,435,raw,3,39,65,,,,,,,0.09291871523903139
chexpert,435,logistic,3,39,65,,,,,,,0.015341968244619109
chexpert,435,constant,3,39,65,,,,,,,0.031486
chexpert,436,source,3,44,67,59.666666666666664,7.333333333333333,1837.6666666666667,95.33333333333333,0.890547263681592,0.9506811519227453,
chexpert,436,empirical,3,44,67,59.0,8.0,1841.3333333333333,91.66666666666667,0.8805970149253731,0.9525780306949474,
chexpert,436,guarded,3,44,67,64.33333333333333,2.6666666666666665,1782.3333333333333,150.66666666666666,0.9601990049751244,0.922055526814968,
chexpert,436,raw,3,44,67,,,,,,,0.09956286516611235
chexpert,436,logistic,3,44,67,,,,,,,0.01701938856747011
chexpert,436,constant,3,44,67,,,,,,,0.03248800000000001
chexpert,437,source,3,46,73,64.33333333333333,8.666666666666666,1829.3333333333333,97.66666666666667,0.8812785388127855,0.9493167272098253,
chexpert,437,empirical,3,46,73,60.0,13.0,1875.0,52.0,0.8219178082191781,0.9730150492994292,
chexpert,437,guarded,3,46,73,66.33333333333333,6.666666666666667,1814.3333333333333,112.66666666666667,0.9086757990867579,0.9415326068154298,
chexpert,437,raw,3,46,73,,,,,,,0.09566552840251381
chexpert,437,logistic,3,46,73,,,,,,,0.018192463316105262
chexpert,437,constant,3,46,73,,,,,,,0.035258
chexpert,438,source,3,37,70,62.0,8.0,1840.6666666666667,89.33333333333333,0.8857142857142857,0.9537132987910191,
chexpert,438,empirical,3,37,70,62.666666666666664,7.333333333333333,1823.6666666666667,106.33333333333333,0.8952380952380953,0.9449050086355787,
chexpert,438,guarded,3,37,70,64.33333333333333,5.666666666666667,1788.0,142.0,0.919047619047619,0.9264248704663212,
chexpert,438,raw,3,37,70,,,,,,,0.09480743626097819
chexpert,438,logistic,3,37,70,,,,,,,0.01742765047373956
chexpert,438,constant,3,37,70,,,,,,,0.03377899999999998
chexpert,439,source,3,39,79,71.66666666666667,7.333333333333333,1838.3333333333333,82.66666666666667,0.9071729957805909,0.956966857539476,
chexpert,439,empirical,3,39,79,68.33333333333333,10.666666666666666,1859.0,62.0,0.8649789029535865,0.967725143154607,
chexpert,439,guarded,3,39,79,74.66666666666667,4.333333333333333,1798.6666666666667,122.33333333333333,0.9451476793248945,0.9363178899878536,
chexpert,439,raw,3,39,79,,,,,,,0.09089932645265104
chexpert,439,logistic,3,39,79,,,,,,,0.018514605838247572
chexpert,439,constant,3,39,79,,,,,,,0.037939999999999995
chexpert,440,source,3,36,64,57.333333333333336,6.666666666666667,1834.0,102.0,0.8958333333333334,0.9473140495867769,
chexpert,440,empirical,3,36,64,55.666666666666664,8.333333333333334,1846.0,90.0,0.8697916666666666,0.9535123966942148,
chexpert,440,guarded,3,36,64,58.333333333333336,5.666666666666667,1812.6666666666667,123.33333333333333,0.9114583333333334,0.9362947658402204,
chexpert,440,raw,3,36,64,,,,,,,0.09944150610628966
chexpert,440,logistic,3,36,64,,,,,,,0.015922059112459277
chexpert,440,constant,3,36,64,,,,,,,0.030991999999999992
chexpert,441,source,3,32,70,59.333333333333336,10.666666666666666,1835.6666666666667,94.33333333333333,0.8476190476190477,0.9511226252158894,
chexpert,441,empirical,3,32,70,57.0,13.0,1863.6666666666667,66.33333333333333,0.8142857142857142,0.9656303972366148,
chexpert,441,guarded,3,32,70,64.0,6.0,1820.0,110.0,0.9142857142857143,0.9430051813471502,
chexpert,441,raw,3,32,70,,,,,,,0.09380352447727221
chexpert,441,logistic,3,32,70,,,,,,,0.01954737867075577
chexpert,441,constant,3,32,70,,,,,,,0.033784
chexpert,442,source,3,31,72,66.33333333333333,5.666666666666667,1839.3333333333333,88.66666666666667,0.9212962962962963,0.9540110650069157,
chexpert,442,empirical,3,31,72,65.33333333333333,6.666666666666667,1857.6666666666667,70.33333333333333,0.9074074074074074,0.9635200553250346,
chexpert,442,guarded,3,31,72,67.33333333333333,4.666666666666667,1796.6666666666667,131.33333333333334,0.9351851851851851,0.9318810511756571,
chexpert,442,raw,3,31,72,,,,,,,0.09570869404282865
chexpert,442,logistic,3,31,72,,,,,,,0.015272142040418837
chexpert,442,constant,3,31,72,,,,,,,0.034728999999999996
chexpert,443,source,3,41,65,58.333333333333336,6.666666666666667,1843.0,92.0,0.8974358974358975,0.952454780361757,
chexpert,443,empirical,3,41,65,58.333333333333336,6.666666666666667,1844.6666666666667,90.33333333333333,0.8974358974358974,0.9533161068044788,
chexpert,443,guarded,3,41,65,64.0,1.0,1217.0,718.0,0.9846153846153847,0.6289405684754522,
chexpert,443,raw,3,41,65,,,,,,,0.0946954399231571
chexpert,443,logistic,3,41,65,,,,,,,0.015346778776930387
chexpert,443,constant,3,41,65,,,,,,,0.03151600000000001
chexpert,444,source,3,44,66,58.333333333333336,7.666666666666667,1845.0,89.0,0.8838383838383838,0.953981385729059,
chexpert,444,empirical,3,44,66,57.0,9.0,1840.6666666666667,93.33333333333333,0.8636363636363636,0.9517407790417097,
chexpert,444,guarded,3,44,66,60.0,6.0,1790.6666666666667,143.33333333333334,0.9090909090909091,0.9258876249569115,
chexpert,444,raw,3,44,66,,,,,,,0.09616616703058456
chexpert,444,logistic,3,44,66,,,,,,,0.01476529024623563
chexpert,444,constant,3,44,66,,,,,,,0.032032000000000005
chexpert,445,source,3,53,61,56.666666666666664,4.333333333333333,1839.3333333333333,99.66666666666667,0.9289617486338798,0.9485989341585009,
chexpert,445,empirical,3,53,61,53.333333333333336,7.666666666666667,1881.6666666666667,57.333333333333336,0.8743169398907104,0.9704314938971978,
chexpert,445,guarded,3,53,61,59.333333333333336,1.6666666666666667,1825.3333333333333,113.66666666666667,0.9726775956284154,0.9413787175520026,
chexpert,445,raw,3,53,61,,,,,,,0.09832816091278133
chexpert,445,logistic,3,53,61,,,,,,,0.015330226983505113
chexpert,445,constant,3,53,61,,,,,,,0.030075999999999988
chexpert,446,source,3,38,68,58.666666666666664,9.333333333333334,1825.0,107.0,0.8627450980392157,0.9446169772256728,
chexpert,446,empirical,3,38,68,61.666666666666664,6.333333333333333,1807.0,125.0,0.9068627450980392,0.9353002070393375,
chexpert,446,guarded,3,38,68,68.0,0.0,1217.0,715.0,1.0,0.6299171842650103,
chexpert,446,raw,3,38,68,,,,,,,0.10151408212410985
chexpert,446,logistic,3,38,68,,,,,,,0.018746632911764982
chexpert,446,constant,3,38,68,,,,,,,0.03286
chexpert,447,source,3,40,83,76.0,7.0,1819.6666666666667,97.33333333333333,0.9156626506024096,0.9492262215266911,
chexpert,447,empirical,3,40,83,77.33333333333333,5.666666666666667,1803.0,114.0,0.9317269076305221,0.9405320813771518,
chexpert,447,guarded,3,40,83,82.33333333333333,0.6666666666666666,1196.6666666666667,720.3333333333334,0.9919678714859438,0.6242392627369152,
chexpert,447,raw,3,40,83,,,,,,,0.0985523711743614
chexpert,447,logistic,3,40,83,,,,,,,0.01963189246607291
chexpert,447,constant,3,40,83,,,,,,,0.03978000000000001
chexpert,448,source,3,33,71,62.666666666666664,8.333333333333334,1826.0,103.0,0.8826291079812206,0.9466044582685328,
chexpert,448,empirical,3,33,71,63.0,8.0,1818.6666666666667,110.33333333333333,0.8873239436619719,0.9428028339381372,
chexpert,448,guarded,3,33,71,70.33333333333333,0.6666666666666666,1173.6666666666667,755.3333333333334,0.9906103286384976,0.6084326939692414,
chexpert,448,raw,3,33,71,,,,,,,0.10660524281119503
chexpert,448,logistic,3,33,71,,,,,,,0.017968610691054317
chexpert,448,constant,3,33,71,,,,,,,0.03424599999999999
chexpert,449,source,3,42,72,67.33333333333333,4.666666666666667,1824.0,104.0,0.9351851851851851,0.9460580912863069,
chexpert,449,empirical,3,42,72,63.333333333333336,8.666666666666666,1861.3333333333333,66.66666666666667,0.8796296296296297,0.9654218533886584,
chexpert,449,guarded,3,42,72,68.66666666666667,3.3333333333333335,1796.0,132.0,0.9537037037037037,0.9315352697095435,
chexpert,449,raw,3,42,72,,,,,,,0.09697735801262086
chexpert,449,logistic,3,42,72,,,,,,,0.017478814171932876
chexpert,449,constant,3,42,72,,,,,,,0.03473999999999999
chexpert,450,source,3,47,62,54.666666666666664,7.333333333333333,1839.3333333333333,98.66666666666667,0.8817204301075269,0.9490884072927416,
chexpert,450,empirical,3,47,62,56.333333333333336,5.666666666666667,1817.0,121.0,0.9086021505376345,0.9375644994840041,
chexpert,450,guarded,3,47,62,59.333333333333336,2.6666666666666665,1788.0,150.0,0.956989247311828,0.9226006191950464,
chexpert,450,raw,3,47,62,,,,,,,0.09807627817464444
chexpert,450,logistic,3,47,62,,,,,,,0.01737456961874233
chexpert,450,constant,3,47,62,,,,,,,0.030295
chexpert,451,source,3,48,67,63.0,4.0,1837.0,96.0,0.9402985074626865,0.9503362648732541,
chexpert,451,empirical,3,48,67,62.333333333333336,4.666666666666667,1850.6666666666667,82.33333333333333,0.9303482587064676,0.9574064493878255,
chexpert,451,guarded,3,48,67,64.33333333333333,2.6666666666666665,1817.3333333333333,115.66666666666667,0.9601990049751244,0.9401620969132609,
chexpert,451,raw,3,48,67,,,,,,,0.09677601884575397
chexpert,451,logistic,3,48,67,,,,,,,0.016041085850531257
chexpert,451,constant,3,48,67,,,,,,,0.03258799999999999
chexpert,452,source,3,49,62,56.333333333333336,5.666666666666667,1851.0,87.0,0.9086021505376345,0.9551083591331269,
chexpert,452,empirical,3,49,62,56.666666666666664,5.333333333333333,1840.6666666666667,97.33333333333333,0.913978494623656,0.9497764017887858,
chexpert,452,guarded,3,49,62,58.333333333333336,3.6666666666666665,1800.3333333333333,137.66666666666666,0.9408602150537635,0.9289645682834538,
chexpert,452,raw,3,49,62,,,,,,,0.09542187332969415
chexpert,452,logistic,3,49,62,,,,,,,0.017074014042966303
chexpert,452,constant,3,49,62,,,,,,,0.030363
chexpert,453,source,3,45,68,65.66666666666667,2.3333333333333335,1839.3333333333333,92.66666666666667,0.9656862745098039,0.9520358868184955,
chexpert,453,empirical,3,45,68,65.66666666666667,2.3333333333333335,1830.3333333333333,101.66666666666667,0.9656862745098039,0.9473775017253279,
chexpert,453,guarded,3,45,68,66.0,2.0,1786.0,146.0,0.9705882352941176,0.9244306418219462,
chexpert,453,raw,3,45,68,,,,,,,0.09512393918953348
chexpert,453,logistic,3,45,68,,,,,,,0.014001129552954532
chexpert,453,constant,3,45,68,,,,,,,0.032965
chexpert,454,source,3,42,66,60.666666666666664,5.333333333333333,1851.6666666666667,82.33333333333333,0.9191919191919192,0.9574284729403654,
chexpert,454,empirical,3,42,66,60.0,6.0,1858.3333333333333,75.66666666666667,0.9090909090909092,0.9608755601516719,
chexpert,454,guarded,3,42,66,65.66666666666667,0.3333333333333333,1231.6666666666667,702.3333333333334,0.9949494949494949,0.6368493622888659,
chexpert,454,raw,3,42,66,,,,,,,0.08958186594328903
chexpert,454,logistic,3,42,66,,,,,,,0.014380857061419469
chexpert,454,constant,3,42,66,,,,,,,0.031992
chexpert,455,source,3,32,63,55.0,8.0,1848.0,89.0,0.873015873015873,0.9540526587506454,
chexpert,455,empirical,3,32,63,39.0,24.0,1916.3333333333333,20.666666666666668,0.6190476190476191,0.9893305799346068,
chexpert,455,guarded,3,32,63,54.0,9.0,1838.0,99.0,0.8571428571428571,0.9488900361383582,
chexpert,455,raw,3,32,63,,,,,,,0.09544346556404204
chexpert,455,logistic,3,32,63,,,,,,,0.01584936081228229
chexpert,455,constant,3,32,63,,,,,,,0.030507999999999997
chexpert,456,source,3,47,73,67.66666666666667,5.333333333333333,1835.6666666666667,91.33333333333333,0.9269406392694064,0.9526033558207923,
chexpert,456,empirical,3,47,73,68.0,5.0,1835.0,92.0,0.9315068493150686,0.9522573949143748,
chexpert,456,guarded,3,47,73,69.66666666666667,3.3333333333333335,1791.0,136.0,0.954337899543379,0.9294239750908148,
chexpert,456,raw,3,47,73,,,,,,,0.09518015068946965
chexpert,456,logistic,3,47,73,,,,,,,0.016934629989002664
chexpert,456,constant,3,47,73,,,,,,,0.035278000000000004
chexpert,457,source,3,34,73,61.0,12.0,1845.0,82.0,0.8356164383561643,0.9574468085106383,
chexpert,457,empirical,3,34,73,49.333333333333336,23.666666666666668,1893.0,34.0,0.6757990867579909,0.9823559937727037,
chexpert,457,guarded,3,34,73,61.666666666666664,11.333333333333334,1833.3333333333333,93.66666666666667,0.8447488584474886,0.9513924926483308,
chexpert,457,raw,3,34,73,,,,,,,0.09188320684419465
chexpert,457,logistic,3,34,73,,,,,,,0.019865698726836956
chexpert,457,constant,3,34,73,,,,,,,0.035174000000000004
chexpert,458,source,3,46,73,64.33333333333333,8.666666666666666,1806.6666666666667,120.33333333333333,0.8812785388127854,0.9375540563916278,
chexpert,458,empirical,3,46,73,65.33333333333333,7.666666666666667,1806.0,121.0,0.8949771689497718,0.9372080954852101,
chexpert,458,guarded,3,46,73,67.66666666666667,5.333333333333333,1781.0,146.0,0.9269406392694064,0.9242345614945511,
chexpert,458,raw,3,46,73,,,,,,,0.10966718595068849
chexpert,458,logistic,3,46,73,,,,,,,0.019813583187116807
chexpert,458,constant,3,46,73,,,,,,,0.035258000000000005
chexpert,459,source,3,45,58,55.0,3.0,1828.6666666666667,113.33333333333333,0.9482758620689656,0.9416409200137315,
chexpert,459,empirical,3,45,58,51.333333333333336,6.666666666666667,1846.3333333333333,95.66666666666667,0.8850574712643677,0.9507380707174734,
chexpert,459,guarded,3,45,58,58.0,0.0,1209.6666666666667,732.3333333333334,1.0,0.6228973566769653,
chexpert,459,raw,3,45,58,,,,,,,0.1085484280944896
chexpert,459,logistic,3,45,58,,,,,,,0.016282802862460942
chexpert,459,constant,3,45,58,,,,,,,0.028415000000000006
chexpert,460,source,3,50,61,59.0,2.0,1830.0,109.0,0.9672131147540983,0.9437854564208354,
chexpert,460,empirical,3,50,61,58.333333333333336,2.6666666666666665,1833.0,106.0,0.9562841530054644,0.9453326456936565,
chexpert,460,guarded,3,50,61,60.666666666666664,0.3333333333333333,1202.6666666666667,736.3333333333334,0.9945355191256832,0.6202509884820354,
chexpert,460,raw,3,50,61,,,,,,,0.10297094184998112
chexpert,460,logistic,3,50,61,,,,,,,0.013485456119920141
chexpert,460,constant,3,50,61,,,,,,,0.029949999999999987
chexpert,461,source,3,28,69,63.666666666666664,5.333333333333333,1836.6666666666667,94.33333333333333,0.9227053140096618,0.9511479371655446,
chexpert,461,empirical,3,28,69,65.0,4.0,1791.3333333333333,139.66666666666666,0.9420289855072465,0.9276713274641809,
chexpert,461,guarded,0,28,69,,,,,,,
chexpert,461,raw,3,28,69,,,,,,,0.09425338023709902
chexpert,461,logistic,3,28,69,,,,,,,0.013031227397777907
chexpert,461,constant,3,28,69,,,,,,,0.03335199999999999
chexpert,462,source,3,47,63,54.333333333333336,8.666666666666666,1840.0,97.0,0.8624338624338624,0.9499225606608156,
chexpert,462,empirical,3,47,63,55.333333333333336,7.666666666666667,1839.6666666666667,97.33333333333333,0.8783068783068783,0.9497504732404062,
chexpert,462,guarded,3,47,63,57.333333333333336,5.666666666666667,1820.0,117.0,0.9100529100529101,0.9395973154362416,
chexpert,462,raw,3,47,63,,,,,,,0.10136521766470424
chexpert,462,logistic,3,47,63,,,,,,,0.018334065687219084
chexpert,462,constant,3,47,63,,,,,,,0.030747999999999998
chexpert,463,source,3,40,81,76.0,5.0,1831.6666666666667,87.33333333333333,0.9382716049382717,0.9544901858606915,
chexpert,463,empirical,3,40,81,70.33333333333333,10.666666666666666,1859.3333333333333,59.666666666666664,0.8683127572016461,0.9689074170574953,
chexpert,463,guarded,3,40,81,78.33333333333333,2.6666666666666665,1786.6666666666667,132.33333333333334,0.9670781893004116,0.9310404724682995,
chexpert,463,raw,3,40,81,,,,,,,0.09155756501453267
chexpert,463,logistic,3,40,81,,,,,,,0.015515018085732577
chexpert,463,constant,3,40,81,,,,,,,0.03886000000000001
chexpert,464,source,3,52,71,63.333333333333336,7.666666666666667,1830.6666666666667,98.33333333333333,0.892018779342723,0.949023673751512,
chexpert,464,empirical,3,52,71,59.333333333333336,11.666666666666666,1852.6666666666667,76.33333333333333,0.835680751173709,0.9604285467426991,
chexpert,464,guarded,3,52,71,64.66666666666667,6.333333333333333,1801.6666666666667,127.33333333333333,0.9107981220657276,0.9339899775358562,
chexpert,464,raw,3,52,71,,,,,,,0.09755729769825998
chexpert,464,logistic,3,52,71,,,,,,,0.017624066197888026
chexpert,464,constant,3,52,71,,,,,,,0.03451200000000001
chexpert,465,source,3,49,60,52.333333333333336,7.666666666666667,1831.3333333333333,108.66666666666667,0.8722222222222222,0.9439862542955325,
chexpert,465,empirical,3,49,60,54.666666666666664,5.333333333333333,1819.3333333333333,120.66666666666667,0.9111111111111111,0.9378006872852233,
chexpert,465,guarded,3,49,60,60.0,0.0,1219.6666666666667,720.3333333333334,1.0,0.6286941580756014,
chexpert,465,raw,3,49,60,,,,,,,0.10049517149591757
chexpert,465,logistic,3,49,60,,,,,,,0.0188040841280039
chexpert,465,constant,3,49,60,,,,,,,0.029460999999999998
chexpert,466,source,3,44,56,47.0,9.0,1847.6666666666667,96.33333333333333,0.8392857142857144,0.9504458161865569,
chexpert,466,empirical,3,44,56,50.0,6.0,1845.3333333333333,98.66666666666667,0.8928571428571428,0.9492455418381344,
chexpert,466,guarded,3,44,56,56.0,0.0,1182.0,762.0,1.0,0.6080246913580246,
chexpert,466,raw,3,44,56,,,,,,,0.10006519472800485
chexpert,466,logistic,3,44,56,,,,,,,0.015009905451450506
chexpert,466,constant,3,44,56,,,,,,,0.027472000000000007
chexpert,467,source,3,40,50,45.666666666666664,4.333333333333333,1849.6666666666667,100.33333333333333,0.9133333333333334,0.9485470085470086,
chexpert,467,empirical,3,40,50,44.0,6.0,1868.0,82.0,0.8799999999999999,0.9579487179487179,
chexpert,467,guarded,3,40,50,50.0,0.0,1205.3333333333333,744.6666666666666,1.0,0.6181196581196581,
chexpert,467,raw,3,40,50,,,,,,,0.09986198319709805
chexpert,467,logistic,3,40,50,,,,,,,0.014264910539652016
chexpert,467,constant,3,40,50,,,,,,,0.024600000000000007
chexpert,468,source,3,40,70,65.0,5.0,1839.0,91.0,0.9285714285714285,0.9528497409326425,
chexpert,468,empirical,3,40,70,59.666666666666664,10.333333333333334,1876.3333333333333,53.666666666666664,0.8523809523809524,0.9721934369602764,
chexpert,468,guarded,3,40,70,67.0,3.0,1826.6666666666667,103.33333333333333,0.9571428571428572,0.9464594127806564,
chexpert,468,raw,3,40,70,,,,,,,0.09666861229346058
chexpert,468,logistic,3,40,70,,,,,,,0.016001869450937813
chexpert,468,constant,3,40,70,,,,,,,0.03380000000000001
chexpert,469,source,3,31,73,68.66666666666667,4.333333333333333,1828.6666666666667,98.33333333333333,0.9406392694063926,0.9489707663034078,
chexpert,469,empirical,3,31,73,68.33333333333333,4.666666666666667,1827.3333333333333,99.66666666666667,0.9360730593607306,0.9482788444905724,
chexpert,469,guarded,3,31,73,72.66666666666667,0.3333333333333333,1233.6666666666667,693.3333333333334,0.9954337899543378,0.6402006573257222,
chexpert,469,raw,3,31,73,,,,,,,0.09565625509682352
chexpert,469,logistic,3,31,73,,,,,,,0.015979411272255484
chexpert,469,constant,3,31,73,,,,,,,0.03519799999999999
chexpert,470,source,3,48,78,68.33333333333333,9.666666666666666,1828.6666666666667,93.33333333333333,0.8760683760683761,0.9514394727714186,
chexpert,470,empirical,3,48,78,68.0,10.0,1825.0,97.0,0.8717948717948717,0.9495317377731528,
chexpert,470,guarded,3,48,78,71.66666666666667,6.333333333333333,1789.3333333333333,132.66666666666666,0.9188034188034188,0.9309746791536594,
chexpert,470,raw,3,48,78,,,,,,,0.09099042996264443
chexpert,470,logistic,3,48,78,,,,,,,0.017866269011057766
chexpert,470,constant,3,48,78,,,,,,,0.037559999999999996
chexpert,471,source,3,62,69,65.0,4.0,1821.6666666666667,109.33333333333333,0.9420289855072465,0.9433799413084758,
chexpert,471,empirical,3,62,69,65.33333333333333,3.6666666666666665,1797.6666666666667,133.33333333333334,0.9468599033816426,0.9309511479371655,
chexpert,471,guarded,3,62,69,66.33333333333333,2.6666666666666665,1762.6666666666667,168.33333333333334,0.9613526570048309,0.9128258242706715,
chexpert,471,raw,3,62,69,,,,,,,0.10597180772910213
chexpert,471,logistic,3,62,69,,,,,,,0.016112796159167324
chexpert,471,constant,3,62,69,,,,,,,0.034065999999999985
chexpert,472,source,3,45,83,73.33333333333333,9.666666666666666,1829.6666666666667,87.33333333333333,0.8835341365461847,0.9544427056164145,
chexpert,472,empirical,3,45,83,68.33333333333333,14.666666666666666,1874.6666666666667,42.333333333333336,0.8232931726907631,0.9779168840201704,
chexpert,472,guarded,3,45,83,82.0,1.0,1209.6666666666667,707.3333333333334,0.9879518072289156,0.6310206920535558,
chexpert,472,raw,3,45,83,,,,,,,0.0946520000099745
chexpert,472,logistic,3,45,83,,,,,,,0.016012983969797612
chexpert,472,constant,3,45,83,,,,,,,0.039790000000000006
chexpert,473,source,3,50,65,60.666666666666664,4.333333333333333,1847.3333333333333,87.66666666666667,0.9333333333333332,0.9546942291128339,
chexpert,473,empirical,3,50,65,57.333333333333336,7.666666666666667,1877.6666666666667,57.333333333333336,0.882051282051282,0.9703703703703703,
chexpert,473,guarded,3,50,65,62.333333333333336,2.6666666666666665,1827.3333333333333,107.66666666666667,0.9589743589743591,0.9443583118001723,
chexpert,473,raw,3,50,65,,,,,,,0.0974134750276952
chexpert,473,logistic,3,50,65,,,,,,,0.01401853988374215
chexpert,473,constant,3,50,65,,,,,,,0.03174999999999999
chexpert,474,source,3,39,63,52.333333333333336,10.666666666666666,1837.0,100.0,0.8306878306878307,0.9483737738771295,
chexpert,474,empirical,3,39,63,53.0,10.0,1839.0,98.0,0.8412698412698413,0.949406298399587,
chexpert,474,guarded,3,39,63,62.0,1.0,1212.0,725.0,0.9841269841269842,0.6257098606091894,
chexpert,474,raw,3,39,63,,,,,,,0.0995982604178241
chexpert,474,logistic,3,39,63,,,,,,,0.015681203004519476
chexpert,474,constant,3,39,63,,,,,,,0.030563999999999997
chexpert,475,source,3,51,76,68.66666666666667,7.333333333333333,1819.6666666666667,104.33333333333333,0.9035087719298246,0.9457726957726958,
chexpert,475,empirical,3,51,76,60.0,16.0,1865.0,59.0,0.7894736842105262,0.9693347193347193,
chexpert,475,guarded,3,51,76,70.33333333333333,5.666666666666667,1800.3333333333333,123.66666666666667,0.9254385964912282,0.9357241857241858,
chexpert,475,raw,3,51,76,,,,,,,0.10023508823522638
chexpert,475,logistic,3,51,76,,,,,,,0.019310935493653095
chexpert,475,constant,3,51,76,,,,,,,0.036724999999999994
chexpert,476,source,3,28,74,65.0,9.0,1836.3333333333333,89.66666666666667,0.8783783783783784,0.9534440983039114,
chexpert,476,empirical,3,28,74,69.0,5.0,1787.3333333333333,138.66666666666666,0.9324324324324325,0.9280027691242645,
chexpert,476,guarded,0,28,74,,,,,,,
chexpert,476,raw,3,28,74,,,,,,,0.09438120814430008
chexpert,476,logistic,3,28,74,,,,,,,0.019809176362645776
chexpert,476,constant,3,28,74,,,,,,,0.035711999999999994
chexpert,477,source,3,44,75,68.0,7.0,1840.3333333333333,84.66666666666667,0.9066666666666667,0.956017316017316,
chexpert,477,empirical,3,44,75,68.33333333333333,6.666666666666667,1842.0,83.0,0.9111111111111111,0.9568831168831169,
chexpert,477,guarded,3,44,75,70.66666666666667,4.333333333333333,1795.3333333333333,129.66666666666666,0.9422222222222222,0.9326406926406926,
chexpert,477,raw,3,44,75,,,,,,,0.09048095807464558
chexpert,477,logistic,3,44,75,,,,,,,0.0166228085194812
chexpert,477,constant,3,44,75,,,,,,,0.036136
chexpert,478,source,3,54,74,70.0,4.0,1829.0,97.0,0.9459459459459459,0.9496365524402908,
chexpert,478,empirical,3,54,74,71.0,3.0,1823.3333333333333,102.66666666666667,0.9594594594594595,0.9466943579093111,
chexpert,478,guarded,3,54,74,72.66666666666667,1.3333333333333333,1780.6666666666667,145.33333333333334,0.981981981981982,0.9245413637937002,
chexpert,478,raw,3,54,74,,,,,,,0.0973178469086982
chexpert,478,logistic,3,54,74,,,,,,,0.015648466870146236
chexpert,478,constant,3,54,74,,,,,,,0.03592
chexpert,479,source,3,43,65,58.0,7.0,1826.3333333333333,108.66666666666667,0.8923076923076922,0.9438415159345391,
chexpert,479,empirical,3,43,65,55.333333333333336,9.666666666666666,1862.6666666666667,72.33333333333333,0.8512820512820514,0.9626184323858742,
chexpert,479,guarded,3,43,65,60.333333333333336,4.666666666666667,1812.0,123.0,0.9282051282051281,0.9364341085271318,
chexpert,479,raw,3,43,65,,,,,,,0.1036204084105819
chexpert,479,logistic,3,43,65,,,,,,,0.01668368369740031
chexpert,479,constant,3,43,65,,,,,,,0.03155399999999999
chexpert,480,source,3,46,71,67.0,4.0,1819.6666666666667,109.33333333333333,0.943661971830986,0.9433212372559184,
chexpert,480,empirical,3,46,71,68.0,3.0,1795.3333333333333,133.66666666666666,0.9577464788732395,0.9307067565232418,
chexpert,480,guarded,3,46,71,69.0,2.0,1765.3333333333333,163.66666666666666,0.971830985915493,0.9151546569898047,
chexpert,480,raw,3,46,71,,,,,,,0.10355283987743975
chexpert,480,logistic,3,46,71,,,,,,,0.015943718706107776
chexpert,480,constant,3,46,71,,,,,,,0.03434999999999999
chexpert,481,source,3,44,65,59.666666666666664,5.333333333333333,1848.0,87.0,0.9179487179487179,0.9550387596899225,
chexpert,481,empirical,3,44,65,57.333333333333336,7.666666666666667,1861.3333333333333,73.66666666666667,0.882051282051282,0.9619293712316969,
chexpert,481,guarded,3,44,65,63.0,2.0,1796.0,139.0,0.9692307692307693,0.9281653746770026,
chexpert,481,raw,3,44,65,,,,,,,0.09466210433646625
chexpert,481,logistic,3,44,65,,,,,,,0.013620619239311496
chexpert,481,constant,3,44,65,,,,,,,0.03157600000000001
chexpert,482,source,3,47,76,69.33333333333333,6.666666666666667,1827.6666666666667,96.33333333333333,0.9122807017543858,0.9499306999306999,
chexpert,482,empirical,3,47,76,65.66666666666667,10.333333333333334,1863.0,61.0,0.8640350877192983,0.9682952182952183,
chexpert,482,guarded,3,47,76,70.33333333333333,5.666666666666667,1820.3333333333333,103.66666666666667,0.9254385964912281,0.946119196119196,
chexpert,482,raw,3,47,76,,,,,,,0.09911895752120141
chexpert,482,logistic,3,47,76,,,,,,,0.017364944840181886
chexpert,482,constant,3,47,76,,,,,,,0.036637
chexpert,483,source,3,45,61,57.0,4.0,1847.3333333333333,91.66666666666667,0.9344262295081966,0.9527247722193571,
chexpert,483,empirical,3,45,61,56.333333333333336,4.666666666666667,1846.3333333333333,92.66666666666667,0.9234972677595629,0.9522090424617501,
chexpert,483,guarded,3,45,61,61.0,0.0,1193.6666666666667,745.3333333333334,1.0,0.6156094206635722,
chexpert,483,raw,3,45,61,,,,,,,0.1001834277988287
chexpert,483,logistic,3,45,61,,,,,,,0.015524704538152695
chexpert,483,constant,3,45,61,,,,,,,0.02978
chexpert,484,source,3,44,68,61.333333333333336,6.666666666666667,1844.0,88.0,0.9019607843137255,0.9544513457556936,
chexpert,484,empirical,3,44,68,58.666666666666664,9.333333333333334,1861.3333333333333,70.66666666666667,0.8627450980392156,0.9634230503795722,
chexpert,484,guarded,3,44,68,67.66666666666667,0.3333333333333333,1209.3333333333333,722.6666666666666,0.9950980392156863,0.6259489302967564,
chexpert,484,raw,3,44,68,,,,,,,0.09289967296496408
chexpert,484,logistic,3,44,68,,,,,,,0.016686034935591856
chexpert,484,constant,3,44,68,,,,,,,0.032944
chexpert,485,source,3,45,81,71.0,10.0,1818.3333333333333,100.66666666666667,0.8765432098765432,0.9475421226333159,
chexpert,485,empirical,3,45,81,71.33333333333333,9.666666666666666,1815.3333333333333,103.66666666666667,0.8806584362139916,0.9459788084071565,
chexpert,485,guarded,3,45,81,80.66666666666667,0.3333333333333333,1203.6666666666667,715.3333333333334,0.9958847736625515,0.6272364078513114,
chexpert,485,raw,3,45,81,,,,,,,0.10028952927905233
chexpert,485,logistic,3,45,81,,,,,,,0.020791854468430068
chexpert,485,constant,3,45,81,,,,,,,0.03888000000000001
chexpert,486,source,3,41,78,70.0,8.0,1809.3333333333333,112.66666666666667,0.8974358974358974,0.9413805064169268,
chexpert,486,empirical,3,41,78,68.33333333333333,9.666666666666666,1822.3333333333333,99.66666666666667,0.8760683760683761,0.9481442941380506,
chexpert,486,guarded,3,41,78,75.0,3.0,1761.6666666666667,160.33333333333334,0.9615384615384616,0.9165799514394729,
chexpert,486,raw,3,41,78,,,,,,,0.10522945702309318
chexpert,486,logistic,3,41,78,,,,,,,0.019028820042442968
chexpert,486,constant,3,41,78,,,,,,,0.037483000000000016
chexpert,487,source,3,47,68,62.0,6.0,1830.0,102.0,0.9117647058823529,0.9472049689440993,
chexpert,487,empirical,3,47,68,64.0,4.0,1812.6666666666667,119.33333333333333,0.9411764705882352,0.9382332643202208,
chexpert,487,guarded,3,47,68,65.33333333333333,2.6666666666666665,1781.3333333333333,150.66666666666666,0.9607843137254902,0.9220151828847482,
chexpert,487,raw,3,47,68,,,,,,,0.09995675359602317
chexpert,487,logistic,3,47,68,,,,,,,0.015402137566284405
chexpert,487,constant,3,47,68,,,,,,,0.033013
chexpert,488,source,3,48,56,48.333333333333336,7.666666666666667,1835.0,109.0,0.8630952380952381,0.9439300411522634,
chexpert,488,empirical,3,48,56,45.333333333333336,10.666666666666666,1878.3333333333333,65.66666666666667,0.8095238095238096,0.9662208504801097,
chexpert,488,guarded,3,48,56,50.333333333333336,5.666666666666667,1833.3333333333333,110.66666666666667,0.8988095238095237,0.9430727023319617,
chexpert,488,raw,3,48,56,,,,,,,0.10597331435113533
chexpert,488,logistic,3,48,56,,,,,,,0.016543091819796945
chexpert,488,constant,3,48,56,,,,,,,0.02761599999999999
chexpert,489,source,3,52,52,44.666666666666664,7.333333333333333,1857.6666666666667,90.33333333333333,0.8589743589743589,0.95362765229295,
chexpert,489,empirical,3,52,52,43.333333333333336,8.666666666666666,1862.3333333333333,85.66666666666667,0.8333333333333334,0.9560232717316905,
chexpert,489,guarded,3,52,52,52.0,0.0,1236.0,712.0,1.0,0.6344969199178645,
chexpert,489,raw,3,52,52,,,,,,,0.09268221826105223
chexpert,489,logistic,3,52,52,,,,,,,0.015012413835229737
chexpert,489,constant,3,52,52,,,,,,,0.026000000000000006
chexpert,490,source,3,23,60,50.333333333333336,9.666666666666666,1838.0,102.0,0.8388888888888889,0.947422680412371,
chexpert,490,empirical,3,23,60,49.666666666666664,10.333333333333334,1847.3333333333333,92.66666666666667,0.8277777777777778,0.9522336769759451,
chexpert,490,guarded,0,23,60,,,,,,,
chexpert,490,raw,3,23,60,,,,,,,0.10201931825254335
chexpert,490,logistic,3,23,60,,,,,,,0.01604619150818039
chexpert,490,constant,3,23,60,,,,,,,0.029148999999999998
chexpert,491,source,3,42,60,55.0,5.0,1853.0,87.0,0.9166666666666666,0.9551546391752576,
chexpert,491,empirical,3,42,60,51.333333333333336,8.666666666666666,1871.3333333333333,68.66666666666667,0.8555555555555555,0.9646048109965636,
chexpert,491,guarded,3,42,60,57.666666666666664,2.3333333333333335,1804.0,136.0,0.9611111111111111,0.9298969072164948,
chexpert,491,raw,3,42,60,,,,,,,0.09462981165441962
chexpert,491,logistic,3,42,60,,,,,,,0.016253469059814896
chexpert,491,constant,3,42,60,,,,,,,0.029244000000000003
chexpert,492,source,3,43,81,73.0,8.0,1804.3333333333333,114.66666666666667,0.9012345679012346,0.9402466562445718,
chexpert,492,empirical,3,43,81,73.0,8.0,1804.3333333333333,114.66666666666667,0.9012345679012346,0.9402466562445718,
chexpert,492,guarded,3,43,81,80.66666666666667,0.3333333333333333,1211.0,708.0,0.9958847736625515,0.6310578426263679,
chexpert,492,raw,3,43,81,,,,,,,0.10497704552062408
chexpert,492,logistic,3,43,81,,,,,,,0.019594176378781154
chexpert,492,constant,3,43,81,,,,,,,0.03886599999999999
chexpert,493,source,3,41,67,62.0,5.0,1840.6666666666667,92.33333333333333,0.9253731343283582,0.9522331436454561,
chexpert,493,empirical,3,41,67,59.0,8.0,1863.0,70.0,0.8805970149253731,0.9637868598034144,
chexpert,493,guarded,3,41,67,66.66666666666667,0.3333333333333333,1227.3333333333333,705.6666666666666,0.9950248756218905,0.6349370581134678,
chexpert,493,raw,3,41,67,,,,,,,0.09454055406072315
chexpert,493,logistic,3,41,67,,,,,,,0.01405143150257422
chexpert,493,constant,3,41,67,,,,,,,0.032434000000000004
chexpert,494,source,3,43,63,54.333333333333336,8.666666666666666,1833.3333333333333,103.66666666666667,0.8624338624338624,0.9464808122526244,
chexpert,494,empirical,3,43,63,54.666666666666664,8.333333333333334,1832.3333333333333,104.66666666666667,0.8677248677248678,0.9459645499913956,
chexpert,494,guarded,3,43,63,57.666666666666664,5.333333333333333,1784.3333333333333,152.66666666666666,0.9153439153439153,0.9211839614524178,
chexpert,494,raw,3,43,63,,,,,,,0.10478137383459667
chexpert,494,logistic,3,43,63,,,,,,,0.017068130980973883
chexpert,494,constant,3,43,63,,,,,,,0.030639999999999997
chexpert,495,source,3,55,66,59.0,7.0,1839.3333333333333,94.66666666666667,0.8939393939393939,0.9510513615994486,
chexpert,495,empirical,3,55,66,63.333333333333336,2.6666666666666665,1796.6666666666667,137.33333333333334,0.9595959595959597,0.9289900034470873,
chexpert,495,guarded,3,55,66,66.0,0.0,1244.6666666666667,689.3333333333334,1.0,0.6435711823509135,
chexpert,495,raw,3,55,66,,,,,,,0.09441767019545864
chexpert,495,logistic,3,55,66,,,,,,,0.015742511968067446
chexpert,495,constant,3,55,66,,,,,,,0.03239500000000001
chexpert,496,source,3,54,71,64.33333333333333,6.666666666666667,1851.0,78.0,0.9061032863849765,0.9595645412130637,
chexpert,496,empirical,3,54,71,61.333333333333336,9.666666666666666,1880.0,49.0,0.863849765258216,0.9745982374287195,
chexpert,496,guarded,3,54,71,67.0,4.0,1833.3333333333333,95.66666666666667,0.943661971830986,0.9504060825989287,
chexpert,496,raw,3,54,71,,,,,,,0.08779276830752748
chexpert,496,logistic,3,54,71,,,,,,,0.014447024239041777
chexpert,496,constant,3,54,71,,,,,,,0.03458200000000001
chexpert,497,source,3,38,78,67.66666666666667,10.333333333333334,1826.6666666666667,95.33333333333333,0.8675213675213675,0.950398890045092,
chexpert,497,empirical,3,38,78,67.33333333333333,10.666666666666666,1840.6666666666667,81.33333333333333,0.8632478632478633,0.9576829691293791,
chexpert,497,guarded,3,38,78,73.66666666666667,4.333333333333333,1784.6666666666667,137.33333333333334,0.9444444444444445,0.9285466527922304,
chexpert,497,raw,3,38,78,,,,,,,0.0926032188596307
chexpert,497,logistic,3,38,78,,,,,,,0.0195142429453108
chexpert,497,constant,3,38,78,,,,,,,0.03748
chexpert,498,source,3,38,73,68.33333333333333,4.666666666666667,1850.0,77.0,0.9360730593607306,0.9600415153087701,
chexpert,498,empirical,3,38,73,68.33333333333333,4.666666666666667,1845.3333333333333,81.66666666666667,0.9360730593607306,0.957619788963847,
chexpert,498,guarded,3,38,73,73.0,0.0,1235.3333333333333,691.6666666666666,1.0,0.6410655595917661,
chexpert,498,raw,3,38,73,,,,,,,0.08763946257492405
chexpert,498,logistic,3,38,73,,,,,,,0.015483008287946668
chexpert,498,constant,3,38,73,,,,,,,0.03517
chexpert,499,source,3,39,49,44.333333333333336,4.666666666666667,1852.6666666666667,98.33333333333333,0.9047619047619048,0.9495984964975227,
chexpert,499,empirical,3,39,49,43.0,6.0,1868.6666666666667,82.33333333333333,0.8775510204081632,0.9577994191013155,
chexpert,499,guarded,3,39,49,49.0,0.0,1230.6666666666667,720.3333333333334,1.0,0.6307876302750727,
chexpert,499,raw,3,39,49,,,,,,,0.09943845386127391
chexpert,499,logistic,3,39,49,,,,,,,0.012358438487327065
chexpert,499,constant,3,39,49,,,,,,,0.024110000000000003
chexpert,500,source,3,44,75,63.666666666666664,11.333333333333334,1829.6666666666667,95.33333333333333,0.8488888888888889,0.9504761904761905,
chexpert,500,empirical,3,44,75,57.0,18.0,1864.6666666666667,60.333333333333336,0.7600000000000001,0.9686580086580087,
chexpert,500,guarded,3,44,75,67.0,8.0,1807.0,118.0,0.8933333333333332,0.9387012987012988,
chexpert,500,raw,3,44,75,,,,,,,0.09364795359054912
chexpert,500,logistic,3,44,75,,,,,,,0.020253440501921693
chexpert,500,constant,3,44,75,,,,,,,0.036136
nih,0,source,3,42,69,63.333333333333336,5.666666666666667,1596.6666666666667,334.3333333333333,0.9178743961352658,0.8268600034524426,
nih,0,empirical,3,42,69,58.333333333333336,10.666666666666666,1804.3333333333333,126.66666666666667,0.8454106280193235,0.9344035905403073,
nih,0,guarded,3,42,69,65.0,4.0,1468.3333333333333,462.6666666666667,0.9420289855072465,0.7604004833419644,
nih,0,raw,3,42,69,,,,,,,0.01854151691937184
nih,0,logistic,3,42,69,,,,,,,0.018122427742594798
nih,0,constant,3,42,69,,,,,,,0.033366
nih,1,source,3,38,63,58.0,5.0,1575.0,362.0,0.9206349206349206,0.813113061435209,
nih,1,empirical,3,38,63,53.333333333333336,9.666666666666666,1722.0,215.0,0.8465608465608466,0.8890036138358286,
nih,1,guarded,3,38,63,60.333333333333336,2.6666666666666665,1448.0,489.0,0.9576719576719577,0.7475477542591636,
nih,1,raw,3,38,63,,,,,,,0.01970382196896793
nih,1,logistic,3,38,63,,,,,,,0.019215336134641055
nih,1,constant,3,38,63,,,,,,,0.030549999999999997
nih,2,source,3,52,73,63.0,10.0,1603.6666666666667,323.3333333333333,0.863013698630137,0.8322089603874763,
nih,2,empirical,3,52,73,58.666666666666664,14.333333333333334,1733.3333333333333,193.66666666666666,0.8036529680365296,0.8994983566856946,
nih,2,guarded,3,52,73,66.0,7.0,1512.0,415.0,0.904109589041096,0.7846393357550597,
nih,2,raw,3,52,73,,,,,,,0.02123150451572191
nih,2,logistic,3,52,73,,,,,,,0.021033991188184636
nih,2,constant,3,52,73,,,,,,,0.03540800000000001
nih,3,source,3,40,75,66.66666666666667,8.333333333333334,1592.6666666666667,332.3333333333333,0.888888888888889,0.8273593073593073,
nih,3,empirical,3,40,75,61.333333333333336,13.666666666666666,1814.0,111.0,0.8177777777777777,0.9423376623376623,
nih,3,guarded,3,40,75,68.33333333333333,6.666666666666667,1461.6666666666667,463.3333333333333,0.9111111111111111,0.7593073593073593,
nih,3,raw,3,40,75,,,,,,,0.0212364156290005
nih,3,logistic,3,40,75,,,,,,,0.02086577685031231
nih,3,constant,3,40,75,,,,,,,0.03610000000000001
nih,4,source,3,52,70,63.0,7.0,1593.3333333333333,336.6666666666667,0.8999999999999999,0.8255613126079447,
nih,4,empirical,3,52,70,57.666666666666664,12.333333333333334,1853.0,77.0,0.8238095238095239,0.9601036269430052,
nih,4,guarded,3,52,70,62.0,8.0,1644.3333333333333,285.6666666666667,0.8857142857142857,0.8519861830742661,
nih,4,raw,3,52,70,,,,,,,0.01792137835191683
nih,4,logistic,3,52,70,,,,,,,0.017294518390225073
nih,4,constant,3,52,70,,,,,,,0.034064000000000004
nih,5,source,3,38,84,79.33333333333333,4.666666666666667,1585.0,331.0,0.9444444444444443,0.8272442588726513,
nih,5,empirical,3,38,84,71.33333333333333,12.666666666666666,1813.0,103.0,0.8492063492063492,0.946242171189979,
nih,5,guarded,3,38,84,77.0,7.0,1580.6666666666667,335.3333333333333,0.9166666666666666,0.8249826026443982,
nih,5,raw,3,38,84,,,,,,,0.018898530756201116
nih,5,logistic,3,38,84,,,,,,,0.01814297354932407
nih,5,constant,3,38,84,,,,,,,0.040251999999999996
nih,6,source,3,45,67,60.0,7.0,1582.3333333333333,350.6666666666667,0.8955223880597015,0.8185894119675806,
nih,6,empirical,3,45,67,55.333333333333336,11.666666666666666,1801.6666666666667,131.33333333333334,0.8258706467661692,0.9320572512502155,
nih,6,guarded,3,45,67,61.0,6.0,1510.6666666666667,422.3333333333333,0.9104477611940299,0.7815140541472667,
nih,6,raw,3,45,67,,,,,,,0.017843331874064818
nih,6,logistic,3,45,67,,,,,,,0.017226233966183863
nih,6,constant,3,45,67,,,,,,,0.032510000000000004
nih,7,source,3,28,68,63.0,5.0,1620.0,312.0,0.926470588235294,0.8385093167701863,
nih,7,empirical,3,28,68,58.0,10.0,1834.6666666666667,97.33333333333333,0.8529411764705883,0.9496204278812974,
nih,7,guarded,0,28,68,,,,,,,
nih,7,raw,3,28,68,,,,,,,0.015266367875933018
nih,7,logistic,3,28,68,,,,,,,0.015673371290714513
nih,7,constant,3,28,68,,,,,,,0.03287999999999999
nih,8,source,3,34,71,67.0,4.0,1586.0,343.0,0.943661971830986,0.8221876620010368,
nih,8,empirical,3,34,71,66.66666666666667,4.333333333333333,1554.6666666666667,374.3333333333333,0.9389671361502346,0.8059443580438913,
nih,8,guarded,3,34,71,68.0,3.0,1458.6666666666667,470.3333333333333,0.9577464788732395,0.756177639536893,
nih,8,raw,3,34,71,,,,,,,0.01793397318368721
nih,8,logistic,3,34,71,,,,,,,0.01772545227201638
nih,8,constant,3,34,71,,,,,,,0.034242
nih,9,source,3,53,80,75.0,5.0,1585.0,335.0,0.9375,0.8255208333333334,
nih,9,empirical,3,53,80,71.33333333333333,8.666666666666666,1713.0,207.0,0.8916666666666666,0.8921875,
nih,9,guarded,3,53,80,75.33333333333333,4.666666666666667,1553.3333333333333,366.6666666666667,0.9416666666666668,0.8090277777777778,
nih,9,raw,3,53,80,,,,,,,0.018501560364173646
nih,9,logistic,3,53,80,,,,,,,0.01813517555301959
nih,9,constant,3,53,80,,,,,,,0.038568999999999985
nih,10,source,3,35,60,54.666666666666664,5.333333333333333,1585.6666666666667,354.3333333333333,0.9111111111111111,0.8173539518900345,
nih,10,empirical,3,35,60,50.0,10.0,1770.3333333333333,169.66666666666666,0.8333333333333334,0.9125429553264605,
nih,10,guarded,3,35,60,52.0,8.0,1642.0,298.0,0.8666666666666666,0.8463917525773196,
nih,10,raw,3,35,60,,,,,,,0.01809851457984007
nih,10,logistic,3,35,60,,,,,,,0.017208550175752905
nih,10,constant,3,35,60,,,,,,,0.029125
nih,11,source,3,45,80,75.0,5.0,1579.0,341.0,0.9375,0.8223958333333333,
nih,11,empirical,3,45,80,70.0,10.0,1763.3333333333333,156.66666666666666,0.875,0.9184027777777778,
nih,11,guarded,3,45,80,76.33333333333333,3.6666666666666665,1553.3333333333333,366.6666666666667,0.9541666666666666,0.8090277777777777,
nih,11,raw,3,45,80,,,,,,,0.017304463391971562
nih,11,logistic,3,45,80,,,,,,,0.01635140287232834
nih,11,constant,3,45,80,,,,,,,0.038425000000000015
nih,12,source,3,40,64,56.666666666666664,7.333333333333333,1616.0,320.0,0.8854166666666666,0.8347107438016529,
nih,12,empirical,3,40,64,51.666666666666664,12.333333333333334,1829.0,107.0,0.8072916666666666,0.9447314049586777,
nih,12,guarded,3,40,64,58.666666666666664,5.333333333333333,1483.6666666666667,452.3333333333333,0.9166666666666666,0.7663567493112948,
nih,12,raw,3,40,64,,,,,,,0.017136502282078123
nih,12,logistic,3,40,64,,,,,,,0.016668764226420104
nih,12,constant,3,40,64,,,,,,,0.03104000000000001
nih,13,source,3,41,53,50.0,3.0,1598.6666666666667,348.3333333333333,0.9433962264150942,0.8210922787193974,
nih,13,empirical,3,41,53,45.333333333333336,7.666666666666667,1816.3333333333333,130.66666666666666,0.8553459119496857,0.9328882040746448,
nih,13,guarded,3,41,53,51.333333333333336,1.6666666666666667,1467.3333333333333,479.6666666666667,0.9685534591194968,0.7536380756719739,
nih,13,raw,3,41,53,,,,,,,0.015699353751982174
nih,13,logistic,3,41,53,,,,,,,0.01519834200321419
nih,13,constant,3,41,53,,,,,,,0.026008000000000014
nih,14,source,3,39,85,72.66666666666667,12.333333333333334,1558.6666666666667,356.3333333333333,0.8549019607843137,0.8139251523063534,
nih,14,empirical,3,39,85,66.66666666666667,18.333333333333332,1702.0,213.0,0.7843137254901961,0.8887728459530027,
nih,14,guarded,3,39,85,73.33333333333333,11.666666666666666,1526.0,389.0,0.8627450980392157,0.7968668407310705,
nih,14,raw,3,39,85,,,,,,,0.02365200977303065
nih,14,logistic,3,39,85,,,,,,,0.023654184925042492
nih,14,constant,3,39,85,,,,,,,0.040706
nih,15,source,3,61,66,60.333333333333336,5.666666666666667,1586.6666666666667,347.3333333333333,0.914141414141414,0.8204067562909341,
nih,15,empirical,3,61,66,58.333333333333336,7.666666666666667,1684.6666666666667,249.33333333333334,0.883838383838384,0.8710789382971389,
nih,15,guarded,3,61,66,61.666666666666664,4.333333333333333,1512.6666666666667,421.3333333333333,0.9343434343434344,0.7821440882454326,
nih,15,raw,3,61,66,,,,,,,0.01682558002333733
nih,15,logistic,3,61,66,,,,,,,0.016913316005487636
nih,15,constant,3,61,66,,,,,,,0.03269500000000001
nih,16,source,3,37,97,92.33333333333333,4.666666666666667,1567.6666666666667,335.3333333333333,0.951890034364261,0.8237870029777544,
nih,16,empirical,3,37,97,88.0,9.0,1667.0,236.0,0.9072164948453608,0.8759852863899106,
nih,16,guarded,3,37,97,93.33333333333333,3.6666666666666665,1499.6666666666667,403.3333333333333,0.9621993127147767,0.7880539499036608,
nih,16,raw,3,37,97,,,,,,,0.024076974985397955
nih,16,logistic,3,37,97,,,,,,,0.023857766045112323
nih,16,constant,3,37,97,,,,,,,0.04627999999999998
nih,17,source,3,34,69,60.0,9.0,1595.6666666666667,335.3333333333333,0.8695652173913043,0.8263421370619713,
nih,17,empirical,3,34,69,52.666666666666664,16.333333333333332,1800.3333333333333,130.66666666666666,0.7632850241545893,0.9323321249784223,
nih,17,guarded,3,34,69,61.666666666666664,7.333333333333333,1525.6666666666667,405.3333333333333,0.893719806763285,0.7900914897289834,
nih,17,raw,3,34,69,,,,,,,0.022177410578971143
nih,17,logistic,3,34,69,,,,,,,0.022023678604403036
nih,17,constant,3,34,69,,,,,,,0.03331
nih,18,source,3,51,72,70.33333333333333,1.6666666666666667,1596.3333333333333,331.6666666666667,0.976851851851852,0.8279737206085754,
nih,18,empirical,3,51,72,66.0,6.0,1812.3333333333333,115.66666666666667,0.9166666666666666,0.9400069156293224,
nih,18,guarded,3,51,72,68.33333333333333,3.6666666666666665,1641.3333333333333,286.6666666666667,0.9490740740740741,0.851313969571231,
nih,18,raw,3,51,72,,,,,,,0.017219003655369786
nih,18,logistic,3,51,72,,,,,,,0.01684429629278647
nih,18,constant,3,51,72,,,,,,,0.03492899999999999
nih,19,source,3,47,78,69.33333333333333,8.666666666666666,1586.3333333333333,335.6666666666667,0.8888888888888888,0.825355532431495,
nih,19,empirical,3,47,78,69.66666666666667,8.333333333333334,1597.6666666666667,324.3333333333333,0.8931623931623931,0.8312521678806798,
nih,19,guarded,3,47,78,72.66666666666667,5.333333333333333,1444.3333333333333,477.6666666666667,0.9316239316239315,0.7514741588622962,
nih,19,raw,3,47,78,,,,,,,0.0204862078069995
nih,19,logistic,3,47,78,,,,,,,0.020230730418912633
nih,19,constant,3,47,78,,,,,,,0.03754299999999999
nih,20,source,3,48,82,75.0,7.0,1569.0,349.0,0.9146341463414634,0.8180396246089677,
nih,20,empirical,3,48,82,65.66666666666667,16.333333333333332,1817.0,101.0,0.8008130081300813,0.9473409801876955,
nih,20,guarded,3,48,82,70.0,12.0,1703.3333333333333,214.66666666666666,0.8536585365853658,0.8880778588807786,
nih,20,raw,3,48,82,,,,,,,0.022888209404049984
nih,20,logistic,3,48,82,,,,,,,0.023118140707152773
nih,20,constant,3,48,82,,,,,,,0.03936799999999999
nih,21,source,3,44,65,61.333333333333336,3.6666666666666665,1598.0,337.0,0.9435897435897435,0.8258397932816538,
nih,21,empirical,3,44,65,59.0,6.0,1820.3333333333333,114.66666666666667,0.9076923076923077,0.9407407407407407,
nih,21,guarded,3,44,65,61.333333333333336,3.6666666666666665,1566.6666666666667,368.3333333333333,0.9435897435897435,0.8096468561584841,
nih,21,raw,3,44,65,,,,,,,0.017014786376066526
nih,21,logistic,3,44,65,,,,,,,0.01653767637474642
nih,21,constant,3,44,65,,,,,,,0.03157600000000001
nih,22,source,3,45,58,53.333333333333336,4.666666666666667,1614.6666666666667,327.3333333333333,0.9195402298850576,0.8314452454514246,
nih,22,empirical,3,45,58,49.0,9.0,1828.0,114.0,0.8448275862068965,0.94129763130793,
nih,22,guarded,3,45,58,54.666666666666664,3.3333333333333335,1542.6666666666667,399.3333333333333,0.9425287356321839,0.7943700652248541,
nih,22,raw,3,45,58,,,,,,,0.01812048694470509
nih,22,logistic,3,45,58,,,,,,,0.018014370676603705
nih,22,constant,3,45,58,,,,,,,0.028415000000000006
nih,23,source,3,41,66,63.0,3.0,1580.6666666666667,353.3333333333333,0.9545454545454546,0.8173043778007584,
nih,23,empirical,3,41,66,60.333333333333336,5.666666666666667,1783.6666666666667,150.33333333333334,0.9141414141414143,0.9222681833850396,
nih,23,guarded,3,41,66,63.666666666666664,2.3333333333333335,1552.3333333333333,381.6666666666667,0.9646464646464646,0.8026542571527059,
nih,23,raw,3,41,66,,,,,,,0.018281493590244172
nih,23,logistic,3,41,66,,,,,,,0.018268237515235645
nih,23,constant,3,41,66,,,,,,,0.031975
nih,24,source,3,33,62,60.0,2.0,1608.0,330.0,0.967741935483871,0.8297213622291021,
nih,24,empirical,3,33,62,60.0,2.0,1568.3333333333333,369.6666666666667,0.967741935483871,0.8092535259717922,
nih,24,guarded,3,33,62,61.333333333333336,0.6666666666666666,1469.6666666666667,468.3333333333333,0.989247311827957,0.7583419332645338,
nih,24,raw,3,33,62,,,,,,,0.016703287811778305
nih,24,logistic,3,33,62,,,,,,,0.016388252544182642
nih,24,constant,3,33,62,,,,,,,0.030043
nih,25,source,3,38,68,62.666666666666664,5.333333333333333,1585.0,347.0,0.9215686274509803,0.8203933747412009,
nih,25,empirical,3,38,68,59.333333333333336,8.666666666666666,1655.6666666666667,276.3333333333333,0.8725490196078431,0.8569703243616287,
nih,25,guarded,3,38,68,63.0,5.0,1511.3333333333333,420.6666666666667,0.926470588235294,0.7822636300897171,
nih,25,raw,3,38,68,,,,,,,0.019067697617700132
nih,25,logistic,3,38,68,,,,,,,0.01858528811207446
nih,25,constant,3,38,68,,,,,,,0.03286
nih,26,source,3,43,78,67.66666666666667,10.333333333333334,1578.0,344.0,0.8675213675213675,0.8210197710718002,
nih,26,empirical,3,43,78,54.333333333333336,23.666666666666668,1854.0,68.0,0.6965811965811964,0.9646201873048907,
nih,26,guarded,3,43,78,64.33333333333333,13.666666666666666,1709.6666666666667,212.33333333333334,0.8247863247863249,0.8895248005549773,
nih,26,raw,3,43,78,,,,,,,0.02175188475393953
nih,26,logistic,3,43,78,,,,,,,0.02164753526943326
nih,26,constant,3,43,78,,,,,,,0.037494999999999994
nih,27,source,3,42,64,56.0,8.0,1598.3333333333333,337.6666666666667,0.875,0.8255853994490359,
nih,27,empirical,3,42,64,44.0,20.0,1858.3333333333333,77.66666666666667,0.6875,0.9598829201101928,
nih,27,guarded,3,42,64,50.333333333333336,13.666666666666666,1785.0,151.0,0.7864583333333334,0.9220041322314049,
nih,27,raw,3,42,64,,,,,,,0.019811439905258563
nih,27,logistic,3,42,64,,,,,,,0.019924940582134384
nih,27,constant,3,42,64,,,,,,,0.031075999999999996
nih,28,source,3,47,69,66.33333333333333,2.6666666666666665,1579.0,352.0,0.9613526570048311,0.8177110305541171,
nih,28,empirical,3,47,69,63.0,6.0,1794.0,137.0,0.9130434782608696,0.9290523045054376,
nih,28,guarded,3,47,69,64.66666666666667,4.333333333333333,1565.0,366.0,0.9371980676328503,0.8104609010875193,
nih,28,raw,3,47,69,,,,,,,0.017131839721957188
nih,28,logistic,3,47,69,,,,,,,0.017225473022635034
nih,28,constant,3,47,69,,,,,,,0.033466
nih,29,source,3,32,76,67.66666666666667,8.333333333333334,1590.0,334.0,0.8903508771929824,0.8264033264033265,
nih,29,empirical,3,32,76,60.0,16.0,1792.3333333333333,131.66666666666666,0.7894736842105262,0.9315661815661817,
nih,29,guarded,3,32,76,71.0,5.0,1469.3333333333333,454.6666666666667,0.9342105263157894,0.7636867636867638,
nih,29,raw,3,32,76,,,,,,,0.022489821886835248
nih,29,logistic,3,32,76,,,,,,,0.02254712214871107
nih,29,constant,3,32,76,,,,,,,0.036592
nih,30,source,3,44,62,58.333333333333336,3.6666666666666665,1607.3333333333333,330.6666666666667,0.9408602150537635,0.8293773649810802,
nih,30,empirical,3,44,62,56.333333333333336,5.666666666666667,1696.3333333333333,241.66666666666666,0.9086021505376344,0.8753009975920193,
nih,30,guarded,3,44,62,60.0,2.0,1481.3333333333333,456.6666666666667,0.967741935483871,0.7643618851049192,
nih,30,raw,3,44,62,,,,,,,0.017981968531307024
nih,30,logistic,3,44,62,,,,,,,0.017794241478825468
nih,30,constant,3,44,62,,,,,,,0.030208000000000002
nih,31,source,3,34,80,73.0,7.0,1596.3333333333333,323.6666666666667,0.9125,0.8314236111111111,
nih,31,empirical,3,34,80,65.66666666666667,14.333333333333334,1731.0,189.0,0.8208333333333333,0.9015624999999999,
nih,31,guarded,3,34,80,73.66666666666667,6.333333333333333,1527.0,393.0,0.9208333333333334,0.7953125,
nih,31,raw,3,34,80,,,,,,,0.024630742299452484
nih,31,logistic,3,34,80,,,,,,,0.02530125371402968
nih,31,constant,3,34,80,,,,,,,0.038436000000000005
nih,32,source,3,42,70,64.33333333333333,5.666666666666667,1605.6666666666667,324.3333333333333,0.919047619047619,0.831951640759931,
nih,32,empirical,3,42,70,57.333333333333336,12.666666666666666,1790.6666666666667,139.33333333333334,0.8190476190476191,0.9278065630397236,
nih,32,guarded,3,42,70,66.0,4.0,1469.3333333333333,460.6666666666667,0.9428571428571427,0.7613126079447322,
nih,32,raw,3,42,70,,,,,,,0.018706459476420172
nih,32,logistic,3,42,70,,,,,,,0.018599822260333826
nih,32,constant,3,42,70,,,,,,,0.033824
nih,33,source,3,47,77,71.0,6.0,1583.3333333333333,339.6666666666667,0.9220779220779219,0.8233662679840527,
nih,33,empirical,3,47,77,67.66666666666667,9.333333333333334,1665.6666666666667,257.3333333333333,0.8787878787878788,0.8661813139192235,
nih,33,guarded,3,47,77,72.66666666666667,4.333333333333333,1500.3333333333333,422.6666666666667,0.9437229437229436,0.780204541514994,
nih,33,raw,3,47,77,,,,,,,0.02196476687703769
nih,33,logistic,3,47,77,,,,,,,0.021827411026359225
nih,33,constant,3,47,77,,,,,,,0.037090000000000005
nih,34,source,3,36,71,64.33333333333333,6.666666666666667,1607.3333333333333,321.6666666666667,0.9061032863849765,0.8332469327803698,
nih,34,empirical,3,36,71,60.666666666666664,10.333333333333334,1749.6666666666667,179.33333333333334,0.8544600938967136,0.9070330050112321,
nih,34,guarded,3,36,71,65.66666666666667,5.333333333333333,1474.3333333333333,454.6666666666667,0.9248826291079814,0.7642992915154657,
nih,34,raw,3,36,71,,,,,,,0.017373731561723244
nih,34,logistic,3,36,71,,,,,,,0.01735077490126881
nih,34,constant,3,36,71,,,,,,,0.034239999999999986
nih,35,source,3,38,70,62.666666666666664,7.333333333333333,1592.3333333333333,337.6666666666667,0.8952380952380953,0.8250431778929189,
nih,35,empirical,3,38,70,58.666666666666664,11.333333333333334,1719.6666666666667,210.33333333333334,0.8380952380952381,0.8910189982728843,
nih,35,guarded,3,38,70,64.66666666666667,5.333333333333333,1468.0,462.0,0.9238095238095237,0.7606217616580312,
nih,35,raw,3,38,70,,,,,,,0.017415299617849257
nih,35,logistic,3,38,70,,,,,,,0.01756690317139907
nih,35,constant,3,38,70,,,,,,,0.033784
nih,36,source,3,48,67,61.0,6.0,1592.6666666666667,340.3333333333333,0.9104477611940297,0.8239351612346958,
nih,36,empirical,3,48,67,55.333333333333336,11.666666666666666,1800.6666666666667,132.33333333333334,0.8258706467661692,0.9315399206759786,
nih,36,guarded,3,48,67,56.666666666666664,10.333333333333334,1717.0,216.0,0.845771144278607,0.8882565959648215,
nih,36,raw,3,48,67,,,,,,,0.01954411076817837
nih,36,logistic,3,48,67,,,,,,,0.01934110058472276
nih,36,constant,3,48,67,,,,,,,0.03258799999999999
nih,37,source,3,51,68,60.0,8.0,1578.3333333333333,353.6666666666667,0.8823529411764706,0.8169427191166322,
nih,37,empirical,3,51,68,54.0,14.0,1819.3333333333333,112.66666666666667,0.7941176470588235,0.9416839199447895,
nih,37,guarded,3,51,68,56.666666666666664,11.333333333333334,1705.3333333333333,226.66666666666666,0.8333333333333334,0.8826777087646653,
nih,37,raw,3,51,68,,,,,,,0.0193565803434267
nih,37,logistic,3,51,68,,,,,,,0.02059180365470677
nih,37,constant,3,51,68,,,,,,,0.03313299999999999
nih,38,source,3,39,67,60.0,7.0,1599.6666666666667,333.3333333333333,0.8955223880597015,0.8275564752543542,
nih,38,empirical,3,39,67,56.0,11.0,1818.0,115.0,0.8358208955223881,0.9405069839627522,
nih,38,guarded,3,39,67,62.333333333333336,4.666666666666667,1525.0,408.0,0.9303482587064676,0.7889291257113294,
nih,38,raw,3,39,67,,,,,,,0.019093551413213204
nih,38,logistic,3,39,67,,,,,,,0.01877984300931557
nih,38,constant,3,39,67,,,,,,,0.032408
nih,39,source,3,41,51,48.0,3.0,1592.6666666666667,356.3333333333333,0.9411764705882352,0.8171711989054216,
nih,39,empirical,3,41,51,43.333333333333336,7.666666666666667,1828.6666666666667,120.33333333333333,0.8496732026143791,0.9382589362066017,
nih,39,guarded,3,41,51,48.333333333333336,2.6666666666666665,1575.6666666666667,373.3333333333333,0.9477124183006534,0.8084487771506755,
nih,39,raw,3,41,51,,,,,,,0.014075603358701986
nih,39,logistic,3,41,51,,,,,,,0.013319319287558187
nih,39,constant,3,41,51,,,,,,,0.02509000000000001
nih,40,source,3,38,56,50.333333333333336,5.666666666666667,1588.0,356.0,0.8988095238095238,0.8168724279835392,
nih,40,empirical,3,38,56,50.666666666666664,5.333333333333333,1609.3333333333333,334.6666666666667,0.9047619047619048,0.8278463648834019,
nih,40,guarded,3,38,56,51.333333333333336,4.666666666666667,1508.3333333333333,435.6666666666667,0.9166666666666666,0.7758916323731139,
nih,40,raw,3,38,56,,,,,,,0.016972193560237596
nih,40,logistic,3,38,56,,,,,,,0.01631971926804435
nih,40,constant,3,38,56,,,,,,,0.027316000000000003
nih,41,source,3,44,74,66.0,8.0,1590.3333333333333,335.6666666666667,0.891891891891892,0.8257182416060921,
nih,41,empirical,3,44,74,66.0,8.0,1602.6666666666667,323.3333333333333,0.891891891891892,0.8321218414676359,
nih,41,guarded,3,44,74,67.33333333333333,6.666666666666667,1460.6666666666667,465.3333333333333,0.9099099099099099,0.7583939079266182,
nih,41,raw,3,44,74,,,,,,,0.020948880949256152
nih,41,logistic,3,44,74,,,,,,,0.020742926902598734
nih,41,constant,3,44,74,,,,,,,0.03568
nih,42,source,3,41,72,67.33333333333333,4.666666666666667,1587.0,341.0,0.9351851851851851,0.8231327800829876,
nih,42,empirical,3,41,72,60.666666666666664,11.333333333333334,1784.3333333333333,143.66666666666666,0.8425925925925926,0.9254840940525589,
nih,42,guarded,3,41,72,67.33333333333333,4.666666666666667,1545.6666666666667,382.3333333333333,0.9351851851851851,0.8016943291839557,
nih,42,raw,3,41,72,,,,,,,0.017544003995203162
nih,42,logistic,3,41,72,,,,,,,0.01691008249071206
nih,42,constant,3,41,72,,,,,,,0.03472900000000002
nih,43,source,3,41,80,73.0,7.0,1595.6666666666667,324.3333333333333,0.9125,0.8310763888888889,
nih,43,empirical,3,41,80,69.66666666666667,10.333333333333334,1694.6666666666667,225.33333333333334,0.8708333333333332,0.8826388888888888,
nih,43,guarded,3,41,80,75.66666666666667,4.333333333333333,1461.6666666666667,458.3333333333333,0.9458333333333333,0.7612847222222223,
nih,43,raw,3,41,80,,,,,,,0.020911031915654073
nih,43,logistic,3,41,80,,,,,,,0.021080294697649004
nih,43,constant,3,41,80,,,,,,,0.03840100000000001
nih,44,source,3,41,75,69.0,6.0,1617.0,308.0,0.9199999999999999,0.84,
nih,44,empirical,3,41,75,66.0,9.0,1702.0,223.0,0.88,0.8841558441558441,
nih,44,guarded,3,41,75,70.66666666666667,4.333333333333333,1483.6666666666667,441.3333333333333,0.9422222222222222,0.7707359307359307,
nih,44,raw,3,41,75,,,,,,,0.01952564537935149
nih,44,logistic,3,41,75,,,,,,,0.019353263110006347
nih,44,constant,3,41,75,,,,,,,0.036106000000000006
nih,45,source,3,45,65,59.0,6.0,1605.6666666666667,329.3333333333333,0.9076923076923077,0.829801894918174,
nih,45,empirical,3,45,65,54.666666666666664,10.333333333333334,1823.0,112.0,0.841025641025641,0.9421188630490956,
nih,45,guarded,3,45,65,62.0,3.0,1525.6666666666667,409.3333333333333,0.9538461538461539,0.788458225667528,
nih,45,raw,3,45,65,,,,,,,0.01650604077699695
nih,45,logistic,3,45,65,,,,,,,0.015852188869923515
nih,45,constant,3,45,65,,,,,,,0.03160000000000001
nih,46,source,3,44,70,63.666666666666664,6.333333333333333,1588.3333333333333,341.6666666666667,0.9095238095238095,0.8229706390328152,
nih,46,empirical,3,44,70,63.666666666666664,6.333333333333333,1601.3333333333333,328.6666666666667,0.9095238095238095,0.8297063903281519,
nih,46,guarded,3,44,70,65.33333333333333,4.666666666666667,1459.0,471.0,0.9333333333333332,0.7559585492227979,
nih,46,raw,3,44,70,,,,,,,0.018544874442862184
nih,46,logistic,3,44,70,,,,,,,0.01828919548937166
nih,46,constant,3,44,70,,,,,,,0.03385600000000001
nih,47,source,3,35,59,53.666666666666664,5.333333333333333,1596.0,345.0,0.9096045197740112,0.8222565687789799,
nih,47,empirical,3,35,59,49.0,10.0,1745.6666666666667,195.33333333333334,0.8305084745762712,0.8993645886999828,
nih,47,guarded,3,35,59,54.666666666666664,4.333333333333333,1515.0,426.0,0.9265536723163841,0.7805255023183926,
nih,47,raw,3,35,59,,,,,,,0.01812255243674787
nih,47,logistic,3,35,59,,,,,,,0.017801497633969977
nih,47,constant,3,35,59,,,,,,,0.02866
nih,48,source,3,45,63,59.333333333333336,3.6666666666666665,1593.3333333333333,343.6666666666667,0.9417989417989417,0.8225778695577354,
nih,48,empirical,3,45,63,55.666666666666664,7.333333333333333,1741.0,196.0,0.8835978835978836,0.898812596799174,
nih,48,guarded,3,45,63,60.333333333333336,2.6666666666666665,1459.0,478.0,0.9576719576719577,0.7532266391326794,
nih,48,raw,3,45,63,,,,,,,0.016368134317921213
nih,48,logistic,3,45,63,,,,,,,0.015939318759728795
nih,48,constant,3,45,63,,,,,,,0.03069000000000001
nih,49,source,3,41,67,60.666666666666664,6.333333333333333,1601.6666666666667,331.3333333333333,0.9054726368159204,0.828591136402828,
nih,49,empirical,3,41,67,53.666666666666664,13.333333333333334,1812.3333333333333,120.66666666666667,0.8009950248756219,0.9375754440420763,
nih,49,guarded,3,41,67,62.0,5.0,1470.3333333333333,462.6666666666667,0.9253731343283582,0.7606483876530437,
nih,49,raw,3,41,67,,,,,,,0.018993277077649934
nih,49,logistic,3,41,67,,,,,,,0.01884021501207575
nih,49,constant,3,41,67,,,,,,,0.032434000000000004
nih,50,source,3,48,72,65.33333333333333,6.666666666666667,1597.3333333333333,330.6666666666667,0.9074074074074074,0.8284923928077456,
nih,50,empirical,3,48,72,60.666666666666664,11.333333333333334,1687.3333333333333,240.66666666666666,0.8425925925925926,0.8751728907330567,
nih,50,guarded,3,48,72,65.66666666666667,6.333333333333333,1529.0,399.0,0.9120370370370371,0.7930497925311203,
nih,50,raw,3,48,72,,,,,,,0.019559644261612073
nih,50,logistic,3,48,72,,,,,,,0.01940341827172605
nih,50,constant,3,48,72,,,,,,,0.03484799999999999
nih,51,source,3,41,68,63.0,5.0,1599.3333333333333,332.6666666666667,0.926470588235294,0.8278122843340235,
nih,51,empirical,3,41,68,63.333333333333336,4.666666666666667,1620.6666666666667,311.3333333333333,0.9313725490196078,0.8388543823326432,
nih,51,guarded,3,41,68,64.0,4.0,1527.6666666666667,404.3333333333333,0.9411764705882352,0.7907177363699103,
nih,51,raw,3,41,68,,,,,,,0.017961762029814445
nih,51,logistic,3,41,68,,,,,,,0.017705424656231716
nih,51,constant,3,41,68,,,,,,,0.032893000000000006
nih,52,source,3,34,67,63.666666666666664,3.3333333333333335,1592.0,341.0,0.9502487562189055,0.8235902741852043,
nih,52,empirical,3,34,67,61.666666666666664,5.333333333333333,1726.0,207.0,0.9203980099502488,0.8929125711329539,
nih,52,guarded,3,34,67,65.33333333333333,1.6666666666666667,1469.3333333333333,463.6666666666667,0.9751243781094527,0.7601310570788068,
nih,52,raw,3,34,67,,,,,,,0.015074152813155184
nih,52,logistic,3,34,67,,,,,,,0.015208729402153414
nih,52,constant,3,34,67,,,,,,,0.032378000000000004
nih,53,source,3,47,69,63.333333333333336,5.666666666666667,1586.3333333333333,344.6666666666667,0.9178743961352658,0.821508717417573,
nih,53,empirical,3,47,69,58.0,11.0,1773.3333333333333,157.66666666666666,0.8405797101449274,0.9183497324356983,
nih,53,guarded,3,47,69,64.66666666666667,4.333333333333333,1525.0,406.0,0.9371980676328503,0.7897462454686691,
nih,53,raw,3,47,69,,,,,,,0.01954924196175432
nih,53,logistic,3,47,69,,,,,,,0.01919994373335175
nih,53,constant,3,47,69,,,,,,,0.033465999999999996
nih,54,source,3,35,68,66.33333333333333,1.6666666666666667,1623.6666666666667,308.3333333333333,0.9754901960784315,0.8404071773636991,
nih,54,empirical,3,35,68,62.666666666666664,5.333333333333333,1799.3333333333333,132.66666666666666,0.9215686274509803,0.9313319530710835,
nih,54,guarded,3,35,68,65.66666666666667,2.3333333333333335,1609.3333333333333,322.6666666666667,0.9656862745098039,0.8329882677708764,
nih,54,raw,3,35,68,,,,,,,0.015129985402603746
nih,54,logistic,3,35,68,,,,,,,0.014879938935682126
nih,54,constant,3,35,68,,,,,,,0.032845
nih,55,source,3,52,67,63.666666666666664,3.3333333333333335,1604.0,329.0,0.9502487562189055,0.8297982410760477,
nih,55,empirical,3,52,67,56.666666666666664,10.333333333333334,1821.3333333333333,111.66666666666667,0.8457711442786069,0.9422314192102087,
nih,55,guarded,3,52,67,61.666666666666664,5.333333333333333,1710.0,223.0,0.9203980099502488,0.8846352819451629,
nih,55,raw,3,52,67,,,,,,,0.01674844945051725
nih,55,logistic,3,52,67,,,,,,,0.016171413306173665
nih,55,constant,3,52,67,,,,,,,0.032720000000000006
nih,56,source,3,40,72,68.33333333333333,3.6666666666666665,1561.0,367.0,0.9490740740740741,0.8096473029045642,
nih,56,empirical,3,40,72,62.0,10.0,1795.6666666666667,132.33333333333334,0.8611111111111112,0.9313623789764868,
nih,56,guarded,3,40,72,69.66666666666667,2.3333333333333335,1471.0,457.0,0.9675925925925927,0.7629668049792532,
nih,56,raw,3,40,72,,,,,,,0.02006221638318573
nih,56,logistic,3,40,72,,,,,,,0.019765633873850396
nih,56,constant,3,40,72,,,,,,,0.03472000000000001
nih,57,source,3,39,79,72.0,7.0,1583.0,338.0,0.9113924050632912,0.8240499739718897,
nih,57,empirical,3,39,79,68.0,11.0,1667.3333333333333,253.66666666666666,0.8607594936708861,0.8679507201110533,
nih,57,guarded,3,39,79,74.33333333333333,4.666666666666667,1456.3333333333333,464.6666666666667,0.940928270042194,0.7581120943952803,
nih,57,raw,3,39,79,,,,,,,0.022022744783316436
nih,57,logistic,3,39,79,,,,,,,0.021980586479008756
nih,57,constant,3,39,79,,,,,,,0.037939999999999995
nih,58,source,3,54,64,58.666666666666664,5.333333333333333,1597.3333333333333,338.6666666666667,0.9166666666666666,0.8250688705234159,
nih,58,empirical,3,54,64,53.666666666666664,10.333333333333334,1829.6666666666667,106.33333333333333,0.8385416666666666,0.9450757575757575,
nih,58,guarded,3,54,64,59.333333333333336,4.666666666666667,1580.3333333333333,355.6666666666667,0.9270833333333334,0.8162878787878788,
nih,58,raw,3,54,64,,,,,,,0.017754508056800736
nih,58,logistic,3,54,64,,,,,,,0.017578169691152345
nih,58,constant,3,54,64,,,,,,,0.03146
nih,59,source,3,48,58,52.666666666666664,5.333333333333333,1592.0,350.0,0.9080459770114943,0.819773429454171,
nih,59,empirical,3,48,58,50.333333333333336,7.666666666666667,1762.6666666666667,179.33333333333334,0.8678160919540229,0.9076553381393753,
nih,59,guarded,3,48,58,52.333333333333336,5.666666666666667,1557.6666666666667,384.3333333333333,0.9022988505747126,0.8020940611053896,
nih,59,raw,3,48,58,,,,,,,0.015467521741426663
nih,59,logistic,3,48,58,,,,,,,0.014903199955619506
nih,59,constant,3,48,58,,,,,,,0.02852
nih,60,source,3,52,81,73.0,8.0,1577.6666666666667,341.3333333333333,0.9012345679012346,0.8221295813791905,
nih,60,empirical,3,52,81,66.0,15.0,1809.0,110.0,0.8148148148148149,0.9426784783741532,
nih,60,guarded,3,52,81,70.66666666666667,10.333333333333334,1615.3333333333333,303.6666666666667,0.8724279835390947,0.841757859996526,
nih,60,raw,3,52,81,,,,,,,0.023601163070543565
nih,60,logistic,3,52,81,,,,,,,0.023537091925627456
nih,60,constant,3,52,81,,,,,,,0.03899200000000001
nih,61,source,3,43,54,49.666666666666664,4.333333333333333,1625.0,321.0,0.9197530864197532,0.8350462487153134,
nih,61,empirical,3,43,54,46.0,8.0,1759.0,187.0,0.8518518518518517,0.9039054470709146,
nih,61,guarded,3,43,54,51.0,3.0,1501.6666666666667,444.3333333333333,0.9444444444444445,0.7716683795820486,
nih,61,raw,3,43,54,,,,,,,0.014557006968696403
nih,61,logistic,3,43,54,,,,,,,0.014211632970672012
nih,61,constant,3,43,54,,,,,,,0.026526999999999995
nih,62,source,3,43,75,68.33333333333333,6.666666666666667,1610.6666666666667,314.3333333333333,0.9111111111111111,0.8367099567099568,
nih,62,empirical,3,43,75,67.0,8.0,1703.6666666666667,221.33333333333334,0.8933333333333334,0.885021645021645,
nih,62,guarded,3,43,75,70.0,5.0,1481.3333333333333,443.6666666666667,0.9333333333333335,0.7695238095238096,
nih,62,raw,3,43,75,,,,,,,0.019128817390746438
nih,62,logistic,3,43,75,,,,,,,0.018724206613138866
nih,62,constant,3,43,75,,,,,,,0.036123999999999996
nih,63,source,3,31,62,55.666666666666664,6.333333333333333,1589.3333333333333,348.6666666666667,0.8978494623655914,0.8200894392844856,
nih,63,empirical,3,31,62,48.666666666666664,13.333333333333334,1829.6666666666667,108.33333333333333,0.7849462365591396,0.9441004471964224,
nih,63,guarded,3,31,62,53.666666666666664,8.333333333333334,1623.3333333333333,314.6666666666667,0.8655913978494624,0.8376332989336085,
nih,63,raw,3,31,62,,,,,,,0.019819717202561576
nih,63,logistic,3,31,62,,,,,,,0.01933704434023319
nih,63,constant,3,31,62,,,,,,,0.030038999999999993
nih,64,source,3,40,66,60.333333333333336,5.666666666666667,1598.6666666666667,335.3333333333333,0.9141414141414143,0.8266115132712857,
nih,64,empirical,3,40,66,54.333333333333336,11.666666666666666,1821.0,113.0,0.8232323232323232,0.9415718717683558,
nih,64,guarded,3,40,66,61.0,5.0,1566.3333333333333,367.6666666666667,0.9242424242424243,0.8098931402964494,
nih,64,raw,3,40,66,,,,,,,0.01848436778493247
nih,64,logistic,3,40,66,,,,,,,0.01802284356660701
nih,64,constant,3,40,66,,,,,,,0.03196000000000001
nih,65,source,3,36,77,70.0,7.0,1566.6666666666667,356.3333333333333,0.9090909090909091,0.8146992546368521,
nih,65,empirical,3,36,77,64.33333333333333,12.666666666666666,1744.3333333333333,178.66666666666666,0.8354978354978355,0.90708961691801,
nih,65,guarded,3,36,77,71.66666666666667,5.333333333333333,1534.0,389.0,0.9307359307359307,0.7977119084763391,
nih,65,raw,3,36,77,,,,,,,0.02061199683698318
nih,65,logistic,3,36,77,,,,,,,0.020247496237587516
nih,65,constant,3,36,77,,,,,,,0.03702399999999999
nih,66,source,3,48,60,55.0,5.0,1629.3333333333333,310.6666666666667,0.9166666666666666,0.8398625429553265,
nih,66,empirical,3,48,60,51.333333333333336,8.666666666666666,1851.0,89.0,0.8555555555555556,0.9541237113402062,
nih,66,guarded,3,48,60,52.0,8.0,1752.6666666666667,187.33333333333334,0.8666666666666667,0.9034364261168385,
nih,66,raw,3,48,60,,,,,,,0.016511166428082053
nih,66,logistic,3,48,60,,,,,,,0.015944000721671712
nih,66,constant,3,48,60,,,,,,,0.029423999999999995
nih,67,source,3,46,69,60.0,9.0,1606.6666666666667,324.3333333333333,0.8695652173913043,0.8320386673571553,
nih,67,empirical,3,46,69,53.666666666666664,15.333333333333334,1831.0,100.0,0.7777777777777778,0.9482133609528741,
nih,67,guarded,3,46,69,57.333333333333336,11.666666666666666,1701.6666666666667,229.33333333333334,0.8309178743961354,0.8812359744519247,
nih,67,raw,3,46,69,,,,,,,0.01973205834539273
nih,67,logistic,3,46,69,,,,,,,0.019639605021944145
nih,67,constant,3,46,69,,,,,,,0.033442
nih,68,source,3,35,69,60.0,9.0,1585.3333333333333,345.6666666666667,0.8695652173913043,0.8209908510271017,
nih,68,empirical,3,35,69,60.666666666666664,8.333333333333334,1567.3333333333333,363.6666666666667,0.8792270531400966,0.8116692559986189,
nih,68,guarded,3,35,69,61.666666666666664,7.333333333333333,1449.0,482.0,0.8937198067632851,0.7503883997928534,
nih,68,raw,3,35,69,,,,,,,0.019680000837689716
nih,68,logistic,3,35,69,,,,,,,0.019692077785657094
nih,68,constant,3,35,69,,,,,,,0.03331
nih,69,source,3,36,72,65.33333333333333,6.666666666666667,1605.0,323.0,0.9074074074074074,0.8324688796680498,
nih,69,empirical,3,36,72,64.0,8.0,1696.0,232.0,0.8888888888888888,0.8796680497925311,
nih,69,guarded,3,36,72,66.66666666666667,5.333333333333333,1481.3333333333333,446.6666666666667,0.9259259259259259,0.768326417704011,
nih,69,raw,3,36,72,,,,,,,0.019045781300098655
nih,69,logistic,3,36,72,,,,,,,0.018761086019051836
nih,69,constant,3,36,72,,,,,,,0.034703999999999985
nih,70,source,3,48,79,72.33333333333333,6.666666666666667,1579.6666666666667,341.3333333333333,0.9156118143459916,0.8223147666146104,
nih,70,empirical,3,48,79,64.66666666666667,14.333333333333334,1790.6666666666667,130.33333333333334,0.8185654008438817,0.9321533923303834,
nih,70,guarded,3,48,79,68.66666666666667,10.333333333333334,1663.3333333333333,257.6666666666667,0.8691983122362869,0.8658684712823183,
nih,70,raw,3,48,79,,,,,,,0.022482167312760492
nih,70,logistic,3,48,79,,,,,,,0.022373476455656346
nih,70,constant,3,48,79,,,,,,,0.03801199999999999
nih,71,source,3,57,74,67.33333333333333,6.666666666666667,1585.0,341.0,0.9099099099099099,0.8229491173416408,
nih,71,empirical,3,57,74,64.66666666666667,9.333333333333334,1681.0,245.0,0.8738738738738738,0.8727933541017654,
nih,71,guarded,3,57,74,69.66666666666667,4.333333333333333,1459.6666666666667,466.3333333333333,0.9414414414414415,0.7578746971270336,
nih,71,raw,3,57,74,,,,,,,0.02082365945513821
nih,71,logistic,3,57,74,,,,,,,0.020728412119075
nih,71,constant,3,57,74,,,,,,,0.036030999999999994
nih,72,source,3,44,69,63.666666666666664,5.333333333333333,1612.6666666666667,318.3333333333333,0.9227053140096618,0.8351458656999827,
nih,72,empirical,3,44,69,55.666666666666664,13.333333333333334,1831.0,100.0,0.8067632850241546,0.9482133609528742,
nih,72,guarded,3,44,69,61.666666666666664,7.333333333333333,1613.6666666666667,317.3333333333333,0.8937198067632851,0.835663732090454,
nih,72,raw,3,44,69,,,,,,,0.018558654730962326
nih,72,logistic,3,44,69,,,,,,,0.018204930075530094
nih,72,constant,3,44,69,,,,,,,0.033400000000000006
nih,73,source,3,38,67,62.333333333333336,4.666666666666667,1577.3333333333333,355.6666666666667,0.9303482587064676,0.816002759096396,
nih,73,empirical,3,38,67,59.666666666666664,7.333333333333333,1649.6666666666667,283.3333333333333,0.890547263681592,0.8534230039662011,
nih,73,guarded,3,38,67,63.333333333333336,3.6666666666666665,1438.6666666666667,494.3333333333333,0.945273631840796,0.7442662528022073,
nih,73,raw,3,38,67,,,,,,,0.01867396521458436
nih,73,logistic,3,38,67,,,,,,,0.018344537924714133
nih,73,constant,3,38,67,,,,,,,0.032397999999999996
nih,74,source,3,49,70,60.666666666666664,9.333333333333334,1594.6666666666667,335.3333333333333,0.8666666666666667,0.826252158894646,
nih,74,empirical,3,49,70,52.333333333333336,17.666666666666668,1818.0,112.0,0.7476190476190476,0.9419689119170984,
nih,74,guarded,3,49,70,61.666666666666664,8.333333333333334,1575.6666666666667,354.3333333333333,0.8809523809523809,0.8164075993091537,
nih,74,raw,3,49,70,,,,,,,0.02122257537656422
nih,74,logistic,3,49,70,,,,,,,0.020823495652983134
nih,74,constant,3,49,70,,,,,,,0.03397099999999999
nih,75,source,3,49,68,60.666666666666664,7.333333333333333,1596.0,336.0,0.8921568627450981,0.8260869565217391,
nih,75,empirical,3,49,68,57.0,11.0,1765.3333333333333,166.66666666666666,0.8382352941176471,0.9137336093857833,
nih,75,guarded,3,49,68,61.666666666666664,6.333333333333333,1521.0,411.0,0.9068627450980392,0.7872670807453416,
nih,75,raw,3,49,68,,,,,,,0.01990211398973452
nih,75,logistic,3,49,68,,,,,,,0.019607096982476094
nih,75,constant,3,49,68,,,,,,,0.033068999999999994
nih,76,source,3,46,54,49.0,5.0,1598.6666666666667,347.3333333333333,0.9074074074074074,0.8215142171976705,
nih,76,empirical,3,46,54,45.666666666666664,8.333333333333334,1744.6666666666667,201.33333333333334,0.8456790123456791,0.8965399109284001,
nih,76,guarded,3,46,54,48.666666666666664,5.333333333333333,1648.3333333333333,297.6666666666667,0.9012345679012346,0.8470366563891744,
nih,76,raw,3,46,54,,,,,,,0.015487511869066106
nih,76,logistic,3,46,54,,,,,,,0.01488177066141371
nih,76,constant,3,46,54,,,,,,,0.026632
nih,77,source,3,37,52,46.333333333333336,5.666666666666667,1639.0,309.0,0.8910256410256411,0.8413757700205338,
nih,77,empirical,3,37,52,40.0,12.0,1863.0,85.0,0.7692307692307692,0.9563655030800821,
nih,77,guarded,3,37,52,45.333333333333336,6.666666666666667,1597.6666666666667,350.3333333333333,0.8717948717948717,0.82015742642026,
nih,77,raw,3,37,52,,,,,,,0.01555651545379623
nih,77,logistic,3,37,52,,,,,,,0.015042650419088194
nih,77,constant,3,37,52,,,,,,,0.025444999999999985
nih,78,source,3,43,63,56.333333333333336,6.666666666666667,1614.0,323.0,0.8941798941798941,0.8332472896231286,
nih,78,empirical,3,43,63,48.666666666666664,14.333333333333334,1851.3333333333333,85.66666666666667,0.7724867724867724,0.955773532954741,
nih,78,guarded,3,43,63,58.0,5.0,1539.0,398.0,0.9206349206349206,0.7945276200309758,
nih,78,raw,3,43,63,,,,,,,0.017771792009494528
nih,78,logistic,3,43,63,,,,,,,0.01722372901677671
nih,78,constant,3,43,63,,,,,,,0.03063999999999999
nih,79,source,3,49,62,57.666666666666664,4.333333333333333,1606.0,332.0,0.9301075268817205,0.8286893704850362,
nih,79,empirical,3,49,62,54.333333333333336,7.666666666666667,1742.3333333333333,195.66666666666666,0.8763440860215054,0.8990368077055383,
nih,79,guarded,3,49,62,58.0,4.0,1575.6666666666667,362.3333333333333,0.935483870967742,0.8130374957000344,
nih,79,raw,3,49,62,,,,,,,0.01654031662744838
nih,79,logistic,3,49,62,,,,,,,0.016605334810413316
nih,79,constant,3,49,62,,,,,,,0.030362999999999998
nih,80,source,3,36,68,66.33333333333333,1.6666666666666667,1591.6666666666667,340.3333333333333,0.9754901960784315,0.8238440303657696,
nih,80,empirical,3,36,68,61.333333333333336,6.666666666666667,1800.3333333333333,131.66666666666666,0.9019607843137255,0.931849551414769,
nih,80,guarded,3,36,68,62.666666666666664,5.333333333333333,1590.0,342.0,0.9215686274509803,0.8229813664596274,
nih,80,raw,3,36,68,,,,,,,0.01819189647707917
nih,80,logistic,3,36,68,,,,,,,0.018117042619405183
nih,80,constant,3,36,68,,,,,,,0.03284799999999998
nih,81,source,3,35,71,66.0,5.0,1599.0,330.0,0.9295774647887325,0.8289269051321928,
nih,81,empirical,3,35,71,60.333333333333336,10.666666666666666,1829.6666666666667,99.33333333333333,0.8497652582159624,0.9485052704337308,
nih,81,guarded,3,35,71,61.666666666666664,9.333333333333334,1739.0,190.0,0.868544600938967,0.9015033696215656,
nih,81,raw,3,35,71,,,,,,,0.019782010064708668
nih,81,logistic,3,35,71,,,,,,,0.019764214567249905
nih,81,constant,3,35,71,,,,,,,0.03424
nih,82,source,3,54,70,63.0,7.0,1578.6666666666667,351.3333333333333,0.9,0.8179620034542313,
nih,82,empirical,3,54,70,57.333333333333336,12.666666666666666,1811.3333333333333,118.66666666666667,0.8190476190476191,0.9385146804835925,
nih,82,guarded,3,54,70,61.0,9.0,1569.0,361.0,0.8714285714285714,0.8129533678756476,
nih,82,raw,3,54,70,,,,,,,0.020398178736724278
nih,82,logistic,3,54,70,,,,,,,0.020149932104924714
nih,82,constant,3,54,70,,,,,,,0.034136
nih,83,source,3,39,82,75.0,7.0,1581.0,337.0,0.9146341463414634,0.82429614181439,
nih,83,empirical,3,39,82,65.0,17.0,1835.6666666666667,82.33333333333333,0.7926829268292682,0.9570733402850191,
nih,83,guarded,3,39,82,73.33333333333333,8.666666666666666,1585.6666666666667,332.3333333333333,0.894308943089431,0.8267292318387209,
nih,83,raw,3,39,82,,,,,,,0.020563764764095712
nih,83,logistic,3,39,82,,,,,,,0.020096520606260247
nih,83,constant,3,39,82,,,,,,,0.03932299999999999
nih,84,source,3,44,57,52.333333333333336,4.666666666666667,1604.0,339.0,0.9181286549707602,0.8255275347400927,
nih,84,empirical,3,44,57,53.0,4.0,1587.3333333333333,355.6666666666667,0.9298245614035089,0.8169497340881797,
nih,84,guarded,3,44,57,54.0,3.0,1472.6666666666667,470.3333333333333,0.9473684210526315,0.7579344656030195,
nih,84,raw,3,44,57,,,,,,,0.015699904159523614
nih,84,logistic,3,44,57,,,,,,,0.015993554045222274
nih,84,constant,3,44,57,,,,,,,0.027928000000000005
nih,85,source,3,39,68,64.66666666666667,3.3333333333333335,1611.0,321.0,0.9509803921568628,0.8338509316770186,
nih,85,empirical,3,39,68,60.666666666666664,7.333333333333333,1787.0,145.0,0.8921568627450981,0.9249482401656315,
nih,85,guarded,3,39,68,64.66666666666667,3.3333333333333335,1567.3333333333333,364.6666666666667,0.9509803921568628,0.8112491373360938,
nih,85,raw,3,39,68,,,,,,,0.018427803839312053
nih,85,logistic,3,39,68,,,,,,,0.01810260800678361
nih,85,constant,3,39,68,,,,,,,0.032869
nih,86,source,3,47,56,50.0,6.0,1615.0,329.0,0.8928571428571429,0.830761316872428,
nih,86,empirical,3,47,56,47.666666666666664,8.333333333333334,1780.0,164.0,0.8511904761904763,0.9156378600823046,
nih,86,guarded,3,47,56,51.333333333333336,4.666666666666667,1493.6666666666667,450.3333333333333,0.9166666666666666,0.7683470507544582,
nih,86,raw,3,47,56,,,,,,,0.01625681642960385
nih,86,logistic,3,47,56,,,,,,,0.015834075403361365
nih,86,constant,3,47,56,,,,,,,0.027577
nih,87,source,3,50,67,63.0,4.0,1588.0,345.0,0.9402985074626867,0.8215209518882567,
nih,87,empirical,3,50,67,55.666666666666664,11.333333333333334,1826.0,107.0,0.8308457711442786,0.9446456285566477,
nih,87,guarded,3,50,67,59.666666666666664,7.333333333333333,1685.6666666666667,247.33333333333334,0.8905472636815922,0.8720469046387308,
nih,87,raw,3,50,67,,,,,,,0.018324056986861546
nih,87,logistic,3,50,67,,,,,,,0.017983870243956087
nih,87,constant,3,50,67,,,,,,,0.03264999999999999
nih,88,source,3,40,56,49.666666666666664,6.333333333333333,1614.0,330.0,0.8869047619047619,0.8302469135802468,
nih,88,empirical,3,40,56,42.666666666666664,13.333333333333334,1872.6666666666667,71.33333333333333,0.7619047619047619,0.9633058984910837,
nih,88,guarded,3,40,56,50.333333333333336,5.666666666666667,1593.6666666666667,350.3333333333333,0.8988095238095237,0.8197873799725652,
nih,88,raw,3,40,56,,,,,,,0.015901394170559986
nih,88,logistic,3,40,56,,,,,,,0.015346373958320147
nih,88,constant,3,40,56,,,,,,,0.027360000000000006
nih,89,source,3,49,63,60.0,3.0,1595.6666666666667,341.3333333333333,0.9523809523809522,0.8237824815006022,
nih,89,empirical,3,49,63,52.666666666666664,10.333333333333334,1788.3333333333333,148.66666666666666,0.8359788359788359,0.9232490104973327,
nih,89,guarded,3,49,63,60.666666666666664,2.3333333333333335,1458.6666666666667,478.3333333333333,0.9629629629629629,0.7530545517122699,
nih,89,raw,3,49,63,,,,,,,0.0168544442304733
nih,89,logistic,3,49,63,,,,,,,0.0165528559133488
nih,89,constant,3,49,63,,,,,,,0.030813999999999998
nih,90,source,3,43,80,72.66666666666667,7.333333333333333,1600.0,320.0,0.9083333333333333,0.8333333333333334,
nih,90,empirical,3,43,80,63.333333333333336,16.666666666666668,1811.3333333333333,108.66666666666667,0.7916666666666666,0.9434027777777777,
nih,90,guarded,3,43,80,72.66666666666667,7.333333333333333,1574.6666666666667,345.3333333333333,0.9083333333333333,0.8201388888888888,
nih,90,raw,3,43,80,,,,,,,0.020637225826018315
nih,90,logistic,3,43,80,,,,,,,0.020035685092787938
nih,90,constant,3,43,80,,,,,,,0.03840899999999999
nih,91,source,3,36,59,51.666666666666664,7.333333333333333,1602.0,339.0,0.8757062146892656,0.8253477588871716,
nih,91,empirical,3,36,59,46.333333333333336,12.666666666666666,1866.0,75.0,0.7853107344632768,0.9613601236476043,
nih,91,guarded,3,36,59,52.0,7.0,1586.3333333333333,354.6666666666667,0.8813559322033898,0.8172763180491156,
nih,91,raw,3,36,59,,,,,,,0.01721088373416164
nih,91,logistic,3,36,59,,,,,,,0.01681567027744042
nih,91,constant,3,36,59,,,,,,,0.02867199999999999
nih,92,source,3,35,72,61.0,11.0,1596.0,332.0,0.8472222222222223,0.8278008298755187,
nih,92,empirical,3,35,72,58.333333333333336,13.666666666666666,1822.0,106.0,0.8101851851851851,0.9450207468879667,
nih,92,guarded,3,35,72,61.333333333333336,10.666666666666666,1664.0,264.0,0.8518518518518517,0.8630705394190872,
nih,92,raw,3,35,72,,,,,,,0.01971868309453266
nih,92,logistic,3,35,72,,,,,,,0.019221192756373386
nih,92,constant,3,35,72,,,,,,,0.03470500000000001
nih,93,source,3,46,77,73.0,4.0,1606.6666666666667,316.3333333333333,0.948051948051948,0.8355000866701334,
nih,93,empirical,3,46,77,66.33333333333333,10.666666666666666,1765.3333333333333,157.66666666666666,0.8614718614718614,0.9180100537354828,
nih,93,guarded,3,46,77,74.66666666666667,2.3333333333333335,1523.0,400.0,0.9696969696969697,0.7919916796671868,
nih,93,raw,3,46,77,,,,,,,0.02076100207789481
nih,93,logistic,3,46,77,,,,,,,0.02080199285281265
nih,93,constant,3,46,77,,,,,,,0.037073999999999996
nih,94,source,3,44,65,61.0,4.0,1610.0,325.0,0.9384615384615383,0.8320413436692506,
nih,94,empirical,3,44,65,57.666666666666664,7.333333333333333,1820.6666666666667,114.33333333333333,0.8871794871794871,0.9409130060292851,
nih,94,guarded,3,44,65,60.0,5.0,1609.6666666666667,325.3333333333333,0.923076923076923,0.8318690783807062,
nih,94,raw,3,44,65,,,,,,,0.01631320083396404
nih,94,logistic,3,44,65,,,,,,,0.015854309343502706
nih,94,constant,3,44,65,,,,,,,0.03157600000000001
nih,95,source,3,43,72,65.66666666666667,6.333333333333333,1614.0,314.0,0.9120370370370371,0.8371369294605809,
nih,95,empirical,3,43,72,59.0,13.0,1827.3333333333333,100.66666666666667,0.8194444444444445,0.947786998616874,
nih,95,guarded,3,43,72,67.33333333333333,4.666666666666667,1537.0,391.0,0.9351851851851851,0.7971991701244813,
nih,95,raw,3,43,72,,,,,,,0.019458955870377093
nih,95,logistic,3,43,72,,,,,,,0.019068189513375838
nih,95,constant,3,43,72,,,,,,,0.03475299999999999
nih,96,source,3,47,65,60.666666666666664,4.333333333333333,1593.3333333333333,341.6666666666667,0.9333333333333332,0.8234280792420328,
nih,96,empirical,3,47,65,55.0,10.0,1838.0,97.0,0.8461538461538461,0.9498708010335917,
nih,96,guarded,3,47,65,57.666666666666664,7.333333333333333,1682.0,253.0,0.8871794871794872,0.869250645994832,
nih,96,raw,3,47,65,,,,,,,0.01834912851538939
nih,96,logistic,3,47,65,,,,,,,0.018122483199004606
nih,96,constant,3,47,65,,,,,,,0.031654
nih,97,source,3,46,66,61.0,5.0,1586.3333333333333,347.6666666666667,0.9242424242424243,0.8202344019303688,
nih,97,empirical,3,46,66,58.0,8.0,1713.6666666666667,220.33333333333334,0.8787878787878789,0.8860737676663221,
nih,97,guarded,3,46,66,61.666666666666664,4.333333333333333,1501.0,433.0,0.9343434343434344,0.7761116856256463,
nih,97,raw,3,46,66,,,,,,,0.019169832300768158
nih,97,logistic,3,46,66,,,,,,,0.019101100042002866
nih,97,constant,3,46,66,,,,,,,0.03208
nih,98,source,3,33,67,62.333333333333336,4.666666666666667,1597.3333333333333,335.6666666666667,0.9303482587064676,0.8263493705811347,
nih,98,empirical,3,33,67,58.0,9.0,1791.0,142.0,0.8656716417910447,0.9265390584583549,
nih,98,guarded,3,33,67,63.333333333333336,3.6666666666666665,1511.0,422.0,0.9452736318407959,0.7816864976720125,
nih,98,raw,3,33,67,,,,,,,0.017570836721126765
nih,98,logistic,3,33,67,,,,,,,0.017899132623327627
nih,98,constant,3,33,67,,,,,,,0.032378
nih,99,source,3,39,59,55.0,4.0,1617.3333333333333,323.6666666666667,0.9322033898305083,0.833247466941439,
nih,99,empirical,3,39,59,53.666666666666664,5.333333333333333,1830.6666666666667,110.33333333333333,0.9096045197740112,0.9431564485660312,
nih,99,guarded,3,39,59,56.0,3.0,1481.6666666666667,459.3333333333333,0.9491525423728815,0.7633522239395499,
nih,99,raw,3,39,59,,,,,,,0.015175832336324606
nih,99,logistic,3,39,59,,,,,,,0.014727152413878933
nih,99,constant,3,39,59,,,,,,,0.028720000000000006
nih,100,source,3,43,61,57.0,4.0,1602.6666666666667,336.3333333333333,0.9344262295081966,0.826542891524841,
nih,100,empirical,3,43,61,52.666666666666664,8.333333333333334,1715.0,224.0,0.8633879781420766,0.8844765342960289,
nih,100,guarded,3,43,61,58.666666666666664,2.3333333333333335,1509.6666666666667,429.3333333333333,0.9617486338797815,0.7785800240673887,
nih,100,raw,3,43,61,,,,,,,0.01710836862981563
nih,100,logistic,3,43,61,,,,,,,0.016715490833102743
nih,100,constant,3,43,61,,,,,,,0.029726
nih,101,source,3,48,73,65.0,8.0,1610.6666666666667,316.3333333333333,0.8904109589041097,0.8358415499048607,
nih,101,empirical,3,48,73,62.333333333333336,10.666666666666666,1692.0,235.0,0.8538812785388128,0.8780487804878048,
nih,101,guarded,3,48,73,65.0,8.0,1558.3333333333333,368.6666666666667,0.8904109589041097,0.8086836187510812,
nih,101,raw,3,48,73,,,,,,,0.017793524725036963
nih,101,logistic,3,48,73,,,,,,,0.017464044774321837
nih,101,constant,3,48,73,,,,,,,0.0353
nih,102,source,3,32,67,63.333333333333336,3.6666666666666665,1595.0,338.0,0.9452736318407959,0.8251422659079152,
nih,102,empirical,3,32,67,58.0,9.0,1806.6666666666667,126.33333333333333,0.8656716417910447,0.9346439041214003,
nih,102,guarded,3,32,67,64.0,3.0,1567.6666666666667,365.3333333333333,0.955223880597015,0.8110018968787722,
nih,102,raw,3,32,67,,,,,,,0.016680233994280237
nih,102,logistic,3,32,67,,,,,,,0.016623990153732945
nih,102,constant,3,32,67,,,,,,,0.03237999999999999
nih,103,source,3,55,80,68.66666666666667,11.333333333333334,1577.0,343.0,0.8583333333333334,0.8213541666666666,
nih,103,empirical,3,55,80,60.666666666666664,19.333333333333332,1802.3333333333333,117.66666666666667,0.7583333333333333,0.9387152777777779,
nih,103,guarded,3,55,80,64.66666666666667,15.333333333333334,1697.0,223.0,0.8083333333333332,0.8838541666666666,
nih,103,raw,3,55,80,,,,,,,0.023907809158000354
nih,103,logistic,3,55,80,,,,,,,0.02467013973711746
nih,103,constant,3,55,80,,,,,,,0.038625000000000013
nih,104,source,3,41,59,54.666666666666664,4.333333333333333,1586.0,355.0,0.9265536723163841,0.817104585265327,
nih,104,empirical,3,41,59,54.333333333333336,4.666666666666667,1545.3333333333333,395.6666666666667,0.9209039548022598,0.7961531856431393,
nih,104,guarded,3,41,59,55.0,4.0,1511.3333333333333,429.6666666666667,0.9322033898305085,0.7786364416967199,
nih,104,raw,3,41,59,,,,,,,0.016769810117974057
nih,104,logistic,3,41,59,,,,,,,0.0165144170832222
nih,104,constant,3,41,59,,,,,,,0.028762
nih,105,source,3,42,80,72.0,8.0,1583.0,337.0,0.9,0.8244791666666668,
nih,105,empirical,3,42,80,66.0,14.0,1765.3333333333333,154.66666666666666,0.8250000000000001,0.9194444444444444,
nih,105,guarded,3,42,80,73.66666666666667,6.333333333333333,1453.3333333333333,466.6666666666667,0.9208333333333334,0.7569444444444445,
nih,105,raw,3,42,80,,,,,,,0.0216633763526021
nih,105,logistic,3,42,80,,,,,,,0.02145868029390316
nih,105,constant,3,42,80,,,,,,,0.038403999999999994
nih,106,source,3,53,67,64.66666666666667,2.3333333333333335,1616.3333333333333,316.6666666666667,0.9651741293532338,0.8361786514916364,
nih,106,empirical,3,53,67,61.0,6.0,1797.3333333333333,135.66666666666666,0.9104477611940297,0.9298154854285222,
nih,106,guarded,3,53,67,65.0,2.0,1598.0,335.0,0.9701492537313433,0.826694257630626,
nih,106,raw,3,53,67,,,,,,,0.017333177564667332
nih,106,logistic,3,53,67,,,,,,,0.017709793893059583
nih,106,constant,3,53,67,,,,,,,0.03275799999999999
nih,107,source,3,36,65,60.333333333333336,4.666666666666667,1576.6666666666667,358.3333333333333,0.9282051282051281,0.8148148148148149,
nih,107,empirical,3,36,65,58.333333333333336,6.666666666666667,1791.0,144.0,0.8974358974358975,0.9255813953488371,
nih,107,guarded,3,36,65,62.333333333333336,2.6666666666666665,1440.3333333333333,494.6666666666667,0.9589743589743591,0.7443583118001723,
nih,107,raw,3,36,65,,,,,,,0.018062767209914274
nih,107,logistic,3,36,65,,,,,,,0.017594568713178427
nih,107,constant,3,36,65,,,,,,,0.03145599999999999
nih,108,source,3,37,56,54.666666666666664,1.3333333333333333,1594.0,350.0,0.9761904761904762,0.8199588477366255,
nih,108,empirical,3,37,56,50.666666666666664,5.333333333333333,1785.3333333333333,158.66666666666666,0.9047619047619048,0.9183813443072703,
nih,108,guarded,3,37,56,54.666666666666664,1.3333333333333333,1566.6666666666667,377.3333333333333,0.9761904761904762,0.8058984910836763,
nih,108,raw,3,37,56,,,,,,,0.015023750407574523
nih,108,logistic,3,37,56,,,,,,,0.014431559941376402
nih,108,constant,3,37,56,,,,,,,0.02729699999999999
nih,109,source,3,51,80,75.33333333333333,4.666666666666667,1576.6666666666667,343.3333333333333,0.9416666666666668,0.8211805555555557,
nih,109,empirical,3,51,80,72.0,8.0,1725.6666666666667,194.33333333333334,0.9,0.8987847222222222,
nih,109,guarded,3,51,80,76.66666666666667,3.3333333333333335,1506.0,414.0,0.9583333333333334,0.7843749999999999,
nih,109,raw,3,51,80,,,,,,,0.018655872238184698
nih,109,logistic,3,51,80,,,,,,,0.018521682869385755
nih,109,constant,3,51,80,,,,,,,0.038520999999999986
nih,110,source,3,41,74,67.33333333333333,6.666666666666667,1584.0,342.0,0.9099099099099099,0.8224299065420562,
nih,110,empirical,3,41,74,62.0,12.0,1754.0,172.0,0.8378378378378378,0.9106957424714435,
nih,110,guarded,3,41,74,69.0,5.0,1464.6666666666667,461.3333333333333,0.9324324324324325,0.7604707511249567,
nih,110,raw,3,41,74,,,,,,,0.020783051731260407
nih,110,logistic,3,41,74,,,,,,,0.02051484277342035
nih,110,constant,3,41,74,,,,,,,0.035647000000000005
nih,111,source,3,49,59,55.0,4.0,1604.0,337.0,0.9322033898305085,0.8263781555899022,
nih,111,empirical,3,49,59,52.333333333333336,6.666666666666667,1735.0,206.0,0.8870056497175142,0.8938691396187531,
nih,111,guarded,3,49,59,55.333333333333336,3.6666666666666665,1562.6666666666667,378.3333333333333,0.9378531073446328,0.8050832904001374,
nih,111,raw,3,49,59,,,,,,,0.015431990520935038
nih,111,logistic,3,49,59,,,,,,,0.014954356624526483
nih,111,constant,3,49,59,,,,,,,0.029009999999999994
nih,112,source,3,41,74,71.0,3.0,1565.3333333333333,360.6666666666667,0.9594594594594593,0.8127379716164763,
nih,112,empirical,3,41,74,66.0,8.0,1802.3333333333333,123.66666666666667,0.8918918918918918,0.9357909311180338,
nih,112,guarded,3,41,74,71.66666666666667,2.3333333333333335,1498.6666666666667,427.3333333333333,0.9684684684684685,0.778123918310834,
nih,112,raw,3,41,74,,,,,,,0.01939347290049145
nih,112,logistic,3,41,74,,,,,,,0.019079107423189398
nih,112,constant,3,41,74,,,,,,,0.035647000000000005
nih,113,source,3,41,78,70.66666666666667,7.333333333333333,1580.6666666666667,341.3333333333333,0.905982905982906,0.8224072147069026,
nih,113,empirical,3,41,78,64.66666666666667,13.333333333333334,1829.3333333333333,92.66666666666667,0.8290598290598291,0.9517863336801943,
nih,113,guarded,3,41,78,71.0,7.0,1545.0,377.0,0.9102564102564102,0.803850156087409,
nih,113,raw,3,41,78,,,,,,,0.019344238295015217
nih,113,logistic,3,41,78,,,,,,,0.018830623243635495
nih,113,constant,3,41,78,,,,,,,0.037483
nih,114,source,3,46,74,68.0,6.0,1584.3333333333333,341.6666666666667,0.9189189189189189,0.8226029768085844,
nih,114,empirical,3,46,74,65.33333333333333,8.666666666666666,1715.0,211.0,0.8828828828828829,0.8904465212876428,
nih,114,guarded,3,46,74,68.33333333333333,5.666666666666667,1506.6666666666667,419.3333333333333,0.9234234234234234,0.7822776047075113,
nih,114,raw,3,46,74,,,,,,,0.019124861661685588
nih,114,logistic,3,46,74,,,,,,,0.01886637820147133
nih,114,constant,3,46,74,,,,,,,0.035712
nih,115,source,3,35,78,70.0,8.0,1587.0,335.0,0.8974358974358974,0.8257023933402706,
nih,115,empirical,3,35,78,60.333333333333336,17.666666666666668,1845.6666666666667,76.33333333333333,0.7735042735042734,0.960284425945196,
nih,115,guarded,3,35,78,69.33333333333333,8.666666666666666,1558.0,364.0,0.8888888888888888,0.8106139438085328,
nih,115,raw,3,35,78,,,,,,,0.021471788507744696
nih,115,logistic,3,35,78,,,,,,,0.022111002301695302
nih,115,constant,3,35,78,,,,,,,0.03749500000000001
nih,116,source,3,40,69,63.0,6.0,1583.3333333333333,347.6666666666667,0.9130434782608696,0.8199551182461592,
nih,116,empirical,3,40,69,63.666666666666664,5.333333333333333,1595.6666666666667,335.3333333333333,0.9227053140096618,0.8263421370619713,
nih,116,guarded,3,40,69,65.66666666666667,3.3333333333333335,1451.6666666666667,479.3333333333333,0.9516908212560388,0.7517693768341102,
nih,116,raw,3,40,69,,,,,,,0.018326326164254298
nih,116,logistic,3,40,69,,,,,,,0.018211776990870777
nih,116,constant,3,40,69,,,,,,,0.03334000000000001
nih,117,source,3,51,65,58.0,7.0,1587.0,348.0,0.8923076923076922,0.82015503875969,
nih,117,empirical,3,51,65,56.333333333333336,8.666666666666666,1690.6666666666667,244.33333333333334,0.8666666666666667,0.8737295434969853,
nih,117,guarded,3,51,65,59.0,6.0,1515.0,420.0,0.9076923076923077,0.7829457364341085,
nih,117,raw,3,51,65,,,,,,,0.01747566303247446
nih,117,logistic,3,51,65,,,,,,,0.017508247082590897
nih,117,constant,3,51,65,,,,,,,0.031785999999999995
nih,118,source,3,34,67,58.0,9.0,1588.3333333333333,344.6666666666667,0.8656716417910447,0.8216933954130022,
nih,118,empirical,3,34,67,54.333333333333336,12.666666666666666,1755.3333333333333,177.66666666666666,0.8109452736318407,0.9080876013105708,
nih,118,guarded,3,34,67,60.333333333333336,6.666666666666667,1514.6666666666667,418.3333333333333,0.900497512437811,0.7835833764442146,
nih,118,raw,3,34,67,,,,,,,0.021241197099825943
nih,118,logistic,3,34,67,,,,,,,0.02112337160723608
nih,118,constant,3,34,67,,,,,,,0.032378
nih,119,source,3,41,62,55.333333333333336,6.666666666666667,1618.0,320.0,0.8924731182795699,0.8348813209494325,
nih,119,empirical,3,41,62,53.333333333333336,8.666666666666666,1719.6666666666667,218.33333333333334,0.8602150537634409,0.8873409012727899,
nih,119,guarded,3,41,62,56.333333333333336,5.666666666666667,1478.0,460.0,0.9086021505376345,0.762641898864809,
nih,119,raw,3,41,62,,,,,,,0.01687917224766936
nih,119,logistic,3,41,62,,,,,,,0.016535339189473666
nih,119,constant,3,41,62,,,,,,,0.03013900000000001
nih,120,source,3,45,63,60.0,3.0,1609.0,328.0,0.9523809523809524,0.8306659783169851,
nih,120,empirical,3,45,63,56.333333333333336,6.666666666666667,1825.0,112.0,0.8941798941798943,0.9421786267423852,
nih,120,guarded,3,45,63,60.666666666666664,2.3333333333333335,1578.3333333333333,358.6666666666667,0.9629629629629631,0.8148339356393048,
nih,120,raw,3,45,63,,,,,,,0.01814651952060818
nih,120,logistic,3,45,63,,,,,,,0.018351776683869406
nih,120,constant,3,45,63,,,,,,,0.030690000000000005
nih,121,source,3,48,60,55.0,5.0,1626.0,314.0,0.9166666666666666,0.8381443298969072,
nih,121,empirical,3,48,60,50.0,10.0,1749.6666666666667,190.33333333333334,0.8333333333333334,0.9018900343642612,
nih,121,guarded,3,48,60,56.333333333333336,3.6666666666666665,1502.0,438.0,0.9388888888888888,0.7742268041237113,
nih,121,raw,3,48,60,,,,,,,0.019467097456696805
nih,121,logistic,3,48,60,,,,,,,0.01941281773616706
nih,121,constant,3,48,60,,,,,,,0.029423999999999995
nih,122,source,3,53,62,57.0,5.0,1595.0,343.0,0.9193548387096775,0.8230134158926727,
nih,122,empirical,3,53,62,51.666666666666664,10.333333333333334,1813.6666666666667,124.33333333333333,0.8333333333333334,0.935844513243894,
nih,122,guarded,3,53,62,55.333333333333336,6.666666666666667,1619.0,319.0,0.89247311827957,0.8353973168214655,
nih,122,raw,3,53,62,,,,,,,0.017970647473827723
nih,122,logistic,3,53,62,,,,,,,0.018244967746002157
nih,122,constant,3,53,62,,,,,,,0.030522999999999984
nih,123,source,3,43,65,61.333333333333336,3.6666666666666665,1604.3333333333333,330.6666666666667,0.9435897435897435,0.8291128337639965,
nih,123,empirical,3,43,65,54.333333333333336,10.666666666666666,1801.3333333333333,133.66666666666666,0.8358974358974359,0.9309216192937123,
nih,123,guarded,3,43,65,62.333333333333336,2.6666666666666665,1526.0,409.0,0.958974358974359,0.7886304909560723,
nih,123,raw,3,43,65,,,,,,,0.01766779504661164
nih,123,logistic,3,43,65,,,,,,,0.017346493207083296
nih,123,constant,3,43,65,,,,,,,0.03155399999999999
nih,124,source,3,39,69,64.0,5.0,1588.3333333333333,342.6666666666667,0.927536231884058,0.8225444501985154,
nih,124,empirical,3,39,69,59.0,10.0,1674.3333333333333,256.6666666666667,0.8550724637681159,0.8670809597790435,
nih,124,guarded,3,39,69,65.33333333333333,3.6666666666666665,1513.0,418.0,0.9468599033816426,0.7835318487830141,
nih,124,raw,3,39,69,,,,,,,0.01869939503031701
nih,124,logistic,3,39,69,,,,,,,0.018602658749865487
nih,124,constant,3,39,69,,,,,,,0.03333
nih,125,source,3,39,72,68.66666666666667,3.3333333333333335,1590.3333333333333,337.6666666666667,0.9537037037037036,0.8248616874135547,
nih,125,empirical,3,39,72,65.66666666666667,6.333333333333333,1782.3333333333333,145.66666666666666,0.9120370370370371,0.9244467496542187,
nih,125,guarded,3,39,72,69.33333333333333,2.6666666666666665,1475.6666666666667,452.3333333333333,0.9629629629629629,0.765387275242047,
nih,125,raw,3,39,72,,,,,,,0.016129714693975516
nih,125,logistic,3,39,72,,,,,,,0.015313801184948803
nih,125,constant,3,39,72,,,,,,,0.034712999999999994
nih,126,source,3,39,79,72.33333333333333,6.666666666666667,1588.3333333333333,332.6666666666667,0.9156118143459916,0.8268263057435363,
nih,126,empirical,3,39,79,68.66666666666667,10.333333333333334,1745.6666666666667,175.33333333333334,0.869198312236287,0.9087280930071143,
nih,126,guarded,3,39,79,73.0,6.0,1515.0,406.0,0.9240506329113924,0.7886517438833941,
nih,126,raw,3,39,79,,,,,,,0.02138852297385242
nih,126,logistic,3,39,79,,,,,,,0.021191387403696468
nih,126,constant,3,39,79,,,,,,,0.037939999999999995
nih,127,source,3,44,65,58.666666666666664,6.333333333333333,1580.6666666666667,354.3333333333333,0.9025641025641026,0.8168819982773471,
nih,127,empirical,3,44,65,54.0,11.0,1724.0,211.0,0.8307692307692308,0.8909560723514213,
nih,127,guarded,3,44,65,59.0,6.0,1513.3333333333333,421.6666666666667,0.9076923076923077,0.7820844099913867,
nih,127,raw,3,44,65,,,,,,,0.018669460085312718
nih,127,logistic,3,44,65,,,,,,,0.018215334845182233
nih,127,constant,3,44,65,,,,,,,0.03157600000000001
nih,128,source,3,31,64,60.333333333333336,3.6666666666666665,1613.0,323.0,0.9427083333333334,0.8331611570247933,
nih,128,empirical,3,31,64,54.666666666666664,9.333333333333334,1816.3333333333333,119.66666666666667,0.8541666666666666,0.9381887052341598,
nih,128,guarded,3,31,64,60.666666666666664,3.3333333333333335,1586.0,350.0,0.9479166666666666,0.8192148760330579,
nih,128,raw,3,31,64,,,,,,,0.017478765032121663
nih,128,logistic,3,31,64,,,,,,,0.018134215038389443
nih,128,constant,3,31,64,,,,,,,0.030976999999999994
nih,129,source,3,45,65,59.666666666666664,5.333333333333333,1603.6666666666667,331.3333333333333,0.9179487179487179,0.8287683031869078,
nih,129,empirical,3,45,65,54.333333333333336,10.666666666666666,1816.6666666666667,118.33333333333333,0.8358974358974359,0.9388458225667528,
nih,129,guarded,3,45,65,60.0,5.0,1531.6666666666667,403.3333333333333,0.923076923076923,0.7915590008613265,
nih,129,raw,3,45,65,,,,,,,0.0180170070649749
nih,129,logistic,3,45,65,,,,,,,0.017711080069114548
nih,129,constant,3,45,65,,,,,,,0.03160000000000001
nih,130,source,3,48,57,52.0,5.0,1635.6666666666667,307.3333333333333,0.9122807017543858,0.8418253559787271,
nih,130,empirical,3,48,57,50.666666666666664,6.333333333333333,1739.0,204.0,0.8888888888888888,0.8950077200205868,
nih,130,guarded,3,48,57,52.666666666666664,4.333333333333333,1554.6666666666667,388.3333333333333,0.9239766081871345,0.8001372448104306,
nih,130,raw,3,48,57,,,,,,,0.013574566040814641
nih,130,logistic,3,48,57,,,,,,,0.013355847629297729
nih,130,constant,3,48,57,,,,,,,0.028068
nih,131,source,3,52,66,59.333333333333336,6.666666666666667,1595.6666666666667,338.3333333333333,0.8989898989898989,0.8250603240261979,
nih,131,empirical,3,52,66,52.666666666666664,13.333333333333334,1859.6666666666667,74.33333333333333,0.7979797979797979,0.9615649775939331,
nih,131,guarded,3,52,66,55.666666666666664,10.333333333333334,1791.6666666666667,142.33333333333334,0.8434343434343434,0.9264046880386073,
nih,131,raw,3,52,66,,,,,,,0.01821421730703313
nih,131,logistic,3,52,66,,,,,,,0.018362996189454462
nih,131,constant,3,52,66,,,,,,,0.03227200000000001
nih,132,source,3,44,76,69.33333333333333,6.666666666666667,1602.6666666666667,321.3333333333333,0.912280701754386,0.832986832986833,
nih,132,empirical,3,44,76,65.66666666666667,10.333333333333334,1727.3333333333333,196.66666666666666,0.8640350877192983,0.8977823977823979,
nih,132,guarded,3,44,76,71.66666666666667,4.333333333333333,1517.6666666666667,406.3333333333333,0.9429824561403509,0.7888080388080388,
nih,132,raw,3,44,76,,,,,,,0.020037947475136413
nih,132,logistic,3,44,76,,,,,,,0.020265860510287836
nih,132,constant,3,44,76,,,,,,,0.03659200000000001
nih,133,source,3,47,81,72.0,9.0,1584.0,335.0,0.8888888888888888,0.8254299114121938,
nih,133,empirical,3,47,81,63.0,18.0,1804.6666666666667,114.33333333333333,0.7777777777777778,0.9404203578252562,
nih,133,guarded,3,47,81,69.33333333333333,11.666666666666666,1657.0,262.0,0.8559670781893004,0.8634705575820739,
nih,133,raw,3,47,81,,,,,,,0.022774240416409724
nih,133,logistic,3,47,81,,,,,,,0.022509706163661988
nih,133,constant,3,47,81,,,,,,,0.03890199999999999
nih,134,source,3,35,72,66.66666666666667,5.333333333333333,1579.3333333333333,348.6666666666667,0.9259259259259259,0.8191562932226834,
nih,134,empirical,3,35,72,61.666666666666664,10.333333333333334,1706.3333333333333,221.66666666666666,0.8564814814814815,0.885027662517289,
nih,134,guarded,3,35,72,64.33333333333333,7.666666666666667,1574.0,354.0,0.8935185185185185,0.816390041493776,
nih,134,raw,3,35,72,,,,,,,0.019360483360720784
nih,134,logistic,3,35,72,,,,,,,0.019015946022671617
nih,134,constant,3,35,72,,,,,,,0.03470500000000001
nih,135,source,3,48,86,77.66666666666667,8.333333333333334,1596.0,318.0,0.9031007751937986,0.8338557993730408,
nih,135,empirical,3,48,86,73.33333333333333,12.666666666666666,1776.0,138.0,0.8527131782945737,0.9278996865203761,
nih,135,guarded,3,48,86,74.0,12.0,1690.0,224.0,0.8604651162790699,0.8829676071055381,
nih,135,raw,3,48,86,,,,,,,0.02209466399403584
nih,135,logistic,3,48,86,,,,,,,0.021996810689624214
nih,135,constant,3,48,86,,,,,,,0.041176
nih,136,source,3,38,62,59.333333333333336,2.6666666666666665,1588.3333333333333,349.6666666666667,0.956989247311828,0.8195734434124526,
nih,136,empirical,3,38,62,59.333333333333336,2.6666666666666665,1608.6666666666667,329.3333333333333,0.956989247311828,0.8300653594771242,
nih,136,guarded,3,38,62,59.333333333333336,2.6666666666666665,1513.0,425.0,0.956989247311828,0.7807017543859649,
nih,136,raw,3,38,62,,,,,,,0.016331551902791924
nih,136,logistic,3,38,62,,,,,,,0.01604681700860623
nih,136,constant,3,38,62,,,,,,,0.030087999999999993
nih,137,source,3,40,67,61.0,6.0,1610.6666666666667,322.3333333333333,0.9104477611940297,0.8332471115709605,
nih,137,empirical,3,40,67,58.666666666666664,8.333333333333334,1700.3333333333333,232.66666666666666,0.8756218905472636,0.8796344197275392,
nih,137,guarded,3,40,67,63.333333333333336,3.6666666666666665,1485.6666666666667,447.3333333333333,0.9452736318407959,0.7685807897913431,
nih,137,raw,3,40,67,,,,,,,0.01717860324294343
nih,137,logistic,3,40,67,,,,,,,0.01715770172094871
nih,137,constant,3,40,67,,,,,,,0.03242000000000001
nih,138,source,3,42,65,64.0,1.0,1598.0,337.0,0.9846153846153847,0.8258397932816538,
nih,138,empirical,3,42,65,64.33333333333333,0.6666666666666666,1619.6666666666667,315.3333333333333,0.9897435897435898,0.837037037037037,
nih,138,guarded,3,42,65,64.33333333333333,0.6666666666666666,1468.6666666666667,466.3333333333333,0.9897435897435898,0.7590008613264428,
nih,138,raw,3,42,65,,,,,,,0.0161324820300538
nih,138,logistic,3,42,65,,,,,,,0.016104035874789684
nih,138,constant,3,42,65,,,,,,,0.031534
nih,139,source,3,39,61,53.0,8.0,1608.6666666666667,330.3333333333333,0.8688524590163934,0.8296372700704832,
nih,139,empirical,3,39,61,50.666666666666664,10.333333333333334,1697.0,242.0,0.8306010928961748,0.8751933986591026,
nih,139,guarded,3,39,61,55.333333333333336,5.666666666666667,1474.3333333333333,464.6666666666667,0.907103825136612,0.7603575726319409,
nih,139,raw,3,39,61,,,,,,,0.017747994134761618
nih,139,logistic,3,39,61,,,,,,,0.017485362128524824
nih,139,constant,3,39,61,,,,,,,0.029641999999999998
nih,140,source,3,50,74,68.66666666666667,5.333333333333333,1591.6666666666667,334.3333333333333,0.9279279279279279,0.8264105226722048,
nih,140,empirical,3,50,74,64.66666666666667,9.333333333333334,1690.0,236.0,0.8738738738738738,0.8774662512980269,
nih,140,guarded,3,50,74,69.66666666666667,4.333333333333333,1548.3333333333333,377.6666666666667,0.9414414414414414,0.8039113880235376,
nih,140,raw,3,50,74,,,,,,,0.020129146021641852
nih,140,logistic,3,50,74,,,,,,,0.020033944211589143
nih,140,constant,3,50,74,,,,,,,0.035799999999999985
nih,141,source,3,42,60,54.333333333333336,5.666666666666667,1591.0,349.0,0.9055555555555556,0.8201030927835052,
nih,141,empirical,3,42,60,51.666666666666664,8.333333333333334,1818.3333333333333,121.66666666666667,0.8611111111111112,0.9372852233676975,
nih,141,guarded,3,42,60,56.0,4.0,1459.0,481.0,0.9333333333333332,0.7520618556701031,
nih,141,raw,3,42,60,,,,,,,0.016074028054425395
nih,141,logistic,3,42,60,,,,,,,0.015411913178392083
nih,141,constant,3,42,60,,,,,,,0.029244000000000003
nih,142,source,3,42,78,71.0,7.0,1609.6666666666667,312.3333333333333,0.9102564102564102,0.8374956642386403,
nih,142,empirical,3,42,78,59.0,19.0,1835.3333333333333,86.66666666666667,0.7564102564102564,0.9549080818591745,
nih,142,guarded,3,42,78,70.66666666666667,7.333333333333333,1575.6666666666667,346.3333333333333,0.905982905982906,0.8198057578910856,
nih,142,raw,3,42,78,,,,,,,0.020456385425292458
nih,142,logistic,3,42,78,,,,,,,0.020106371722366442
nih,142,constant,3,42,78,,,,,,,0.037488
nih,143,source,3,39,68,61.666666666666664,6.333333333333333,1602.3333333333333,329.6666666666667,0.9068627450980392,0.8293650793650794,
nih,143,empirical,3,39,68,57.666666666666664,10.333333333333334,1729.6666666666667,202.33333333333334,0.8480392156862745,0.895272601794341,
nih,143,guarded,3,39,68,63.333333333333336,4.666666666666667,1544.0,388.0,0.9313725490196078,0.7991718426501034,
nih,143,raw,3,39,68,,,,,,,0.019429887280296047
nih,143,logistic,3,39,68,,,,,,,0.019249584413007132
nih,143,constant,3,39,68,,,,,,,0.032869
nih,144,source,3,47,60,53.333333333333336,6.666666666666667,1607.0,333.0,0.8888888888888888,0.8283505154639176,
nih,144,empirical,3,47,60,44.666666666666664,15.333333333333334,1844.0,96.0,0.7444444444444445,0.9505154639175256,
nih,144,guarded,3,47,60,53.333333333333336,6.666666666666667,1588.3333333333333,351.6666666666667,0.8888888888888888,0.8187285223367698,
nih,144,raw,3,47,60,,,,,,,0.018181411344291992
nih,144,logistic,3,47,60,,,,,,,0.01810370809812706
nih,144,constant,3,47,60,,,,,,,0.029389
nih,145,source,3,41,72,65.66666666666667,6.333333333333333,1604.0,324.0,0.9120370370370371,0.8319502074688797,
nih,145,empirical,3,41,72,63.0,9.0,1708.0,220.0,0.875,0.8858921161825726,
nih,145,guarded,3,41,72,68.0,4.0,1468.6666666666667,459.3333333333333,0.9444444444444443,0.7617565698478561,
nih,145,raw,3,41,72,,,,,,,0.018650059233796926
nih,145,logistic,3,41,72,,,,,,,0.018346207965651007
nih,145,constant,3,41,72,,,,,,,0.034729
nih,146,source,3,49,85,75.66666666666667,9.333333333333334,1585.0,330.0,0.8901960784313725,0.8276762402088772,
nih,146,empirical,3,49,85,72.66666666666667,12.333333333333334,1702.6666666666667,212.33333333333334,0.8549019607843137,0.8891209747606615,
nih,146,guarded,3,49,85,77.0,8.0,1568.6666666666667,346.3333333333333,0.9058823529411765,0.8191470844212358,
nih,146,raw,3,49,85,,,,,,,0.021338740305384064
nih,146,logistic,3,49,85,,,,,,,0.02070151763856265
nih,146,constant,3,49,85,,,,,,,0.040735999999999994
nih,147,source,3,30,66,60.0,6.0,1606.6666666666667,327.3333333333333,0.9090909090909091,0.8307480179248534,
nih,147,empirical,3,30,66,54.666666666666664,11.333333333333334,1810.6666666666667,123.33333333333333,0.8282828282828283,0.9362288865908308,
nih,147,guarded,3,30,66,61.333333333333336,4.666666666666667,1531.6666666666667,402.3333333333333,0.9292929292929294,0.791968286797656,
nih,147,raw,3,30,66,,,,,,,0.01880174697445423
nih,147,logistic,3,30,66,,,,,,,0.01927192376845666
nih,147,constant,3,30,66,,,,,,,0.03192
nih,148,source,3,45,63,57.333333333333336,5.666666666666667,1589.0,348.0,0.9100529100529101,0.820340733092411,
nih,148,empirical,3,45,63,53.0,10.0,1746.3333333333333,190.66666666666666,0.8412698412698413,0.901565995525727,
nih,148,guarded,3,45,63,59.0,4.0,1456.6666666666667,480.3333333333333,0.9365079365079364,0.7520220271898124,
nih,148,raw,3,45,63,,,,,,,0.01779757218323315
nih,148,logistic,3,45,63,,,,,,,0.01727777103417178
nih,148,constant,3,45,63,,,,,,,0.030690000000000012
nih,149,source,3,31,58,53.666666666666664,4.333333333333333,1633.3333333333333,308.6666666666667,0.925287356321839,0.8410573292138688,
nih,149,empirical,3,31,58,44.333333333333336,13.666666666666666,1888.0,54.0,0.764367816091954,0.972193614830072,
nih,149,guarded,3,31,58,46.666666666666664,11.333333333333334,1831.3333333333333,110.66666666666667,0.8045977011494253,0.9430140748369379,
nih,149,raw,3,31,58,,,,,,,0.016666812811368736
nih,149,logistic,3,31,58,,,,,,,0.016637414478821777
nih,149,constant,3,31,58,,,,,,,0.028162999999999997
nih,150,source,3,39,65,58.666666666666664,6.333333333333333,1615.3333333333333,319.6666666666667,0.9025641025641026,0.8347975882859604,
nih,150,empirical,3,39,65,56.0,9.0,1710.0,225.0,0.8615384615384616,0.8837209302325583,
nih,150,guarded,3,39,65,59.666666666666664,5.333333333333333,1545.6666666666667,389.3333333333333,0.9179487179487179,0.7987941429801895,
nih,150,raw,3,39,65,,,,,,,0.018807643524286044
nih,150,logistic,3,39,65,,,,,,,0.019081909017795367
nih,150,constant,3,39,65,,,,,,,0.03148600000000001
nih,151,source,3,46,72,65.33333333333333,6.666666666666667,1616.6666666666667,311.3333333333333,0.9074074074074074,0.8385200553250346,
nih,151,empirical,3,46,72,60.0,12.0,1809.0,119.0,0.8333333333333334,0.9382780082987551,
nih,151,guarded,3,46,72,63.666666666666664,8.333333333333334,1606.0,322.0,0.8842592592592592,0.83298755186722,
nih,151,raw,3,46,72,,,,,,,0.018791079322266886
nih,151,logistic,3,46,72,,,,,,,0.01841358428360701
nih,151,constant,3,46,72,,,,,,,0.034804
nih,152,source,3,50,69,63.333333333333336,5.666666666666667,1619.6666666666667,311.3333333333333,0.9178743961352657,0.8387709304332817,
nih,152,empirical,3,50,69,55.666666666666664,13.333333333333334,1844.6666666666667,86.33333333333333,0.8067632850241546,0.9552908682893148,
nih,152,guarded,3,50,69,61.0,8.0,1610.3333333333333,320.6666666666667,0.8840579710144928,0.8339375107888832,
nih,152,raw,3,50,69,,,,,,,0.017044541499535
nih,152,logistic,3,50,69,,,,,,,0.016718343403952826
nih,152,constant,3,50,69,,,,,,,0.03354999999999999
nih,153,source,3,35,62,58.333333333333336,3.6666666666666665,1599.0,339.0,0.9408602150537635,0.8250773993808048,
nih,153,empirical,3,35,62,54.333333333333336,7.666666666666667,1811.3333333333333,126.66666666666667,0.8763440860215054,0.9346405228758169,
nih,153,guarded,3,35,62,60.0,2.0,1509.3333333333333,428.6666666666667,0.967741935483871,0.7788097695218438,
nih,153,raw,3,35,62,,,,,,,0.01703500749529024
nih,153,logistic,3,35,62,,,,,,,0.016918060293601073
nih,153,constant,3,35,62,,,,,,,0.03005500000000001
nih,154,source,3,43,74,68.0,6.0,1580.0,346.0,0.9189189189189189,0.8203530633437176,
nih,154,empirical,3,43,74,64.66666666666667,9.333333333333334,1723.6666666666667,202.33333333333334,0.8738738738738738,0.8949463482173763,
nih,154,guarded,3,43,74,70.0,4.0,1462.6666666666667,463.3333333333333,0.9459459459459459,0.7594323295257874,
nih,154,raw,3,43,74,,,,,,,0.01895506911264109
nih,154,logistic,3,43,74,,,,,,,0.01879226193380048
nih,154,constant,3,43,74,,,,,,,0.035667
nih,155,source,3,38,76,67.33333333333333,8.666666666666666,1585.3333333333333,338.6666666666667,0.8859649122807017,0.8239778239778239,
nih,155,empirical,3,38,76,63.666666666666664,12.333333333333334,1760.0,164.0,0.837719298245614,0.9147609147609148,
nih,155,guarded,3,38,76,70.66666666666667,5.333333333333333,1448.6666666666667,475.3333333333333,0.9298245614035089,0.752945252945253,
nih,155,raw,3,38,76,,,,,,,0.018940744447983323
nih,155,logistic,3,38,76,,,,,,,0.018461273314686652
nih,155,constant,3,38,76,,,,,,,0.036556
nih,156,source,3,38,71,66.33333333333333,4.666666666666667,1600.0,329.0,0.9342723004694836,0.8294453084499741,
nih,156,empirical,3,38,71,57.0,14.0,1843.3333333333333,85.66666666666667,0.8028169014084506,0.9555901157767409,
nih,156,guarded,3,38,71,66.33333333333333,4.666666666666667,1572.3333333333333,356.6666666666667,0.9342723004694836,0.8151028166580266,
nih,156,raw,3,38,71,,,,,,,0.01924536622220614
nih,156,logistic,3,38,71,,,,,,,0.018958486012510673
nih,156,constant,3,38,71,,,,,,,0.03424599999999999
nih,157,source,3,39,79,71.66666666666667,7.333333333333333,1599.3333333333333,321.6666666666667,0.9071729957805906,0.8325524900225577,
nih,157,empirical,3,39,79,64.33333333333333,14.666666666666666,1732.0,189.0,0.8143459915611815,0.9016137428422697,
nih,157,guarded,3,39,79,74.33333333333333,4.666666666666667,1470.0,451.0,0.940928270042194,0.7652264445601249,
nih,157,raw,3,39,79,,,,,,,0.02240728596158605
nih,157,logistic,3,39,79,,,,,,,0.02222865832355018
nih,157,constant,3,39,79,,,,,,,0.037939999999999995
nih,158,source,3,45,67,61.666666666666664,5.333333333333333,1582.0,351.0,0.9203980099502488,0.818416968442835,
nih,158,empirical,3,45,67,57.666666666666664,9.333333333333334,1810.0,123.0,0.8606965174129352,0.9363683393688568,
nih,158,guarded,3,45,67,61.333333333333336,5.666666666666667,1550.3333333333333,382.6666666666667,0.9154228855721392,0.8020348335919986,
nih,158,raw,3,45,67,,,,,,,0.01922135549001926
nih,158,logistic,3,45,67,,,,,,,0.018932871202709766
nih,158,constant,3,45,67,,,,,,,0.032510000000000004
nih,159,source,3,34,67,62.666666666666664,4.333333333333333,1605.6666666666667,327.3333333333333,0.9353233830845772,0.8306604586997759,
nih,159,empirical,3,34,67,59.333333333333336,7.666666666666667,1804.3333333333333,128.66666666666666,0.8855721393034827,0.9334367994481806,
nih,159,guarded,3,34,67,63.0,4.0,1579.6666666666667,353.3333333333333,0.9402985074626867,0.8172098637696155,
nih,159,raw,3,34,67,,,,,,,0.015851402575108683
nih,159,logistic,3,34,67,,,,,,,0.015251319405811
nih,159,constant,3,34,67,,,,,,,0.032378000000000004
nih,160,source,3,53,78,73.33333333333333,4.666666666666667,1598.0,324.0,0.94017094017094,0.8314255983350676,
nih,160,empirical,3,53,78,65.33333333333333,12.666666666666666,1811.6666666666667,110.33333333333333,0.8376068376068376,0.9425945195976414,
nih,160,guarded,3,53,78,74.0,4.0,1625.3333333333333,296.6666666666667,0.9487179487179486,0.8456468955948665,
nih,160,raw,3,53,78,,,,,,,0.019712496419167745
nih,160,logistic,3,53,78,,,,,,,0.019667925400695025
nih,160,constant,3,53,78,,,,,,,0.037674999999999986
nih,161,source,3,44,69,64.0,5.0,1587.0,344.0,0.927536231884058,0.821853961677887,
nih,161,empirical,3,44,69,60.0,9.0,1785.6666666666667,145.33333333333334,0.8695652173913043,0.9247367512515104,
nih,161,guarded,3,44,69,65.0,4.0,1451.6666666666667,479.3333333333333,0.9420289855072465,0.7517693768341102,
nih,161,raw,3,44,69,,,,,,,0.017513457365912737
nih,161,logistic,3,44,69,,,,,,,0.01737883470833253
nih,161,constant,3,44,69,,,,,,,0.033400000000000006
nih,162,source,3,42,66,59.333333333333336,6.666666666666667,1584.0,350.0,0.8989898989898989,0.8190279214064115,
nih,162,empirical,3,42,66,56.0,10.0,1713.3333333333333,220.66666666666666,0.8484848484848485,0.8859014133057567,
nih,162,guarded,3,42,66,61.0,5.0,1496.6666666666667,437.3333333333333,0.9242424242424243,0.7738710789382971,
nih,162,raw,3,42,66,,,,,,,0.018818384670515425
nih,162,logistic,3,42,66,,,,,,,0.018599148494570263
nih,162,constant,3,42,66,,,,,,,0.031992
nih,163,source,3,45,80,73.66666666666667,6.333333333333333,1589.6666666666667,330.3333333333333,0.9208333333333334,0.8279513888888889,
nih,163,empirical,3,45,80,66.33333333333333,13.666666666666666,1830.6666666666667,89.33333333333333,0.8291666666666666,0.9534722222222222,
nih,163,guarded,3,45,80,74.0,6.0,1554.0,366.0,0.9249999999999999,0.8093750000000001,
nih,163,raw,3,45,80,,,,,,,0.019457001651092033
nih,163,logistic,3,45,80,,,,,,,0.019166460656576442
nih,163,constant,3,45,80,,,,,,,0.038425000000000015
nih,164,source,3,42,59,54.666666666666664,4.333333333333333,1612.0,329.0,0.9265536723163841,0.8304997424008244,
nih,164,empirical,3,42,59,50.333333333333336,8.666666666666666,1832.0,109.0,0.8531073446327683,0.9438433797011849,
nih,164,guarded,3,42,59,56.0,3.0,1471.3333333333333,469.6666666666667,0.9491525423728814,0.7580285076421088,
nih,164,raw,3,42,59,,,,,,,0.01587926943807065
nih,164,logistic,3,42,59,,,,,,,0.015452882672726986
nih,164,constant,3,42,59,,,,,,,0.028786000000000003
nih,165,source,3,46,74,68.66666666666667,5.333333333333333,1583.6666666666667,342.3333333333333,0.9279279279279279,0.8222568362755278,
nih,165,empirical,3,46,74,61.0,13.0,1793.0,133.0,0.8243243243243242,0.9309449636552439,
nih,165,guarded,3,46,74,65.66666666666667,8.333333333333334,1642.3333333333333,283.6666666666667,0.8873873873873874,0.852717203184493,
nih,165,raw,3,46,74,,,,,,,0.019995627203169396
nih,165,logistic,3,46,74,,,,,,,0.02007962423854449
nih,165,constant,3,46,74,,,,,,,0.035712
nih,166,source,3,48,68,62.666666666666664,5.333333333333333,1604.0,328.0,0.9215686274509803,0.8302277432712214,
nih,166,empirical,3,48,68,57.0,11.0,1795.6666666666667,136.33333333333334,0.8382352941176471,0.9294340924775707,
nih,166,guarded,3,48,68,60.666666666666664,7.333333333333333,1654.6666666666667,277.3333333333333,0.892156862745098,0.8564527260179434,
nih,166,raw,3,48,68,,,,,,,0.01864948679777682
nih,166,logistic,3,48,68,,,,,,,0.018212190574715462
nih,166,constant,3,48,68,,,,,,,0.03303999999999999
nih,167,source,3,45,69,62.666666666666664,6.333333333333333,1600.0,331.0,0.9082125603864735,0.8285862247540136,
nih,167,empirical,3,45,69,58.666666666666664,10.333333333333334,1733.0,198.0,0.8502415458937197,0.8974624546866908,
nih,167,guarded,3,45,69,64.33333333333333,4.666666666666667,1464.0,467.0,0.9323671497584541,0.7581563956499222,
nih,167,raw,3,45,69,,,,,,,0.018878606734310893
nih,167,logistic,3,45,69,,,,,,,0.01863893494092739
nih,167,constant,3,45,69,,,,,,,0.03342
nih,168,source,3,42,73,69.66666666666667,3.3333333333333335,1582.6666666666667,344.3333333333333,0.9543378995433791,0.8213111918353225,
nih,168,empirical,3,42,73,68.33333333333333,4.666666666666667,1698.3333333333333,228.66666666666666,0.9360730593607306,0.8813354090987718,
nih,168,guarded,3,42,73,69.33333333333333,3.6666666666666665,1546.3333333333333,380.6666666666667,0.9497716894977168,0.8024563224355648,
nih,168,raw,3,42,73,,,,,,,0.016828972107416677
nih,168,logistic,3,42,73,,,,,,,0.016691517627613704
nih,168,constant,3,42,73,,,,,,,0.035198
nih,169,source,3,42,80,71.0,9.0,1587.0,333.0,0.8875000000000001,0.8265625000000001,
nih,169,empirical,3,42,80,64.66666666666667,15.333333333333334,1795.0,125.0,0.8083333333333335,0.9348958333333334,
nih,169,guarded,3,42,80,72.66666666666667,7.333333333333333,1462.0,458.0,0.9083333333333333,0.7614583333333332,
nih,169,raw,3,42,80,,,,,,,0.020702835207778568
nih,169,logistic,3,42,80,,,,,,,0.020323060051811948
nih,169,constant,3,42,80,,,,,,,0.038403999999999994
nih,170,source,3,45,54,50.666666666666664,3.3333333333333335,1586.6666666666667,359.3333333333333,0.9382716049382717,0.8153477218225419,
nih,170,empirical,3,45,54,48.0,6.0,1727.0,219.0,0.888888888888889,0.8874614594039055,
nih,170,guarded,3,45,54,51.333333333333336,2.6666666666666665,1461.3333333333333,484.6666666666667,0.9506172839506174,0.750942103460089,
nih,170,raw,3,45,54,,,,,,,0.017171162637583472
nih,170,logistic,3,45,54,,,,,,,0.01682510330419549
nih,170,constant,3,45,54,,,,,,,0.026595000000000008
nih,171,source,3,40,74,67.33333333333333,6.666666666666667,1619.0,307.0,0.9099099099099099,0.8406022845275182,
nih,171,empirical,3,40,74,62.666666666666664,11.333333333333334,1802.0,124.0,0.8468468468468467,0.9356178608515057,
nih,171,guarded,3,40,74,68.0,6.0,1589.0,337.0,0.9189189189189189,0.8250259605399792,
nih,171,raw,3,40,74,,,,,,,0.01767913495071158
nih,171,logistic,3,40,74,,,,,,,0.01726874870393724
nih,171,constant,3,40,74,,,,,,,0.035640000000000005
nih,172,source,3,38,80,75.0,5.0,1617.3333333333333,302.6666666666667,0.9375,0.8423611111111112,
nih,172,empirical,3,38,80,71.33333333333333,8.666666666666666,1741.0,179.0,0.8916666666666666,0.9067708333333334,
nih,172,guarded,3,38,80,76.0,4.0,1487.6666666666667,432.3333333333333,0.9500000000000001,0.7748263888888888,
nih,172,raw,3,38,80,,,,,,,0.019448126225597277
nih,172,logistic,3,38,80,,,,,,,0.020687189141043037
nih,172,constant,3,38,80,,,,,,,0.038403999999999994
nih,173,source,3,46,78,72.0,6.0,1583.0,339.0,0.923076923076923,0.823621227887617,
nih,173,empirical,3,46,78,65.0,13.0,1800.0,122.0,0.8333333333333334,0.9365244536940688,
nih,173,guarded,3,46,78,67.0,11.0,1716.0,206.0,0.858974358974359,0.8928199791883454,
nih,173,raw,3,46,78,,,,,,,0.01990398302348294
nih,173,logistic,3,46,78,,,,,,,0.01930912410776078
nih,173,constant,3,46,78,,,,,,,0.037528
nih,174,source,3,44,70,60.666666666666664,9.333333333333334,1592.6666666666667,337.3333333333333,0.8666666666666667,0.8252158894645941,
nih,174,empirical,3,44,70,55.333333333333336,14.666666666666666,1800.6666666666667,129.33333333333334,0.7904761904761904,0.9329879101899827,
nih,174,guarded,3,44,70,63.666666666666664,6.333333333333333,1462.3333333333333,467.6666666666667,0.9095238095238095,0.7576856649395509,
nih,174,raw,3,44,70,,,,,,,0.01939092825381855
nih,174,logistic,3,44,70,,,,,,,0.01880954875471261
nih,174,constant,3,44,70,,,,,,,0.03385600000000001
nih,175,source,3,42,69,61.666666666666664,7.333333333333333,1595.3333333333333,335.6666666666667,0.8937198067632851,0.8261695149318142,
nih,175,empirical,3,42,69,55.333333333333336,13.666666666666666,1855.6666666666667,75.33333333333333,0.8019323671497585,0.9609873985844986,
nih,175,guarded,3,42,69,62.0,7.0,1527.3333333333333,403.6666666666667,0.8985507246376812,0.7909546003797687,
nih,175,raw,3,42,69,,,,,,,0.017842934543384797
nih,175,logistic,3,42,69,,,,,,,0.017070275288805965
nih,175,constant,3,42,69,,,,,,,0.033366
nih,176,source,3,45,71,68.0,3.0,1608.6666666666667,320.3333333333333,0.9577464788732395,0.8339381372040782,
nih,176,empirical,3,45,71,56.0,15.0,1851.3333333333333,77.66666666666667,0.7887323943661971,0.9597373423189909,
nih,176,guarded,3,45,71,67.33333333333333,3.6666666666666665,1576.0,353.0,0.9483568075117371,0.8170036288232244,
nih,176,raw,3,45,71,,,,,,,0.017328102901068954
nih,176,logistic,3,45,71,,,,,,,0.01680421965146547
nih,176,constant,3,45,71,,,,,,,0.03433000000000001
nih,177,source,3,36,72,67.33333333333333,4.666666666666667,1580.3333333333333,347.6666666666667,0.9351851851851851,0.8196749654218533,
nih,177,empirical,3,36,72,58.666666666666664,13.333333333333334,1770.3333333333333,157.66666666666666,0.8148148148148148,0.918222683264177,
nih,177,guarded,3,36,72,68.66666666666667,3.3333333333333335,1445.6666666666667,482.3333333333333,0.9537037037037037,0.7498271092669433,
nih,177,raw,3,36,72,,,,,,,0.019421841491840054
nih,177,logistic,3,36,72,,,,,,,0.01904838761191894
nih,177,constant,3,36,72,,,,,,,0.034703999999999985
nih,178,source,3,42,66,61.333333333333336,4.666666666666667,1585.0,349.0,0.9292929292929294,0.8195449844881075,
nih,178,empirical,3,42,66,58.0,8.0,1725.6666666666667,208.33333333333334,0.8787878787878788,0.8922785246466735,
nih,178,guarded,3,42,66,64.0,2.0,1455.6666666666667,478.3333333333333,0.9696969696969697,0.7526714925887625,
nih,178,raw,3,42,66,,,,,,,0.019069632769556807
nih,178,logistic,3,42,66,,,,,,,0.018807832303731047
nih,178,constant,3,42,66,,,,,,,0.031992
nih,179,source,3,43,82,74.66666666666667,7.333333333333333,1571.6666666666667,346.3333333333333,0.910569105691057,0.8194299617657282,
nih,179,empirical,3,43,82,67.66666666666667,14.333333333333334,1774.3333333333333,143.66666666666666,0.8252032520325203,0.9250955856795273,
nih,179,guarded,3,43,82,77.0,5.0,1483.6666666666667,434.3333333333333,0.9390243902439024,0.7735488355926313,
nih,179,raw,3,43,82,,,,,,,0.020607298697881138
nih,179,logistic,3,43,82,,,,,,,0.020362385279928116
nih,179,constant,3,43,82,,,,,,,0.03932299999999999
nih,180,source,3,38,54,52.333333333333336,1.6666666666666667,1613.0,333.0,0.9691358024691358,0.8288797533401849,
nih,180,empirical,3,38,54,48.666666666666664,5.333333333333333,1764.6666666666667,181.33333333333334,0.9012345679012346,0.9068174032202809,
nih,180,guarded,3,38,54,52.666666666666664,1.3333333333333333,1482.6666666666667,463.3333333333333,0.9753086419753086,0.7619047619047619,
nih,180,raw,3,38,54,,,,,,,0.015639207728631543
nih,180,logistic,3,38,54,,,,,,,0.014837974781153581
nih,180,constant,3,38,54,,,,,,,0.026391999999999995
nih,181,source,3,46,75,66.66666666666667,8.333333333333334,1583.3333333333333,341.6666666666667,0.888888888888889,0.8225108225108225,
nih,181,empirical,3,46,75,59.0,16.0,1769.3333333333333,155.66666666666666,0.7866666666666667,0.9191341991341991,
nih,181,guarded,3,46,75,65.0,10.0,1573.3333333333333,351.6666666666667,0.8666666666666666,0.8173160173160173,
nih,181,raw,3,46,75,,,,,,,0.02302008175260105
nih,181,logistic,3,46,75,,,,,,,0.023232804601853268
nih,181,constant,3,46,75,,,,,,,0.036166
nih,182,source,3,39,69,60.0,9.0,1596.0,335.0,0.8695652173913043,0.8265147591921284,
nih,182,empirical,3,39,69,53.666666666666664,15.333333333333334,1772.3333333333333,158.66666666666666,0.7777777777777778,0.917831866045227,
nih,182,guarded,3,39,69,62.666666666666664,6.333333333333333,1475.0,456.0,0.9082125603864735,0.7638529259451062,
nih,182,raw,3,39,69,,,,,,,0.021136229956609087
nih,182,logistic,3,39,69,,,,,,,0.02083090188578819
nih,182,constant,3,39,69,,,,,,,0.03333
nih,183,source,3,34,76,69.0,7.0,1605.3333333333333,318.6666666666667,0.9078947368421053,0.8343728343728344,
nih,183,empirical,3,34,76,66.33333333333333,9.666666666666666,1704.6666666666667,219.33333333333334,0.8728070175438596,0.8860013860013861,
nih,183,guarded,3,34,76,71.66666666666667,4.333333333333333,1489.0,435.0,0.9429824561403509,0.7739085239085238,
nih,183,raw,3,34,76,,,,,,,0.01925218511072781
nih,183,logistic,3,34,76,,,,,,,0.019503962127518867
nih,183,constant,3,34,76,,,,,,,0.036572
nih,184,source,3,42,71,65.66666666666667,5.333333333333333,1618.3333333333333,310.6666666666667,0.9248826291079814,0.8389493692759634,
nih,184,empirical,3,42,71,58.0,13.0,1834.0,95.0,0.8169014084507044,0.9507516848107828,
nih,184,guarded,3,42,71,64.0,7.0,1612.3333333333333,316.6666666666667,0.9014084507042254,0.8358389493692759,
nih,184,raw,3,42,71,,,,,,,0.017214109588085714
nih,184,logistic,3,42,71,,,,,,,0.016605174823143127
nih,184,constant,3,42,71,,,,,,,0.03428199999999999
nih,185,source,3,51,75,68.66666666666667,6.333333333333333,1593.3333333333333,331.6666666666667,0.9155555555555556,0.8277056277056277,
nih,185,empirical,3,51,75,62.0,13.0,1808.6666666666667,116.33333333333333,0.8266666666666667,0.9395670995670996,
nih,185,guarded,3,51,75,68.66666666666667,6.333333333333333,1545.3333333333333,379.6666666666667,0.9155555555555556,0.8027705627705627,
nih,185,raw,3,51,75,,,,,,,0.020067158490788314
nih,185,logistic,3,51,75,,,,,,,0.02006238969595586
nih,185,constant,3,51,75,,,,,,,0.03627599999999999
nih,186,source,3,39,61,56.333333333333336,4.666666666666667,1606.3333333333333,332.6666666666667,0.9234972677595629,0.8284339006360666,
nih,186,empirical,3,39,61,51.333333333333336,9.666666666666666,1765.0,174.0,0.8415300546448088,0.9102630221763796,
nih,186,guarded,3,39,61,55.666666666666664,5.333333333333333,1561.3333333333333,377.6666666666667,0.912568306010929,0.8052260615437511,
nih,186,raw,3,39,61,,,,,,,0.017902035233232905
nih,186,logistic,3,39,61,,,,,,,0.01827787390536607
nih,186,constant,3,39,61,,,,,,,0.02964199999999999
nih,187,source,3,44,89,80.0,9.0,1555.3333333333333,355.6666666666667,0.898876404494382,0.8138845281702425,
nih,187,empirical,3,44,89,72.66666666666667,16.333333333333332,1781.6666666666667,129.33333333333334,0.8164794007490638,0.9323216466073609,
nih,187,guarded,3,44,89,81.33333333333333,7.666666666666667,1531.3333333333333,379.6666666666667,0.9138576779026217,0.8013256584685156,
nih,187,raw,3,44,89,,,,,,,0.02365830226626421
nih,187,logistic,3,44,89,,,,,,,0.023541912084562393
nih,187,constant,3,44,89,,,,,,,0.04252000000000001
nih,188,source,3,46,87,83.66666666666667,3.3333333333333335,1582.0,331.0,0.9616858237547893,0.8269733403031888,
nih,188,empirical,3,46,87,80.33333333333333,6.666666666666667,1745.0,168.0,0.9233716475095785,0.9121798222686879,
nih,188,guarded,3,46,87,84.0,3.0,1534.3333333333333,378.6666666666667,0.9655172413793104,0.8020561073357729,
nih,188,raw,3,46,87,,,,,,,0.018572560675821147
nih,188,logistic,3,46,87,,,,,,,0.018017110537236227
nih,188,constant,3,46,87,,,,,,,0.041614000000000005
nih,189,source,3,45,56,51.666666666666664,4.333333333333333,1608.0,336.0,0.9226190476190478,0.8271604938271605,
nih,189,empirical,3,45,56,45.666666666666664,10.333333333333334,1798.6666666666667,145.33333333333334,0.8154761904761906,0.9252400548696844,
nih,189,guarded,3,45,56,53.333333333333336,2.6666666666666665,1481.0,463.0,0.9523809523809522,0.7618312757201645,
nih,189,raw,3,45,56,,,,,,,0.017874923279957537
nih,189,logistic,3,45,56,,,,,,,0.017434570395834903
nih,189,constant,3,45,56,,,,,,,0.027505000000000012
nih,190,source,3,60,55,49.333333333333336,5.666666666666667,1619.6666666666667,325.3333333333333,0.8969696969696969,0.8327335047129392,
nih,190,empirical,3,60,55,43.333333333333336,11.666666666666666,1835.6666666666667,109.33333333333333,0.787878787878788,0.9437874892887747,
nih,190,guarded,3,60,55,50.0,5.0,1601.3333333333333,343.6666666666667,0.9090909090909092,0.8233076263924594,
nih,190,raw,3,60,55,,,,,,,0.015020929785211282
nih,190,logistic,3,60,55,,,,,,,0.014547516862628897
nih,190,constant,3,60,55,,,,,,,0.027800000000000005
nih,191,source,3,29,76,67.66666666666667,8.333333333333334,1584.6666666666667,339.3333333333333,0.8903508771929826,0.8236313236313236,
nih,191,empirical,3,29,76,66.66666666666667,9.333333333333334,1643.6666666666667,280.3333333333333,0.8771929824561404,0.8542966042966044,
nih,191,guarded,3,29,76,69.33333333333333,6.666666666666667,1495.6666666666667,428.3333333333333,0.912280701754386,0.7773735273735274,
nih,191,raw,3,29,76,,,,,,,0.020397696180290848
nih,191,logistic,3,29,76,,,,,,,0.02022696370027123
nih,191,constant,3,29,76,,,,,,,0.036636999999999996
nih,192,source,3,38,87,77.33333333333333,9.666666666666666,1594.6666666666667,318.3333333333333,0.888888888888889,0.8335947029099146,
nih,192,empirical,3,38,87,77.66666666666667,9.333333333333334,1611.3333333333333,301.6666666666667,0.89272030651341,0.8423070221292908,
nih,192,guarded,3,38,87,78.0,9.0,1525.0,388.0,0.8965517241379309,0.7971772085729222,
nih,192,raw,3,38,87,,,,,,,0.02309266868345125
nih,192,logistic,3,38,87,,,,,,,0.022941062110726176
nih,192,constant,3,38,87,,,,,,,0.041638
nih,193,source,3,46,60,54.333333333333336,5.666666666666667,1617.0,323.0,0.9055555555555556,0.8335051546391753,
nih,193,empirical,3,46,60,52.666666666666664,7.333333333333333,1734.0,206.0,0.8777777777777778,0.8938144329896908,
nih,193,guarded,3,46,60,54.666666666666664,5.333333333333333,1579.6666666666667,360.3333333333333,0.9111111111111111,0.8142611683848798,
nih,193,raw,3,46,60,,,,,,,0.016217384237953977
nih,193,logistic,3,46,60,,,,,,,0.016330057507762483
nih,193,constant,3,46,60,,,,,,,0.029355999999999993
nih,194,source,3,49,80,72.33333333333333,7.666666666666667,1591.6666666666667,328.3333333333333,0.9041666666666668,0.8289930555555555,
nih,194,empirical,3,49,80,71.0,9.0,1690.3333333333333,229.66666666666666,0.8875000000000001,0.8803819444444444,
nih,194,guarded,3,49,80,73.0,7.0,1560.6666666666667,359.3333333333333,0.9125,0.8128472222222222,
nih,194,raw,3,49,80,,,,,,,0.019629917681910993
nih,194,logistic,3,49,80,,,,,,,0.019325718660240795
nih,194,constant,3,49,80,,,,,,,0.038480999999999994
nih,195,source,3,51,76,71.66666666666667,4.333333333333333,1620.0,304.0,0.942982456140351,0.8419958419958421,
nih,195,empirical,3,51,76,65.66666666666667,10.333333333333334,1818.6666666666667,105.33333333333333,0.8640350877192983,0.9452529452529452,
nih,195,guarded,3,51,76,69.66666666666667,6.333333333333333,1621.3333333333333,302.6666666666667,0.9166666666666666,0.8426888426888427,
nih,195,raw,3,51,76,,,,,,,0.020001185449955605
nih,195,logistic,3,51,76,,,,,,,0.019888198629573584
nih,195,constant,3,51,76,,,,,,,0.036724999999999994
nih,196,source,3,50,66,59.666666666666664,6.333333333333333,1602.3333333333333,331.6666666666667,0.904040404040404,0.8285074112375043,
nih,196,empirical,3,50,66,54.333333333333336,11.666666666666666,1778.6666666666667,155.33333333333334,0.8232323232323232,0.9196828679765598,
nih,196,guarded,3,50,66,59.666666666666664,6.333333333333333,1570.6666666666667,363.3333333333333,0.904040404040404,0.8121337469837986,
nih,196,raw,3,50,66,,,,,,,0.019476731463935564
nih,196,logistic,3,50,66,,,,,,,0.019345626840959338
nih,196,constant,3,50,66,,,,,,,0.032199999999999986
nih,197,source,3,43,63,58.0,5.0,1595.3333333333333,341.6666666666667,0.9206349206349206,0.8236103940801928,
nih,197,empirical,3,43,63,58.666666666666664,4.333333333333333,1578.0,359.0,0.9312169312169312,0.8146618482188952,
nih,197,guarded,3,43,63,59.666666666666664,3.3333333333333335,1463.0,474.0,0.9470899470899471,0.7552916881775942,
nih,197,raw,3,43,63,,,,,,,0.017135918507246172
nih,197,logistic,3,43,63,,,,,,,0.017441067635627253
nih,197,constant,3,43,63,,,,,,,0.030639999999999997
nih,198,source,3,45,65,62.333333333333336,2.6666666666666665,1600.6666666666667,334.3333333333333,0.958974358974359,0.8272179155900087,
nih,198,empirical,3,45,65,59.333333333333336,5.666666666666667,1670.6666666666667,264.3333333333333,0.9128205128205128,0.8633936261843239,
nih,198,guarded,3,45,65,63.0,2.0,1473.3333333333333,461.6666666666667,0.9692307692307693,0.7614125753660637,
nih,198,raw,3,45,65,,,,,,,0.017266680023613475
nih,198,logistic,3,45,65,,,,,,,0.017043638989143007
nih,198,constant,3,45,65,,,,,,,0.03160000000000001
nih,199,source,3,46,60,52.0,8.0,1625.6666666666667,314.3333333333333,0.8666666666666667,0.8379725085910653,
nih,199,empirical,3,46,60,50.333333333333336,9.666666666666666,1726.0,214.0,0.8388888888888889,0.8896907216494845,
nih,199,guarded,3,46,60,52.666666666666664,7.333333333333333,1595.3333333333333,344.6666666666667,0.8777777777777778,0.8223367697594502,
nih,199,raw,3,46,60,,,,,,,0.01708913628434863
nih,199,logistic,3,46,60,,,,,,,0.016772509786990335
nih,199,constant,3,46,60,,,,,,,0.029355999999999997
nih,200,source,3,36,76,67.33333333333333,8.666666666666666,1575.0,349.0,0.8859649122807017,0.8186070686070686,
nih,200,empirical,3,36,76,59.333333333333336,16.666666666666668,1838.6666666666667,85.33333333333333,0.7807017543859649,0.9556479556479557,
nih,200,guarded,3,36,76,68.0,8.0,1542.3333333333333,381.6666666666667,0.8947368421052632,0.8016285516285516,
nih,200,raw,3,36,76,,,,,,,0.02117400591113322
nih,200,logistic,3,36,76,,,,,,,0.020792778845641794
nih,200,constant,3,36,76,,,,,,,0.03655999999999999
nih,201,source,3,41,78,71.66666666666667,6.333333333333333,1585.6666666666667,336.3333333333333,0.9188034188034188,0.8250086715227193,
nih,201,empirical,3,41,78,66.0,12.0,1764.3333333333333,157.66666666666666,0.8461538461538461,0.9179673950745751,
nih,201,guarded,3,41,78,73.0,5.0,1454.3333333333333,467.6666666666667,0.9358974358974358,0.7566770724939299,
nih,201,raw,3,41,78,,,,,,,0.019409688453936477
nih,201,logistic,3,41,78,,,,,,,0.018959191934089962
nih,201,constant,3,41,78,,,,,,,0.03748300000000001
nih,202,source,3,39,61,57.333333333333336,3.6666666666666665,1575.3333333333333,363.6666666666667,0.9398907103825137,0.8124462781502494,
nih,202,empirical,3,39,61,47.0,14.0,1844.3333333333333,94.66666666666667,0.7704918032786884,0.951177582946536,
nih,202,guarded,3,39,61,54.666666666666664,6.333333333333333,1662.3333333333333,276.6666666666667,0.8961748633879781,0.8573147670620594,
nih,202,raw,3,39,61,,,,,,,0.018318217534784118
nih,202,logistic,3,39,61,,,,,,,0.017739503528785717
nih,202,constant,3,39,61,,,,,,,0.02964199999999999
nih,203,source,3,39,60,53.333333333333336,6.666666666666667,1586.3333333333333,353.6666666666667,0.8888888888888888,0.8176975945017183,
nih,203,empirical,3,39,60,42.0,18.0,1878.0,62.0,0.6999999999999998,0.9680412371134021,
nih,203,guarded,3,39,60,49.333333333333336,10.666666666666666,1731.3333333333333,208.66666666666666,0.8222222222222223,0.8924398625429553,
nih,203,raw,3,39,60,,,,,,,0.018812886934750847
nih,203,logistic,3,39,60,,,,,,,0.018519817147956447
nih,203,constant,3,39,60,,,,,,,0.029181
nih,204,source,3,39,64,55.333333333333336,8.666666666666666,1599.0,337.0,0.8645833333333334,0.8259297520661156,
nih,204,empirical,3,39,64,47.666666666666664,16.333333333333332,1812.6666666666667,123.33333333333333,0.7447916666666666,0.9362947658402203,
nih,204,guarded,3,39,64,56.0,8.0,1559.6666666666667,376.3333333333333,0.875,0.8056129476584021,
nih,204,raw,3,39,64,,,,,,,0.01801386812247495
nih,204,logistic,3,39,64,,,,,,,0.017541437261504804
nih,204,constant,3,39,64,,,,,,,0.031024999999999994
nih,205,source,3,36,71,66.33333333333333,4.666666666666667,1591.3333333333333,337.6666666666667,0.9342723004694836,0.8249524796958699,
nih,205,empirical,3,36,71,63.666666666666664,7.333333333333333,1734.6666666666667,194.33333333333334,0.8967136150234741,0.8992569552445135,
nih,205,guarded,3,36,71,67.0,4.0,1521.3333333333333,407.6666666666667,0.943661971830986,0.7886642474511837,
nih,205,raw,3,36,71,,,,,,,0.01781074739607971
nih,205,logistic,3,36,71,,,,,,,0.017986848398120633
nih,205,constant,3,36,71,,,,,,,0.034239999999999986
nih,206,source,3,39,70,65.33333333333333,4.666666666666667,1598.6666666666667,331.3333333333333,0.9333333333333332,0.8283246977547495,
nih,206,empirical,3,39,70,61.333333333333336,8.666666666666666,1688.3333333333333,241.66666666666666,0.8761904761904763,0.8747841105354061,
nih,206,guarded,3,39,70,66.33333333333333,3.6666666666666665,1468.6666666666667,461.3333333333333,0.9476190476190477,0.7609671848013817,
nih,206,raw,3,39,70,,,,,,,0.01767584591970379
nih,206,logistic,3,39,70,,,,,,,0.017431532798869442
nih,206,constant,3,39,70,,,,,,,0.033790999999999995
nih,207,source,3,43,69,64.0,5.0,1600.0,331.0,0.927536231884058,0.8285862247540136,
nih,207,empirical,3,43,69,63.666666666666664,5.333333333333333,1625.3333333333333,305.6666666666667,0.9227053140096618,0.841705506645952,
nih,207,guarded,3,43,69,64.33333333333333,4.666666666666667,1526.6666666666667,404.3333333333333,0.9323671497584541,0.7906093561194546,
nih,207,raw,3,43,69,,,,,,,0.017723608837885766
nih,207,logistic,3,43,69,,,,,,,0.01742942450878028
nih,207,constant,3,43,69,,,,,,,0.03338199999999999
nih,208,source,3,30,70,64.66666666666667,5.333333333333333,1583.6666666666667,346.3333333333333,0.9238095238095237,0.8205526770293611,
nih,208,empirical,3,30,70,58.666666666666664,11.333333333333334,1821.3333333333333,108.66666666666667,0.8380952380952381,0.9436960276338514,
nih,208,guarded,3,30,70,65.66666666666667,4.333333333333333,1507.3333333333333,422.6666666666667,0.938095238095238,0.7810017271157168,
nih,208,raw,3,30,70,,,,,,,0.01876405130535402
nih,208,logistic,3,30,70,,,,,,,0.019349890640646163
nih,208,constant,3,30,70,,,,,,,0.0338
nih,209,source,3,45,77,72.33333333333333,4.666666666666667,1590.6666666666667,332.3333333333333,0.9393939393939394,0.827179753856821,
nih,209,empirical,3,45,77,65.66666666666667,11.333333333333334,1782.6666666666667,140.33333333333334,0.8528138528138527,0.9270237476165714,
nih,209,guarded,3,45,77,73.0,4.0,1518.0,405.0,0.948051948051948,0.7893915756630264,
nih,209,raw,3,45,77,,,,,,,0.020710091286580284
nih,209,logistic,3,45,77,,,,,,,0.020531981778326536
nih,209,constant,3,45,77,,,,,,,0.03706
nih,210,source,3,48,65,60.666666666666664,4.333333333333333,1578.0,357.0,0.9333333333333332,0.8155038759689922,
nih,210,empirical,3,48,65,56.666666666666664,8.333333333333334,1695.0,240.0,0.8717948717948717,0.8759689922480619,
nih,210,guarded,3,48,65,62.333333333333336,2.6666666666666665,1511.3333333333333,423.6666666666667,0.9589743589743591,0.7810508182601206,
nih,210,raw,3,48,65,,,,,,,0.019849547839572632
nih,210,logistic,3,48,65,,,,,,,0.019996082220840494
nih,210,constant,3,48,65,,,,,,,0.031684
nih,211,source,3,40,70,62.0,8.0,1582.0,348.0,0.8857142857142858,0.8196891191709845,
nih,211,empirical,3,40,70,56.333333333333336,13.666666666666666,1806.6666666666667,123.33333333333333,0.8047619047619047,0.9360967184801381,
nih,211,guarded,3,40,70,65.0,5.0,1455.3333333333333,474.6666666666667,0.9285714285714285,0.7540587219343696,
nih,211,raw,3,40,70,,,,,,,0.020940838195721106
nih,211,logistic,3,40,70,,,,,,,0.020629833249857385
nih,211,constant,3,40,70,,,,,,,0.03380000000000001
nih,212,source,3,39,74,67.0,7.0,1593.3333333333333,332.6666666666667,0.9054054054054053,0.827275874004846,
nih,212,empirical,3,39,74,62.0,12.0,1801.0,125.0,0.8378378378378378,0.935098650051921,
nih,212,guarded,3,39,74,68.66666666666667,5.333333333333333,1478.3333333333333,447.6666666666667,0.9279279279279279,0.7675666320526133,
nih,212,raw,3,39,74,,,,,,,0.018356385645851573
nih,212,logistic,3,39,74,,,,,,,0.018027836635452193
nih,212,constant,3,39,74,,,,,,,0.035635
nih,213,source,3,49,61,57.333333333333336,3.6666666666666665,1618.6666666666667,320.3333333333333,0.9398907103825137,0.8347945676465532,
nih,213,empirical,3,49,61,55.333333333333336,5.666666666666667,1756.6666666666667,182.33333333333334,0.907103825136612,0.9059652741963212,
nih,213,guarded,3,49,61,58.0,3.0,1489.3333333333333,449.6666666666667,0.9508196721311476,0.768093518996046,
nih,213,raw,3,49,61,,,,,,,0.015374371090311936
nih,213,logistic,3,49,61,,,,,,,0.01489703345128592
nih,213,constant,3,49,61,,,,,,,0.029911999999999998
nih,214,source,3,54,83,81.33333333333333,1.6666666666666667,1606.3333333333333,310.6666666666667,0.9799196787148595,0.837941227612589,
nih,214,empirical,3,54,83,75.66666666666667,7.333333333333333,1802.0,115.0,0.9116465863453816,0.9400104329681795,
nih,214,guarded,3,54,83,81.66666666666667,1.3333333333333333,1580.3333333333333,336.6666666666667,0.9839357429718875,0.8243783689793078,
nih,214,raw,3,54,83,,,,,,,0.01769027857905824
nih,214,logistic,3,54,83,,,,,,,0.016948726727154476
nih,214,constant,3,54,83,,,,,,,0.039934000000000004
nih,215,source,3,50,78,72.0,6.0,1586.3333333333333,335.6666666666667,0.923076923076923,0.825355532431495,
nih,215,empirical,3,50,78,69.66666666666667,8.333333333333334,1735.6666666666667,186.33333333333334,0.8931623931623932,0.9030523759972251,
nih,215,guarded,3,50,78,73.33333333333333,4.666666666666667,1517.3333333333333,404.6666666666667,0.9401709401709403,0.7894554283732224,
nih,215,raw,3,50,78,,,,,,,0.019049155665287202
nih,215,logistic,3,50,78,,,,,,,0.01851939877482642
nih,215,constant,3,50,78,,,,,,,0.03759999999999998
nih,216,source,3,38,61,57.666666666666664,3.3333333333333335,1595.0,344.0,0.9453551912568307,0.8225889633831871,
nih,216,empirical,3,38,61,52.333333333333336,8.666666666666666,1837.6666666666667,101.33333333333333,0.8579234972677595,0.9477393845624892,
nih,216,guarded,3,38,61,57.666666666666664,3.3333333333333335,1549.6666666666667,389.3333333333333,0.9453551912568307,0.7992092143716691,
nih,216,raw,3,38,61,,,,,,,0.017859826625873543
nih,216,logistic,3,38,61,,,,,,,0.01770485774812477
nih,216,constant,3,38,61,,,,,,,0.029625999999999996
nih,217,source,3,46,78,71.33333333333333,6.666666666666667,1602.0,320.0,0.9145299145299145,0.8335067637877213,
nih,217,empirical,3,46,78,66.66666666666667,11.333333333333334,1779.6666666666667,142.33333333333334,0.8547008547008547,0.9259451959764134,
nih,217,guarded,3,46,78,70.33333333333333,7.666666666666667,1598.6666666666667,323.3333333333333,0.9017094017094017,0.8317724592438432,
nih,217,raw,3,46,78,,,,,,,0.019136432438357383
nih,217,logistic,3,46,78,,,,,,,0.0187363637442844
nih,217,constant,3,46,78,,,,,,,0.037528
nih,218,source,3,41,61,56.0,5.0,1618.3333333333333,320.6666666666667,0.9180327868852459,0.8346226577273508,
nih,218,empirical,3,41,61,52.333333333333336,8.666666666666666,1832.6666666666667,106.33333333333333,0.8579234972677595,0.9451607357744543,
nih,218,guarded,3,41,61,57.333333333333336,3.6666666666666665,1481.6666666666667,457.3333333333333,0.9398907103825137,0.7641395908543923,
nih,218,raw,3,41,61,,,,,,,0.015577748974329245
nih,218,logistic,3,41,61,,,,,,,0.01493577340026031
nih,218,constant,3,41,61,,,,,,,0.02968000000000001
nih,219,source,3,35,76,66.0,10.0,1588.6666666666667,335.3333333333333,0.8684210526315791,0.8257103257103258,
nih,219,empirical,3,35,76,58.666666666666664,17.333333333333332,1778.6666666666667,145.33333333333334,0.7719298245614036,0.9244629244629246,
nih,219,guarded,3,35,76,70.66666666666667,5.333333333333333,1459.6666666666667,464.3333333333333,0.9298245614035089,0.7586625086625087,
nih,219,raw,3,35,76,,,,,,,0.02316396306594166
nih,219,logistic,3,35,76,,,,,,,0.0231816732471114
nih,219,constant,3,35,76,,,,,,,0.03656500000000001
nih,220,source,3,40,79,70.66666666666667,8.333333333333334,1579.6666666666667,341.3333333333333,0.8945147679324895,0.8223147666146104,
nih,220,empirical,3,40,79,61.666666666666664,17.333333333333332,1806.3333333333333,114.66666666666667,0.7805907172995781,0.9403088669095957,
nih,220,guarded,3,40,79,68.66666666666667,10.333333333333334,1580.6666666666667,340.3333333333333,0.869198312236287,0.8228353288217942,
nih,220,raw,3,40,79,,,,,,,0.02137029512659383
nih,220,logistic,3,40,79,,,,,,,0.021027216880760136
nih,220,constant,3,40,79,,,,,,,0.037940000000000015
nih,221,source,3,31,61,55.666666666666664,5.333333333333333,1594.3333333333333,344.6666666666667,0.912568306010929,0.8222451435447825,
nih,221,empirical,3,31,61,46.333333333333336,14.666666666666666,1865.6666666666667,73.33333333333333,0.7595628415300547,0.9621798177754856,
nih,221,guarded,3,31,61,54.333333333333336,6.666666666666667,1680.0,259.0,0.8907103825136612,0.8664259927797834,
nih,221,raw,3,31,61,,,,,,,0.016996938616585303
nih,221,logistic,3,31,61,,,,,,,0.016302212832559126
nih,221,constant,3,31,61,,,,,,,0.029569999999999996
nih,222,source,3,37,67,63.333333333333336,3.6666666666666665,1602.6666666666667,330.3333333333333,0.9452736318407959,0.8291084669770651,
nih,222,empirical,3,37,67,58.666666666666664,8.333333333333334,1731.0,202.0,0.8756218905472637,0.8954992240041387,
nih,222,guarded,3,37,67,63.333333333333336,3.6666666666666665,1532.6666666666667,400.3333333333333,0.9452736318407959,0.7928953267804794,
nih,222,raw,3,37,67,,,,,,,0.019539043050282465
nih,222,logistic,3,37,67,,,,,,,0.019353425896532796
nih,222,constant,3,37,67,,,,,,,0.03238999999999999
nih,223,source,3,49,67,63.666666666666664,3.3333333333333335,1599.0,334.0,0.9502487562189055,0.8272115882048628,
nih,223,empirical,3,49,67,60.0,7.0,1734.6666666666667,198.33333333333334,0.8955223880597014,0.8973961027763407,
nih,223,guarded,3,49,67,64.33333333333333,2.6666666666666665,1575.6666666666667,357.3333333333333,0.9601990049751244,0.8151405414726677,
nih,223,raw,3,49,67,,,,,,,0.01662354607662755
nih,223,logistic,3,49,67,,,,,,,0.016172634398581312
nih,223,constant,3,49,67,,,,,,,0.032617999999999994
nih,224,source,3,44,64,58.666666666666664,5.333333333333333,1591.3333333333333,344.6666666666667,0.9166666666666666,0.8219696969696969,
nih,224,empirical,3,44,64,52.666666666666664,11.333333333333334,1775.0,161.0,0.8229166666666666,0.9168388429752067,
nih,224,guarded,3,44,64,59.666666666666664,4.333333333333333,1474.3333333333333,461.6666666666667,0.9322916666666666,0.7615358126721764,
nih,224,raw,3,44,64,,,,,,,0.01828172396088747
nih,224,logistic,3,44,64,,,,,,,0.017912188338933283
nih,224,constant,3,44,64,,,,,,,0.031120000000000005
nih,225,source,3,40,85,78.66666666666667,6.333333333333333,1599.0,316.0,0.9254901960784313,0.8349869451697128,
nih,225,empirical,3,40,85,74.33333333333333,10.666666666666666,1716.6666666666667,198.33333333333334,0.8745098039215686,0.896431679721497,
nih,225,guarded,3,40,85,79.66666666666667,5.333333333333333,1477.0,438.0,0.9372549019607842,0.7712793733681463,
nih,225,raw,3,40,85,,,,,,,0.021541615923704266
nih,225,logistic,3,40,85,,,,,,,0.02094685730666292
nih,225,constant,3,40,85,,,,,,,0.0407
nih,226,source,3,51,58,54.666666666666664,3.3333333333333335,1613.0,329.0,0.9425287356321839,0.8305870236869207,
nih,226,empirical,3,51,58,49.666666666666664,8.333333333333334,1829.6666666666667,112.33333333333333,0.8563218390804598,0.942155853072434,
nih,226,guarded,3,51,58,53.666666666666664,4.333333333333333,1614.3333333333333,327.6666666666667,0.925287356321839,0.8312736010985239,
nih,226,raw,3,51,58,,,,,,,0.016818411106038267
nih,226,logistic,3,51,58,,,,,,,0.016610937842070673
nih,226,constant,3,51,58,,,,,,,0.028643
nih,227,source,3,51,67,62.333333333333336,4.666666666666667,1609.6666666666667,323.3333333333333,0.9303482587064676,0.8327297809967237,
nih,227,empirical,3,51,67,60.0,7.0,1741.0,192.0,0.8955223880597014,0.900672529746508,
nih,227,guarded,3,51,67,62.333333333333336,4.666666666666667,1543.3333333333333,389.6666666666667,0.9303482587064676,0.7984135195723402,
nih,227,raw,3,51,67,,,,,,,0.01774801090519199
nih,227,logistic,3,51,67,,,,,,,0.017424046279187852
nih,227,constant,3,51,67,,,,,,,0.032683999999999984
nih,228,source,3,39,61,55.333333333333336,5.666666666666667,1621.6666666666667,317.3333333333333,0.907103825136612,0.8363417569193743,
nih,228,empirical,3,39,61,51.666666666666664,9.333333333333334,1789.6666666666667,149.33333333333334,0.8469945355191256,0.9229843561973526,
nih,228,guarded,3,39,61,55.333333333333336,5.666666666666667,1579.3333333333333,359.6666666666667,0.907103825136612,0.8145091971806773,
nih,228,raw,3,39,61,,,,,,,0.017943238243829557
nih,228,logistic,3,39,61,,,,,,,0.017355284248438314
nih,228,constant,3,39,61,,,,,,,0.02964199999999999
nih,229,source,3,35,58,52.666666666666664,5.333333333333333,1599.3333333333333,342.6666666666667,0.9080459770114943,0.8235496052179884,
nih,229,empirical,3,35,58,45.333333333333336,12.666666666666666,1863.0,79.0,0.7816091954022989,0.9593202883625129,
nih,229,guarded,3,35,58,52.0,6.0,1561.0,381.0,0.896551724137931,0.8038105046343974,
nih,229,raw,3,35,58,,,,,,,0.016402145625490947
nih,229,logistic,3,35,58,,,,,,,0.015771431059292417
nih,229,constant,3,35,58,,,,,,,0.028195
nih,230,source,3,56,72,65.66666666666667,6.333333333333333,1596.0,332.0,0.9120370370370371,0.8278008298755187,
nih,230,empirical,3,56,72,59.0,13.0,1802.6666666666667,125.33333333333333,0.8194444444444443,0.9349930843706776,
nih,230,guarded,3,56,72,62.666666666666664,9.333333333333334,1684.6666666666667,243.33333333333334,0.8703703703703703,0.873789764868603,
nih,230,raw,3,56,72,,,,,,,0.018541752872330286
nih,230,logistic,3,56,72,,,,,,,0.018793790259658983
nih,230,constant,3,56,72,,,,,,,0.035104
nih,231,source,3,45,59,56.0,3.0,1621.6666666666667,319.3333333333333,0.9491525423728814,0.8354799931306887,
nih,231,empirical,3,45,59,52.0,7.0,1821.0,120.0,0.8813559322033898,0.9381761978361669,
nih,231,guarded,3,45,59,57.0,2.0,1494.6666666666667,446.3333333333333,0.9661016949152543,0.7700498025072987,
nih,231,raw,3,45,59,,,,,,,0.01532240210870423
nih,231,logistic,3,45,59,,,,,,,0.014700895480103832
nih,231,constant,3,45,59,,,,,,,0.028870000000000003
nih,232,source,3,38,70,63.666666666666664,6.333333333333333,1611.0,319.0,0.9095238095238095,0.8347150259067359,
nih,232,empirical,3,38,70,58.0,12.0,1776.6666666666667,153.33333333333334,0.8285714285714286,0.9205526770293609,
nih,232,guarded,3,38,70,65.0,5.0,1542.0,388.0,0.9285714285714285,0.7989637305699482,
nih,232,raw,3,38,70,,,,,,,0.01889324936019086
nih,232,logistic,3,38,70,,,,,,,0.018517187902937358
nih,232,constant,3,38,70,,,,,,,0.033784
nih,233,source,3,45,66,55.666666666666664,10.333333333333334,1604.3333333333333,329.6666666666667,0.8434343434343434,0.8295415374008962,
nih,233,empirical,3,45,66,51.333333333333336,14.666666666666666,1816.0,118.0,0.7777777777777777,0.9389865563598758,
nih,233,guarded,3,45,66,58.666666666666664,7.333333333333333,1463.0,471.0,0.888888888888889,0.7564632885211996,
nih,233,raw,3,45,66,,,,,,,0.01941311035496111
nih,233,logistic,3,45,66,,,,,,,0.01947298257860184
nih,233,constant,3,45,66,,,,,,,0.03205500000000001
nih,234,source,3,40,67,61.666666666666664,5.333333333333333,1580.0,353.0,0.9203980099502488,0.817382307294361,
nih,234,empirical,3,40,67,56.333333333333336,10.666666666666666,1845.3333333333333,87.66666666666667,0.8407960199004975,0.9546473529918952,
nih,234,guarded,3,40,67,61.666666666666664,5.333333333333333,1556.6666666666667,376.3333333333333,0.9203980099502488,0.8053112605621658,
nih,234,raw,3,40,67,,,,,,,0.017464423921576253
nih,234,logistic,3,40,67,,,,,,,0.016827770993154263
nih,234,constant,3,40,67,,,,,,,0.03242000000000001
nih,235,source,3,47,97,90.0,7.0,1589.3333333333333,313.6666666666667,0.9278350515463917,0.8351725345944999,
nih,235,empirical,3,47,97,83.66666666666667,13.333333333333334,1720.0,183.0,0.8625429553264605,0.9038360483447189,
nih,235,guarded,3,47,97,90.33333333333333,6.666666666666667,1523.6666666666667,379.3333333333333,0.9312714776632302,0.8006656156945174,
nih,235,raw,3,47,97,,,,,,,0.023209737647188745
nih,235,logistic,3,47,97,,,,,,,0.022881627914209557
nih,235,constant,3,47,97,,,,,,,0.04615
nih,236,source,3,37,67,59.333333333333336,7.666666666666667,1608.0,325.0,0.8855721393034827,0.8318675633729953,
nih,236,empirical,3,37,67,56.333333333333336,10.666666666666666,1807.6666666666667,125.33333333333333,0.8407960199004975,0.9351612346956372,
nih,236,guarded,3,37,67,58.666666666666664,8.333333333333334,1572.3333333333333,360.6666666666667,0.8756218905472637,0.8134161062252113,
nih,236,raw,3,37,67,,,,,,,0.018233073156123488
nih,236,logistic,3,37,67,,,,,,,0.01785738803868032
nih,236,constant,3,37,67,,,,,,,0.03238999999999999
nih,237,source,3,51,74,70.0,4.0,1611.6666666666667,314.3333333333333,0.9459459459459459,0.8367947386638975,
nih,237,empirical,3,51,74,67.0,7.0,1811.3333333333333,114.66666666666667,0.9054054054054054,0.9404638283142956,
nih,237,guarded,3,51,74,70.0,4.0,1578.6666666666667,347.3333333333333,0.9459459459459459,0.8196607822776046,
nih,237,raw,3,51,74,,,,,,,0.017601566612940833
nih,237,logistic,3,51,74,,,,,,,0.01696172801026267
nih,237,constant,3,51,74,,,,,,,0.03582699999999999
nih,238,source,3,50,74,68.66666666666667,5.333333333333333,1579.0,347.0,0.9279279279279279,0.819833852544133,
nih,238,empirical,3,50,74,55.666666666666664,18.333333333333332,1857.6666666666667,68.33333333333333,0.7522522522522523,0.964520595361717,
nih,238,guarded,3,50,74,63.333333333333336,10.666666666666666,1774.3333333333333,151.66666666666666,0.8558558558558559,0.9212530287296642,
nih,238,raw,3,50,74,,,,,,,0.020629634832704063
nih,238,logistic,3,50,74,,,,,,,0.020431431611514308
nih,238,constant,3,50,74,,,,,,,0.03579999999999999
nih,239,source,3,44,67,63.666666666666664,3.3333333333333335,1613.0,320.0,0.9502487562189055,0.83445421624418,
nih,239,empirical,3,44,67,59.666666666666664,7.333333333333333,1737.6666666666667,195.33333333333334,0.890547263681592,0.8989480944990516,
nih,239,guarded,3,44,67,65.0,2.0,1485.3333333333333,447.6666666666667,0.9701492537313433,0.7684083462665977,
nih,239,raw,3,44,67,,,,,,,0.017785432135794192
nih,239,logistic,3,44,67,,,,,,,0.017552705492576853
nih,239,constant,3,44,67,,,,,,,0.03248800000000001
nih,240,source,3,52,57,53.0,4.0,1580.3333333333333,362.6666666666667,0.9298245614035089,0.8133470578143763,
nih,240,empirical,3,52,57,48.0,9.0,1795.3333333333333,147.66666666666666,0.8421052631578947,0.9240006862240522,
nih,240,guarded,3,52,57,54.333333333333336,2.6666666666666665,1509.6666666666667,433.3333333333333,0.9532163742690059,0.776977183050266,
nih,240,raw,3,52,57,,,,,,,0.016631070666885895
nih,240,logistic,3,52,57,,,,,,,0.016889730032825068
nih,240,constant,3,52,57,,,,,,,0.028240000000000005
nih,241,source,3,36,59,54.333333333333336,4.666666666666667,1593.6666666666667,347.3333333333333,0.9209039548022598,0.8210544392924609,
nih,241,empirical,3,36,59,55.333333333333336,3.6666666666666665,1579.6666666666667,361.3333333333333,0.9378531073446327,0.813841662373347,
nih,241,guarded,3,36,59,55.333333333333336,3.6666666666666665,1514.0,427.0,0.9378531073446327,0.7800103039670273,
nih,241,raw,3,36,59,,,,,,,0.017511181295070607
nih,241,logistic,3,36,59,,,,,,,0.017302645815118423
nih,241,constant,3,36,59,,,,,,,0.02867199999999999
nih,242,source,3,38,80,74.33333333333333,5.666666666666667,1588.0,332.0,0.9291666666666667,0.8270833333333334,
nih,242,empirical,3,38,80,72.66666666666667,7.333333333333333,1674.6666666666667,245.33333333333334,0.9083333333333333,0.8722222222222222,
nih,242,guarded,3,38,80,75.0,5.0,1454.3333333333333,465.6666666666667,0.9375,0.7574652777777778,
nih,242,raw,3,38,80,,,,,,,0.016894814672016523
nih,242,logistic,3,38,80,,,,,,,0.01593523847864409
nih,242,constant,3,38,80,,,,,,,0.038403999999999994
nih,243,source,3,38,66,59.0,7.0,1630.3333333333333,303.6666666666667,0.8939393939393939,0.8429851775249914,
nih,243,empirical,3,38,66,52.333333333333336,13.666666666666666,1753.3333333333333,180.66666666666666,0.7929292929292929,0.9065839365735954,
nih,243,guarded,3,38,66,60.333333333333336,5.666666666666667,1546.6666666666667,387.3333333333333,0.9141414141414143,0.7997242330230955,
nih,243,raw,3,38,66,,,,,,,0.019517192526430204
nih,243,logistic,3,38,66,,,,,,,0.019482432784653243
nih,243,constant,3,38,66,,,,,,,0.031936
nih,244,source,3,45,59,56.333333333333336,2.6666666666666665,1609.6666666666667,331.3333333333333,0.9548022598870057,0.8292976129143054,
nih,244,empirical,3,45,59,53.333333333333336,5.666666666666667,1743.3333333333333,197.66666666666666,0.903954802259887,0.8981624592134638,
nih,244,guarded,3,45,59,56.666666666666664,2.3333333333333335,1482.3333333333333,458.6666666666667,0.9604519774011301,0.7636956895071269,
nih,244,raw,3,45,59,,,,,,,0.016531554177970333
nih,244,logistic,3,45,59,,,,,,,0.01622154075478654
nih,244,constant,3,45,59,,,,,,,0.028870000000000007
nih,245,source,3,48,77,71.66666666666667,5.333333333333333,1588.3333333333333,334.6666666666667,0.9307359307359307,0.8259663719882129,
nih,245,empirical,3,48,77,67.33333333333333,9.666666666666666,1721.6666666666667,201.33333333333334,0.8744588744588745,0.8953024787658173,
nih,245,guarded,3,48,77,71.66666666666667,5.333333333333333,1538.3333333333333,384.6666666666667,0.9307359307359307,0.7999653319466112,
nih,245,raw,3,48,77,,,,,,,0.019032921600989437
nih,245,logistic,3,48,77,,,,,,,0.018675231403786904
nih,245,constant,3,48,77,,,,,,,0.037107999999999995
nih,246,source,3,37,82,74.33333333333333,7.666666666666667,1605.3333333333333,312.6666666666667,0.9065040650406505,0.8369829683698297,
nih,246,empirical,3,37,82,69.66666666666667,12.333333333333334,1779.6666666666667,138.33333333333334,0.8495934959349594,0.9278762599930483,
nih,246,guarded,3,37,82,71.33333333333333,10.666666666666666,1679.6666666666667,238.33333333333334,0.8699186991869919,0.875738616614529,
nih,246,raw,3,37,82,,,,,,,0.019299971130287523
nih,246,logistic,3,37,82,,,,,,,0.019098590029378526
nih,246,constant,3,37,82,,,,,,,0.03933499999999998
nih,247,source,3,42,69,62.333333333333336,6.666666666666667,1601.0,330.0,0.9033816425120773,0.8291040911444848,
nih,247,empirical,3,42,69,58.0,11.0,1799.3333333333333,131.66666666666666,0.8405797101449276,0.9318142585879509,
nih,247,guarded,3,42,69,64.66666666666667,4.333333333333333,1465.3333333333333,465.6666666666667,0.9371980676328503,0.7588468841705507,
nih,247,raw,3,42,69,,,,,,,0.01915761967242463
nih,247,logistic,3,42,69,,,,,,,0.018817318763105582
nih,247,constant,3,42,69,,,,,,,0.033366
nih,248,source,3,44,78,69.33333333333333,8.666666666666666,1588.0,334.0,0.888888888888889,0.826222684703434,
nih,248,empirical,3,44,78,66.66666666666667,11.333333333333334,1751.6666666666667,170.33333333333334,0.8547008547008548,0.9113770378078391,
nih,248,guarded,3,44,78,69.66666666666667,8.333333333333334,1514.0,408.0,0.8931623931623932,0.7877211238293444,
nih,248,raw,3,44,78,,,,,,,0.019751384725691472
nih,248,logistic,3,44,78,,,,,,,0.01919037784696384
nih,248,constant,3,44,78,,,,,,,0.037504
nih,249,source,3,36,47,43.0,4.0,1610.3333333333333,342.6666666666667,0.9148936170212766,0.8245434374466631,
nih,249,empirical,3,36,47,38.666666666666664,8.333333333333334,1800.0,153.0,0.8226950354609929,0.9216589861751152,
nih,249,guarded,3,36,47,43.333333333333336,3.6666666666666665,1580.3333333333333,372.6666666666667,0.9219858156028368,0.8091824543437447,
nih,249,raw,3,36,47,,,,,,,0.014107883056827433
nih,249,logistic,3,36,47,,,,,,,0.013229195233985457
nih,249,constant,3,36,47,,,,,,,0.023103999999999996
nih,250,source,3,43,56,50.0,6.0,1618.6666666666667,325.3333333333333,0.8928571428571429,0.8326474622770919,
nih,250,empirical,3,43,56,48.333333333333336,7.666666666666667,1775.3333333333333,168.66666666666666,0.8630952380952381,0.9132373113854596,
nih,250,guarded,3,43,56,51.333333333333336,4.666666666666667,1525.6666666666667,418.3333333333333,0.9166666666666666,0.7848079561042524,
nih,250,raw,3,43,56,,,,,,,0.016003480876996837
nih,250,logistic,3,43,56,,,,,,,0.015730643015015967
nih,250,constant,3,43,56,,,,,,,0.027440999999999997
nih,251,source,3,52,60,53.0,7.0,1623.6666666666667,316.3333333333333,0.8833333333333333,0.8369415807560138,
nih,251,empirical,3,52,60,49.333333333333336,10.666666666666666,1842.6666666666667,97.33333333333333,0.8222222222222223,0.9498281786941581,
nih,251,guarded,3,52,60,51.666666666666664,8.333333333333334,1711.0,229.0,0.8611111111111112,0.8819587628865979,
nih,251,raw,3,52,60,,,,,,,0.01684614893772224
nih,251,logistic,3,52,60,,,,,,,0.016967823211865574
nih,251,constant,3,52,60,,,,,,,0.029584000000000003
nih,252,source,3,48,63,57.0,6.0,1596.0,341.0,0.9047619047619048,0.8239545689210118,
nih,252,empirical,3,48,63,51.333333333333336,11.666666666666666,1831.3333333333333,105.66666666666667,0.8148148148148149,0.945448287730167,
nih,252,guarded,3,48,63,54.666666666666664,8.333333333333334,1665.3333333333333,271.6666666666667,0.8677248677248678,0.8597487523662021,
nih,252,raw,3,48,63,,,,,,,0.017623059374247813
nih,252,logistic,3,48,63,,,,,,,0.01710188826702657
nih,252,constant,3,48,63,,,,,,,0.03077999999999999
nih,253,source,3,41,70,65.33333333333333,4.666666666666667,1593.3333333333333,336.6666666666667,0.9333333333333332,0.8255613126079447,
nih,253,empirical,3,41,70,63.0,7.0,1729.0,201.0,0.8999999999999999,0.8958549222797926,
nih,253,guarded,3,41,70,66.33333333333333,3.6666666666666665,1520.3333333333333,409.6666666666667,0.9476190476190477,0.7877374784110535,
nih,253,raw,3,41,70,,,,,,,0.0168083016797024
nih,253,logistic,3,41,70,,,,,,,0.016450319956648054
nih,253,constant,3,41,70,,,,,,,0.03381100000000001
nih,254,source,3,45,60,53.333333333333336,6.666666666666667,1603.3333333333333,336.6666666666667,0.8888888888888888,0.8264604810996564,
nih,254,empirical,3,45,60,51.333333333333336,8.666666666666666,1757.3333333333333,182.66666666666666,0.8555555555555555,0.9058419243986254,
nih,254,guarded,3,45,60,54.666666666666664,5.333333333333333,1535.6666666666667,404.3333333333333,0.9111111111111111,0.7915807560137457,
nih,254,raw,3,45,60,,,,,,,0.018178605126397403
nih,254,logistic,3,45,60,,,,,,,0.017880694612545815
nih,254,constant,3,45,60,,,,,,,0.029325000000000007
nih,255,source,3,45,81,76.33333333333333,4.666666666666667,1596.6666666666667,322.3333333333333,0.9423868312757202,0.8320305714782004,
nih,255,empirical,3,45,81,72.66666666666667,8.333333333333334,1724.0,195.0,0.897119341563786,0.8983845752996352,
nih,255,guarded,3,45,81,77.66666666666667,3.3333333333333335,1471.3333333333333,447.6666666666667,0.9588477366255144,0.766718777140872,
nih,255,raw,3,45,81,,,,,,,0.017902913743500018
nih,255,logistic,3,45,81,,,,,,,0.017417311084045265
nih,255,constant,3,45,81,,,,,,,0.03888000000000001
nih,256,source,3,37,65,60.333333333333336,4.666666666666667,1595.6666666666667,339.3333333333333,0.9282051282051281,0.8246339362618432,
nih,256,empirical,3,37,65,54.0,11.0,1817.6666666666667,117.33333333333333,0.8307692307692308,0.9393626184323859,
nih,256,guarded,3,37,65,58.666666666666664,6.333333333333333,1591.6666666666667,343.3333333333333,0.9025641025641026,0.8225667527993109,
nih,256,raw,3,37,65,,,,,,,0.019056840433907003
nih,256,logistic,3,37,65,,,,,,,0.018989567558373558
nih,256,constant,3,37,65,,,,,,,0.031463999999999985
nih,257,source,3,42,59,55.0,4.0,1617.0,324.0,0.9322033898305085,0.8330757341576507,
nih,257,empirical,3,42,59,50.666666666666664,8.333333333333334,1786.6666666666667,154.33333333333334,0.8587570621468927,0.9204877211059591,
nih,257,guarded,3,42,59,57.0,2.0,1549.6666666666667,391.3333333333333,0.9661016949152543,0.7983857118323888,
nih,257,raw,3,42,59,,,,,,,0.015283276309760336
nih,257,logistic,3,42,59,,,,,,,0.014480823051213518
nih,257,constant,3,42,59,,,,,,,0.028786000000000003
nih,258,source,3,48,65,55.0,10.0,1583.3333333333333,351.6666666666667,0.8461538461538461,0.818260120585702,
nih,258,empirical,3,48,65,50.666666666666664,14.333333333333334,1768.3333333333333,166.66666666666666,0.7794871794871795,0.9138673557278209,
nih,258,guarded,3,48,65,57.666666666666664,7.333333333333333,1519.3333333333333,415.6666666666667,0.8871794871794872,0.7851851851851852,
nih,258,raw,3,48,65,,,,,,,0.01997560671243113
nih,258,logistic,3,48,65,,,,,,,0.019605250818586016
nih,258,constant,3,48,65,,,,,,,0.031684
nih,259,source,3,47,55,49.0,6.0,1640.3333333333333,304.6666666666667,0.890909090909091,0.8433590402742074,
nih,259,empirical,3,47,55,43.333333333333336,11.666666666666666,1795.0,150.0,0.7878787878787877,0.9228791773778919,
nih,259,guarded,3,47,55,49.0,6.0,1617.3333333333333,327.6666666666667,0.890909090909091,0.8315338474721509,
nih,259,raw,3,47,55,,,,,,,0.016881707349798172
nih,259,logistic,3,47,55,,,,,,,0.016545272048830478
nih,259,constant,3,47,55,,,,,,,0.027124
nih,260,source,3,41,68,59.333333333333336,8.666666666666666,1592.0,340.0,0.8725490196078431,0.8240165631469979,
nih,260,empirical,3,41,68,53.0,15.0,1820.6666666666667,111.33333333333333,0.7794117647058822,0.9423740510697033,
nih,260,guarded,3,41,68,59.333333333333336,8.666666666666666,1567.3333333333333,364.6666666666667,0.8725490196078431,0.8112491373360937,
nih,260,raw,3,41,68,,,,,,,0.021188792976785293
nih,260,logistic,3,41,68,,,,,,,0.020853370440026404
nih,260,constant,3,41,68,,,,,,,0.032893000000000006
nih,261,source,3,52,75,71.66666666666667,3.3333333333333335,1570.0,355.0,0.9555555555555556,0.8155844155844156,
nih,261,empirical,3,52,75,69.0,6.0,1811.0,114.0,0.9199999999999999,0.9407792207792208,
nih,261,guarded,3,52,75,71.66666666666667,3.3333333333333335,1562.6666666666667,362.3333333333333,0.9555555555555556,0.8117748917748918,
nih,261,raw,3,52,75,,,,,,,0.016816567268328753
nih,261,logistic,3,52,75,,,,,,,0.01613314806099132
nih,261,constant,3,52,75,,,,,,,0.036304
nih,262,source,3,48,62,54.0,8.0,1606.6666666666667,331.3333333333333,0.8709677419354839,0.8290333677330581,
nih,262,empirical,3,48,62,49.333333333333336,12.666666666666666,1812.0,126.0,0.7956989247311826,0.934984520123839,
nih,262,guarded,3,48,62,55.333333333333336,6.666666666666667,1593.6666666666667,344.3333333333333,0.8924731182795699,0.8223254213966289,
nih,262,raw,3,48,62,,,,,,,0.01915275868125972
nih,262,logistic,3,48,62,,,,,,,0.019217640848248976
nih,262,constant,3,48,62,,,,,,,0.030327999999999997
nih,263,source,3,34,73,65.33333333333333,7.666666666666667,1611.6666666666667,315.3333333333333,0.8949771689497718,0.8363604912644872,
nih,263,empirical,3,34,73,62.666666666666664,10.333333333333334,1731.6666666666667,195.33333333333334,0.858447488584475,0.8986334544196506,
nih,263,guarded,3,34,73,67.66666666666667,5.333333333333333,1543.0,384.0,0.9269406392694064,0.8007265179034769,
nih,263,raw,3,34,73,,,,,,,0.01760259030721121
nih,263,logistic,3,34,73,,,,,,,0.017237668288146313
nih,263,constant,3,34,73,,,,,,,0.035174000000000004
nih,264,source,3,43,89,82.0,7.0,1591.0,320.0,0.9213483146067416,0.8325484039769755,
nih,264,empirical,3,43,89,77.33333333333333,11.666666666666666,1763.0,148.0,0.8689138576779026,0.9225536368393511,
nih,264,guarded,3,43,89,84.0,5.0,1463.0,448.0,0.9438202247191011,0.7655677655677655,
nih,264,raw,3,43,89,,,,,,,0.021721405169672716
nih,264,logistic,3,43,89,,,,,,,0.021555711883003814
nih,264,constant,3,43,89,,,,,,,0.04252199999999998
nih,265,source,3,44,80,72.66666666666667,7.333333333333333,1596.3333333333333,323.6666666666667,0.9083333333333333,0.8314236111111111,
nih,265,empirical,3,44,80,68.0,12.0,1686.0,234.0,0.85,0.8781250000000002,
nih,265,guarded,3,44,80,74.0,6.0,1463.3333333333333,456.6666666666667,0.9249999999999999,0.7621527777777777,
nih,265,raw,3,44,80,,,,,,,0.02241035374825129
nih,265,logistic,3,44,80,,,,,,,0.02221417310978445
nih,265,constant,3,44,80,,,,,,,0.03841600000000001
nih,266,source,3,38,54,52.0,2.0,1610.3333333333333,335.6666666666667,0.9629629629629629,0.827509421034601,
nih,266,empirical,3,38,54,50.0,4.0,1699.6666666666667,246.33333333333334,0.9259259259259259,0.8734155532716684,
nih,266,guarded,3,38,54,52.666666666666664,1.3333333333333333,1494.0,452.0,0.9753086419753086,0.7677286742034943,
nih,266,raw,3,38,54,,,,,,,0.013808740544904009
nih,266,logistic,3,38,54,,,,,,,0.013371604100759554
nih,266,constant,3,38,54,,,,,,,0.026392
nih,267,source,3,38,64,59.333333333333336,4.666666666666667,1587.6666666666667,348.3333333333333,0.9270833333333334,0.8200757575757577,
nih,267,empirical,3,38,64,56.0,8.0,1703.3333333333333,232.66666666666666,0.875,0.8798209366391184,
nih,267,guarded,3,38,64,60.666666666666664,3.3333333333333335,1526.6666666666667,409.3333333333333,0.9479166666666666,0.7885674931129477,
nih,267,raw,3,38,64,,,,,,,0.015937617399125883
nih,267,logistic,3,38,64,,,,,,,0.015625748172679577
nih,267,constant,3,38,64,,,,,,,0.031011999999999998
nih,268,source,3,56,74,64.66666666666667,9.333333333333334,1568.3333333333333,357.6666666666667,0.8738738738738739,0.8142956040152303,
nih,268,empirical,3,56,74,59.0,15.0,1740.3333333333333,185.66666666666666,0.7972972972972974,0.9035998615437868,
nih,268,guarded,3,56,74,66.0,8.0,1487.6666666666667,438.3333333333333,0.891891891891892,0.7724125995154033,
nih,268,raw,3,56,74,,,,,,,0.022143617530705012
nih,268,logistic,3,56,74,,,,,,,0.022398720442959864
nih,268,constant,3,56,74,,,,,,,0.035992
nih,269,source,3,40,75,68.66666666666667,6.333333333333333,1576.3333333333333,348.6666666666667,0.9155555555555556,0.818874458874459,
nih,269,empirical,3,40,75,57.0,18.0,1818.3333333333333,106.66666666666667,0.7600000000000001,0.9445887445887445,
nih,269,guarded,3,40,75,64.33333333333333,10.666666666666666,1701.3333333333333,223.66666666666666,0.8577777777777778,0.8838095238095237,
nih,269,raw,3,40,75,,,,,,,0.02021784507289699
nih,269,logistic,3,40,75,,,,,,,0.019815832394465896
nih,269,constant,3,40,75,,,,,,,0.03610000000000001
nih,270,source,3,37,69,65.0,4.0,1591.3333333333333,339.6666666666667,0.9420289855072465,0.8240980493699293,
nih,270,empirical,3,37,69,61.333333333333336,7.666666666666667,1710.6666666666667,220.33333333333334,0.8888888888888888,0.885896771966166,
nih,270,guarded,3,37,69,65.0,4.0,1569.0,362.0,0.9420289855072465,0.8125323666494045,
nih,270,raw,3,37,69,,,,,,,0.017335034157942745
nih,270,logistic,3,37,69,,,,,,,0.016888689936552403
nih,270,constant,3,37,69,,,,,,,0.03331599999999999
nih,271,source,3,32,64,57.0,7.0,1602.0,334.0,0.890625,0.8274793388429753,
nih,271,empirical,3,32,64,58.0,6.0,1607.6666666666667,328.3333333333333,0.90625,0.8304063360881543,
nih,271,guarded,3,32,64,59.0,5.0,1465.3333333333333,470.6666666666667,0.921875,0.7568870523415979,
nih,271,raw,3,32,64,,,,,,,0.017392393975767893
nih,271,logistic,3,32,64,,,,,,,0.017340344395764953
nih,271,constant,3,32,64,,,,,,,0.030976000000000004
nih,272,source,3,52,89,85.33333333333333,3.6666666666666665,1577.0,334.0,0.9588014981273408,0.8252223966509681,
nih,272,empirical,3,52,89,80.66666666666667,8.333333333333334,1685.0,226.0,0.9063670411985019,0.8817373103087389,
nih,272,guarded,3,52,89,86.0,3.0,1500.0,411.0,0.9662921348314607,0.7849293563579277,
nih,272,raw,3,52,89,,,,,,,0.01962062738234051
nih,272,logistic,3,52,89,,,,,,,0.019461485274774117
nih,272,constant,3,52,89,,,,,,,0.042576
nih,273,source,3,46,64,60.666666666666664,3.3333333333333335,1583.6666666666667,352.3333333333333,0.9479166666666666,0.8180096418732782,
nih,273,empirical,3,46,64,58.666666666666664,5.333333333333333,1694.3333333333333,241.66666666666666,0.9166666666666666,0.8751721763085399,
nih,273,guarded,3,46,64,61.0,3.0,1512.0,424.0,0.953125,0.78099173553719,
nih,273,raw,3,46,64,,,,,,,0.016737101197412632
nih,273,logistic,3,46,64,,,,,,,0.016954652467036226
nih,273,constant,3,46,64,,,,,,,0.031171999999999995
nih,274,source,3,51,59,53.333333333333336,5.666666666666667,1619.6666666666667,321.3333333333333,0.903954802259887,0.834449596427958,
nih,274,empirical,3,51,59,48.333333333333336,10.666666666666666,1852.0,89.0,0.8192090395480226,0.9541473467284906,
nih,274,guarded,3,51,59,54.0,5.0,1634.0,307.0,0.9152542372881355,0.8418341061308604,
nih,274,raw,3,51,59,,,,,,,0.016892994322640582
nih,274,logistic,3,51,59,,,,,,,0.017496231706626588
nih,274,constant,3,51,59,,,,,,,0.029091999999999993
nih,275,source,3,38,65,61.666666666666664,3.3333333333333335,1614.6666666666667,320.3333333333333,0.9487179487179488,0.8344530577088717,
nih,275,empirical,3,38,65,56.666666666666664,8.333333333333334,1765.3333333333333,169.66666666666666,0.8717948717948718,0.9123169681309217,
nih,275,guarded,3,38,65,62.333333333333336,2.6666666666666665,1478.0,457.0,0.958974358974359,0.7638242894056848,
nih,275,raw,3,38,65,,,,,,,0.018072970964565196
nih,275,logistic,3,38,65,,,,,,,0.01791911911457442
nih,275,constant,3,38,65,,,,,,,0.031474
nih,276,source,3,42,67,61.0,6.0,1595.6666666666667,337.3333333333333,0.9104477611940299,0.8254871529574063,
nih,276,empirical,3,42,67,57.0,10.0,1769.6666666666667,163.33333333333334,0.8507462686567164,0.9155026728746335,
nih,276,guarded,3,42,67,62.333333333333336,4.666666666666667,1510.0,423.0,0.9303482587064676,0.7811691670977755,
nih,276,raw,3,42,67,,,,,,,0.018994342495377136
nih,276,logistic,3,42,67,,,,,,,0.01876609253961913
nih,276,constant,3,42,67,,,,,,,0.03244999999999999
nih,277,source,3,50,85,75.66666666666667,9.333333333333334,1579.0,336.0,0.8901960784313726,0.8245430809399478,
nih,277,empirical,3,50,85,71.0,14.0,1765.6666666666667,149.33333333333334,0.8352941176470589,0.9220191470844212,
nih,277,guarded,3,50,85,75.33333333333333,9.666666666666666,1580.3333333333333,334.6666666666667,0.8862745098039215,0.8252393385552654,
nih,277,raw,3,50,85,,,,,,,0.023238389725366907
nih,277,logistic,3,50,85,,,,,,,0.02332120207712182
nih,277,constant,3,50,85,,,,,,,0.04074999999999999
nih,278,source,3,38,66,59.666666666666664,6.333333333333333,1583.3333333333333,350.6666666666667,0.904040404040404,0.818683212685281,
nih,278,empirical,3,38,66,54.666666666666664,11.333333333333334,1817.3333333333333,116.66666666666667,0.8282828282828283,0.9396759738021371,
nih,278,guarded,3,38,66,59.666666666666664,6.333333333333333,1545.0,389.0,0.904040404040404,0.7988624612202688,
nih,278,raw,3,38,66,,,,,,,0.019175655246016953
nih,278,logistic,3,38,66,,,,,,,0.018870540267379065
nih,278,constant,3,38,66,,,,,,,0.031936
nih,279,source,3,43,73,65.66666666666667,7.333333333333333,1601.3333333333333,325.6666666666667,0.8995433789954337,0.8309980972150147,
nih,279,empirical,3,43,73,62.333333333333336,10.666666666666666,1767.3333333333333,159.66666666666666,0.8538812785388128,0.9171423629129908,
nih,279,guarded,3,43,73,67.33333333333333,5.666666666666667,1475.3333333333333,451.6666666666667,0.9223744292237442,0.765611485902093,
nih,279,raw,3,43,73,,,,,,,0.018822857382876704
nih,279,logistic,3,43,73,,,,,,,0.01842602616037376
nih,279,constant,3,43,73,,,,,,,0.03520999999999999
nih,280,source,3,50,72,67.66666666666667,4.333333333333333,1592.3333333333333,335.6666666666667,0.9398148148148149,0.825899031811895,
nih,280,empirical,3,50,72,61.666666666666664,10.333333333333334,1825.0,103.0,0.8564814814814815,0.9465767634854773,
nih,280,guarded,3,50,72,66.33333333333333,5.666666666666667,1671.3333333333333,256.6666666666667,0.9212962962962964,0.8668741355463346,
nih,280,raw,3,50,72,,,,,,,0.017643944420064502
nih,280,logistic,3,50,72,,,,,,,0.01741403672959543
nih,280,constant,3,50,72,,,,,,,0.03489999999999999
nih,281,source,3,46,65,60.666666666666664,4.333333333333333,1607.6666666666667,327.3333333333333,0.9333333333333332,0.8308354866494402,
nih,281,empirical,3,46,65,55.0,10.0,1831.6666666666667,103.33333333333333,0.8461538461538461,0.9465977605512489,
nih,281,guarded,3,46,65,57.0,8.0,1729.3333333333333,205.66666666666666,0.8769230769230769,0.893712316968131,
nih,281,raw,3,46,65,,,,,,,0.018207812943875645
nih,281,logistic,3,46,65,,,,,,,0.017932701176721775
nih,281,constant,3,46,65,,,,,,,0.031625999999999994
nih,282,source,3,39,76,70.66666666666667,5.333333333333333,1583.6666666666667,340.3333333333333,0.9298245614035089,0.8231115731115731,
nih,282,empirical,3,39,76,63.0,13.0,1806.0,118.0,0.8289473684210527,0.9386694386694386,
nih,282,guarded,3,39,76,73.0,3.0,1515.0,409.0,0.9605263157894738,0.7874220374220373,
nih,282,raw,3,39,76,,,,,,,0.020153548781843045
nih,282,logistic,3,39,76,,,,,,,0.02005448871676181
nih,282,constant,3,39,76,,,,,,,0.036557
nih,283,source,3,35,65,59.666666666666664,5.333333333333333,1562.3333333333333,372.6666666666667,0.9179487179487179,0.8074074074074074,
nih,283,empirical,3,35,65,57.333333333333336,7.666666666666667,1785.6666666666667,149.33333333333334,0.882051282051282,0.9228251507321273,
nih,283,guarded,3,35,65,61.666666666666664,3.3333333333333335,1426.6666666666667,508.3333333333333,0.9487179487179488,0.7372954349698535,
nih,283,raw,3,35,65,,,,,,,0.01757560424527748
nih,283,logistic,3,35,65,,,,,,,0.01728947145163166
nih,283,constant,3,35,65,,,,,,,0.031450000000000006
nih,284,source,3,35,69,66.33333333333333,2.6666666666666665,1600.6666666666667,330.3333333333333,0.9613526570048311,0.8289314690143277,
nih,284,empirical,3,35,69,60.0,9.0,1801.0,130.0,0.8695652173913043,0.9326773692387365,
nih,284,guarded,3,35,69,66.33333333333333,2.6666666666666665,1575.3333333333333,355.6666666666667,0.9613526570048311,0.8158121871223892,
nih,284,raw,3,35,69,,,,,,,0.016421936405912257
nih,284,logistic,3,35,69,,,,,,,0.015773300839549812
nih,284,constant,3,35,69,,,,,,,0.03331
nih,285,source,3,38,70,61.333333333333336,8.666666666666666,1579.6666666666667,350.3333333333333,0.8761904761904762,0.8184801381692574,
nih,285,empirical,3,38,70,57.0,13.0,1802.0,128.0,0.8142857142857144,0.933678756476684,
nih,285,guarded,3,38,70,63.666666666666664,6.333333333333333,1510.0,420.0,0.9095238095238095,0.7823834196891192,
nih,285,raw,3,38,70,,,,,,,0.01979734674614209
nih,285,logistic,3,38,70,,,,,,,0.01922062582962557
nih,285,constant,3,38,70,,,,,,,0.033784
nih,286,source,3,45,71,66.66666666666667,4.333333333333333,1603.6666666666667,325.3333333333333,0.9389671361502346,0.831346120615172,
nih,286,empirical,3,45,71,62.0,9.0,1808.3333333333333,120.66666666666667,0.8732394366197184,0.9374459996543978,
nih,286,guarded,3,45,71,68.0,3.0,1465.6666666666667,463.3333333333333,0.9577464788732395,0.7598064627613615,
nih,286,raw,3,45,71,,,,,,,0.01752279705012291
nih,286,logistic,3,45,71,,,,,,,0.017102145025944853
nih,286,constant,3,45,71,,,,,,,0.034330000000000006
nih,287,source,3,42,85,74.33333333333333,10.666666666666666,1602.6666666666667,312.3333333333333,0.8745098039215686,0.8369016536118364,
nih,287,empirical,3,42,85,68.33333333333333,16.666666666666668,1735.3333333333333,179.66666666666666,0.8039215686274509,0.9061792863359442,
nih,287,guarded,3,42,85,75.33333333333333,9.666666666666666,1585.6666666666667,329.3333333333333,0.8862745098039215,0.8280243690165361,
nih,287,raw,3,42,85,,,,,,,0.023014546587019177
nih,287,logistic,3,42,85,,,,,,,0.022811349595540487
nih,287,constant,3,42,85,,,,,,,0.040693999999999994
nih,288,source,3,36,53,48.0,5.0,1619.6666666666667,327.3333333333333,0.9056603773584907,0.8318781030645438,
nih,288,empirical,3,36,53,43.666666666666664,9.333333333333334,1846.6666666666667,100.33333333333333,0.8238993710691824,0.9484677281287451,
nih,288,guarded,3,36,53,48.0,5.0,1577.3333333333333,369.6666666666667,0.9056603773584907,0.810135250813217,
nih,288,raw,3,36,53,,,,,,,0.01614268983933274
nih,288,logistic,3,36,53,,,,,,,0.015501316816098037
nih,288,constant,3,36,53,,,,,,,0.02588799999999999
nih,289,source,3,38,68,64.33333333333333,3.6666666666666665,1595.0,337.0,0.9460784313725491,0.8255693581780538,
nih,289,empirical,3,38,68,59.666666666666664,8.333333333333334,1737.3333333333333,194.66666666666666,0.8774509803921569,0.8992408557625948,
nih,289,guarded,3,38,68,65.33333333333333,2.6666666666666665,1527.6666666666667,404.3333333333333,0.9607843137254902,0.7907177363699103,
nih,289,raw,3,38,68,,,,,,,0.017583880379974402
nih,289,logistic,3,38,68,,,,,,,0.01738223525592903
nih,289,constant,3,38,68,,,,,,,0.03286
nih,290,source,3,41,63,58.666666666666664,4.333333333333333,1576.6666666666667,360.3333333333333,0.9312169312169312,0.813973498537257,
nih,290,empirical,3,41,63,55.0,8.0,1718.6666666666667,218.33333333333334,0.873015873015873,0.887282739631733,
nih,290,guarded,3,41,63,60.0,3.0,1497.6666666666667,439.3333333333333,0.9523809523809522,0.7731887799001892,
nih,290,raw,3,41,63,,,,,,,0.016737025019808144
nih,290,logistic,3,41,63,,,,,,,0.016369015652647083
nih,290,constant,3,41,63,,,,,,,0.030598000000000014
nih,291,source,3,34,68,62.333333333333336,5.666666666666667,1606.0,326.0,0.9166666666666666,0.8312629399585921,
nih,291,empirical,3,34,68,58.0,10.0,1833.6666666666667,98.33333333333333,0.8529411764705883,0.9491028295376122,
nih,291,guarded,3,34,68,63.0,5.0,1590.3333333333333,341.6666666666667,0.926470588235294,0.8231538992408557,
nih,291,raw,3,34,68,,,,,,,0.01677323394250973
nih,291,logistic,3,34,68,,,,,,,0.0162934656102758
nih,291,constant,3,34,68,,,,,,,0.032844000000000005
nih,292,source,3,38,74,66.33333333333333,7.666666666666667,1600.6666666666667,325.3333333333333,0.8963963963963963,0.8310834198684667,
nih,292,empirical,3,38,74,65.0,9.0,1670.0,256.0,0.8783783783783784,0.8670820353063343,
nih,292,guarded,3,38,74,69.0,5.0,1487.3333333333333,438.6666666666667,0.9324324324324325,0.772239529248875,
nih,292,raw,3,38,74,,,,,,,0.020302067147154938
nih,292,logistic,3,38,74,,,,,,,0.020415377772773826
nih,292,constant,3,38,74,,,,,,,0.035632
nih,293,source,3,40,81,74.66666666666667,6.333333333333333,1611.0,308.0,0.9218106995884773,0.8394997394476289,
nih,293,empirical,3,40,81,72.33333333333333,8.666666666666666,1675.0,244.0,0.8930041152263374,0.8728504429390308,
nih,293,guarded,3,40,81,76.66666666666667,4.333333333333333,1486.0,433.0,0.9465020576131687,0.774361646690985,
nih,293,raw,3,40,81,,,,,,,0.019160865246089842
nih,293,logistic,3,40,81,,,,,,,0.018611455380401893
nih,293,constant,3,40,81,,,,,,,0.038860000000000006
nih,294,source,3,42,74,70.0,4.0,1585.3333333333333,340.6666666666667,0.9459459459459459,0.823122187608169,
nih,294,empirical,3,42,74,65.0,9.0,1770.6666666666667,155.33333333333334,0.8783783783783784,0.9193492557978539,
nih,294,guarded,3,42,74,68.0,6.0,1583.6666666666667,342.3333333333333,0.918918918918919,0.8222568362755278,
nih,294,raw,3,42,74,,,,,,,0.01851551658829687
nih,294,logistic,3,42,74,,,,,,,0.01813717116884674
nih,294,constant,3,42,74,,,,,,,0.035656
nih,295,source,3,38,83,74.0,9.0,1614.3333333333333,302.6666666666667,0.891566265060241,0.8421144148843679,
nih,295,empirical,3,38,83,66.66666666666667,16.333333333333332,1818.6666666666667,98.33333333333333,0.8032128514056226,0.9487045731177187,
nih,295,guarded,3,38,83,74.66666666666667,8.333333333333334,1592.0,325.0,0.8995983935742973,0.8304642670839854,
nih,295,raw,3,38,83,,,,,,,0.021764725582839168
nih,295,logistic,3,38,83,,,,,,,0.022335488866518
nih,295,constant,3,38,83,,,,,,,0.03978999999999999
nih,296,source,3,54,61,54.333333333333336,6.666666666666667,1589.6666666666667,349.3333333333333,0.8907103825136612,0.8198384046759498,
nih,296,empirical,3,54,61,52.333333333333336,8.666666666666666,1686.6666666666667,252.33333333333334,0.8579234972677595,0.8698641911638302,
nih,296,guarded,3,54,61,57.0,4.0,1513.6666666666667,425.3333333333333,0.9344262295081966,0.7806429430978167,
nih,296,raw,3,54,61,,,,,,,0.014908496463166469
nih,296,logistic,3,54,61,,,,,,,0.014964951144915169
nih,296,constant,3,54,61,,,,,,,0.030122
nih,297,source,3,43,76,66.66666666666667,9.333333333333334,1611.6666666666667,312.3333333333333,0.8771929824561404,0.8376645876645877,
nih,297,empirical,3,43,76,67.0,9.0,1635.0,289.0,0.8815789473684209,0.8497920997920998,
nih,297,guarded,3,43,76,68.33333333333333,7.666666666666667,1548.0,376.0,0.899122807017544,0.8045738045738045,
nih,297,raw,3,43,76,,,,,,,0.020360300904019444
nih,297,logistic,3,43,76,,,,,,,0.020290971404366098
nih,297,constant,3,43,76,,,,,,,0.03658099999999999
nih,298,source,3,42,76,71.0,5.0,1561.3333333333333,362.6666666666667,0.9342105263157895,0.8115038115038115,
nih,298,empirical,3,42,76,62.333333333333336,13.666666666666666,1787.6666666666667,136.33333333333334,0.8201754385964913,0.9291406791406791,
nih,298,guarded,3,42,76,72.0,4.0,1486.0,438.0,0.9473684210526315,0.7723492723492723,
nih,298,raw,3,42,76,,,,,,,0.019248927343843848
nih,298,logistic,3,42,76,,,,,,,0.018601914910553154
nih,298,constant,3,42,76,,,,,,,0.03657199999999999
nih,299,source,3,48,84,79.0,5.0,1589.6666666666667,326.3333333333333,0.9404761904761904,0.8296798886569241,
nih,299,empirical,3,48,84,71.66666666666667,12.333333333333334,1792.3333333333333,123.66666666666667,0.8531746031746033,0.9354558107167711,
nih,299,guarded,3,48,84,79.33333333333333,4.666666666666667,1571.0,345.0,0.9444444444444443,0.8199373695198329,
nih,299,raw,3,48,84,,,,,,,0.02057854921565666
nih,299,logistic,3,48,84,,,,,,,0.020276449736963242
nih,299,constant,3,48,84,,,,,,,0.04027199999999999
nih,300,source,3,37,65,59.333333333333336,5.666666666666667,1610.0,325.0,0.9128205128205128,0.8320413436692506,
nih,300,empirical,3,37,65,57.0,8.0,1745.3333333333333,189.66666666666666,0.8769230769230769,0.9019810508182601,
nih,300,guarded,3,37,65,60.666666666666664,4.333333333333333,1520.3333333333333,414.6666666666667,0.9333333333333332,0.7857019810508182,
nih,300,raw,3,37,65,,,,,,,0.015286594084384394
nih,300,logistic,3,37,65,,,,,,,0.014515966295875296
nih,300,constant,3,37,65,,,,,,,0.031463999999999985
nih,301,source,3,37,71,61.0,10.0,1585.6666666666667,343.3333333333333,0.8591549295774646,0.8220148608951097,
nih,301,empirical,3,37,71,56.0,15.0,1813.6666666666667,115.33333333333333,0.7887323943661974,0.9402108173492311,
nih,301,guarded,3,37,71,63.333333333333336,7.666666666666667,1515.6666666666667,413.3333333333333,0.892018779342723,0.7857266286504233,
nih,301,raw,3,37,71,,,,,,,0.02065816929826407
nih,301,logistic,3,37,71,,,,,,,0.02053643245160604
nih,301,constant,3,37,71,,,,,,,0.03424199999999998
nih,302,source,3,38,68,61.333333333333336,6.666666666666667,1601.0,331.0,0.9019607843137255,0.8286749482401655,
nih,302,empirical,3,38,68,53.0,15.0,1865.3333333333333,66.66666666666667,0.7794117647058824,0.9654934437543133,
nih,302,guarded,3,38,68,58.333333333333336,9.666666666666666,1815.0,117.0,0.857843137254902,0.9394409937888198,
nih,302,raw,3,38,68,,,,,,,0.01731810782921458
nih,302,logistic,3,38,68,,,,,,,0.01723985471468632
nih,302,constant,3,38,68,,,,,,,0.03286
nih,303,source,3,49,59,55.666666666666664,3.3333333333333335,1583.3333333333333,357.6666666666667,0.943502824858757,0.8157307229950197,
nih,303,empirical,3,49,59,51.666666666666664,7.333333333333333,1793.6666666666667,147.33333333333334,0.8757062146892656,0.9240941095655161,
nih,303,guarded,3,49,59,54.333333333333336,4.666666666666667,1660.6666666666667,280.3333333333333,0.9209039548022598,0.8555727288339344,
nih,303,raw,3,49,59,,,,,,,0.018619439281618275
nih,303,logistic,3,49,59,,,,,,,0.018721658972412
nih,303,constant,3,49,59,,,,,,,0.029009999999999994
nih,304,source,3,51,80,67.33333333333333,12.666666666666666,1582.0,338.0,0.8416666666666667,0.8239583333333332,
nih,304,empirical,3,51,80,59.666666666666664,20.333333333333332,1781.3333333333333,138.66666666666666,0.7458333333333332,0.9277777777777777,
nih,304,guarded,3,51,80,71.66666666666667,8.333333333333334,1503.3333333333333,416.6666666666667,0.8958333333333334,0.7829861111111112,
nih,304,raw,3,51,80,,,,,,,0.025615436020049235
nih,304,logistic,3,51,80,,,,,,,0.025588294426730687
nih,304,constant,3,51,80,,,,,,,0.038520999999999986
nih,305,source,3,52,66,62.0,4.0,1590.0,344.0,0.9393939393939394,0.8221302998965875,
nih,305,empirical,3,52,66,58.666666666666664,7.333333333333333,1815.6666666666667,118.33333333333333,0.8888888888888888,0.9388142019993105,
nih,305,guarded,3,52,66,62.333333333333336,3.6666666666666665,1571.6666666666667,362.3333333333333,0.9444444444444445,0.8126508100654947,
nih,305,raw,3,52,66,,,,,,,0.01501454642469817
nih,305,logistic,3,52,66,,,,,,,0.014450698499251178
nih,305,constant,3,52,66,,,,,,,0.03227200000000001
nih,306,source,3,42,76,71.33333333333333,4.666666666666667,1575.3333333333333,348.6666666666667,0.9385964912280702,0.8187803187803188,
nih,306,empirical,3,42,76,69.33333333333333,6.666666666666667,1705.3333333333333,218.66666666666666,0.912280701754386,0.8863478863478864,
nih,306,guarded,3,42,76,72.0,4.0,1499.6666666666667,424.3333333333333,0.9473684210526315,0.7794525294525295,
nih,306,raw,3,42,76,,,,,,,0.019917144013257816
nih,306,logistic,3,42,76,,,,,,,0.01972888303678086
nih,306,constant,3,42,76,,,,,,,0.036572
nih,307,source,3,34,68,59.666666666666664,8.333333333333334,1577.3333333333333,354.6666666666667,0.8774509803921569,0.8164251207729468,
nih,307,empirical,3,34,68,52.0,16.0,1837.6666666666667,94.33333333333333,0.7647058823529411,0.9511732229123533,
nih,307,guarded,3,34,68,62.666666666666664,5.333333333333333,1440.6666666666667,491.3333333333333,0.9215686274509803,0.7456866804692891,
nih,307,raw,3,34,68,,,,,,,0.01909956480009843
nih,307,logistic,3,34,68,,,,,,,0.01837469177013647
nih,307,constant,3,34,68,,,,,,,0.032844000000000005
nih,308,source,3,39,69,62.333333333333336,6.666666666666667,1606.3333333333333,324.6666666666667,0.9033816425120773,0.8318660452269983,
nih,308,empirical,3,39,69,58.0,11.0,1730.3333333333333,200.66666666666666,0.8405797101449276,0.8960814776454341,
nih,308,guarded,3,39,69,63.666666666666664,5.333333333333333,1536.6666666666667,394.3333333333333,0.9227053140096618,0.795788020024167,
nih,308,raw,3,39,69,,,,,,,0.01874767362792037
nih,308,logistic,3,39,69,,,,,,,0.01833815914503942
nih,308,constant,3,39,69,,,,,,,0.03333
nih,309,source,3,49,85,76.33333333333333,8.666666666666666,1598.0,317.0,0.8980392156862744,0.8344647519582246,
nih,309,empirical,3,49,85,70.0,15.0,1779.3333333333333,135.66666666666666,0.823529411764706,0.9291557876414274,
nih,309,guarded,3,49,85,76.0,9.0,1561.3333333333333,353.6666666666667,0.8941176470588235,0.8153176675369886,
nih,309,raw,3,49,85,,,,,,,0.021062206137945214
nih,309,logistic,3,49,85,,,,,,,0.020743656190513275
nih,309,constant,3,49,85,,,,,,,0.04073599999999999
nih,310,source,3,46,59,54.0,5.0,1583.6666666666667,357.3333333333333,0.9152542372881355,0.8159024557788083,
nih,310,empirical,3,46,59,51.666666666666664,7.333333333333333,1722.3333333333333,218.66666666666666,0.8757062146892656,0.887343293834793,
nih,310,guarded,3,46,59,54.666666666666664,4.333333333333333,1589.3333333333333,351.6666666666667,0.9265536723163841,0.8188219131032114,
nih,310,raw,3,46,59,,,,,,,0.016852148722412114
nih,310,logistic,3,46,59,,,,,,,0.01629549516409326
nih,310,constant,3,46,59,,,,,,,0.028901999999999997
nih,311,source,3,51,72,67.33333333333333,4.666666666666667,1600.0,328.0,0.9351851851851851,0.8298755186721992,
nih,311,empirical,3,51,72,64.66666666666667,7.333333333333333,1816.3333333333333,111.66666666666667,0.898148148148148,0.9420816044260026,
nih,311,guarded,3,51,72,68.33333333333333,3.6666666666666665,1525.0,403.0,0.9490740740740741,0.7909751037344398,
nih,311,raw,3,51,72,,,,,,,0.020031875377634116
nih,311,logistic,3,51,72,,,,,,,0.02000318864229756
nih,311,constant,3,51,72,,,,,,,0.03492899999999999
nih,312,source,3,47,69,65.0,4.0,1576.0,355.0,0.9420289855072465,0.8161574313827034,
nih,312,empirical,3,47,69,65.33333333333333,3.6666666666666665,1556.0,375.0,0.9468599033816426,0.805800103573278,
nih,312,guarded,3,47,69,65.33333333333333,3.6666666666666665,1556.0,375.0,0.9468599033816426,0.805800103573278,
nih,312,raw,3,47,69,,,,,,,0.018149840476022156
nih,312,logistic,3,47,69,,,,,,,0.017628674518886753
nih,312,constant,3,47,69,,,,,,,0.033466
nih,313,source,3,46,77,71.0,6.0,1592.0,331.0,0.9220779220779219,0.8278731149245969,
nih,313,empirical,3,46,77,67.66666666666667,9.333333333333334,1791.0,132.0,0.8787878787878788,0.9313572542901715,
nih,313,guarded,3,46,77,67.66666666666667,9.333333333333334,1687.3333333333333,235.66666666666666,0.8787878787878788,0.8774484312705843,
nih,313,raw,3,46,77,,,,,,,0.021162933513569838
nih,313,logistic,3,46,77,,,,,,,0.020913936133351102
nih,313,constant,3,46,77,,,,,,,0.037073999999999996
nih,314,source,3,54,73,65.33333333333333,7.666666666666667,1602.6666666666667,324.3333333333333,0.8949771689497718,0.8316900190278499,
nih,314,empirical,3,54,73,52.0,21.0,1859.6666666666667,67.33333333333333,0.7123287671232877,0.9650579484518249,
nih,314,guarded,3,54,73,60.333333333333336,12.666666666666666,1692.3333333333333,234.66666666666666,0.8264840182648402,0.8782217609410137,
nih,314,raw,3,54,73,,,,,,,0.020524656268482818
nih,314,logistic,3,54,73,,,,,,,0.020460062340646328
nih,314,constant,3,54,73,,,,,,,0.035474000000000006
nih,315,source,3,50,70,65.0,5.0,1578.3333333333333,351.6666666666667,0.9285714285714285,0.8177892918825562,
nih,315,empirical,3,50,70,60.666666666666664,9.333333333333334,1710.6666666666667,219.33333333333334,0.8666666666666667,0.8863557858376511,
nih,315,guarded,3,50,70,66.66666666666667,3.3333333333333335,1458.0,472.0,0.9523809523809524,0.7554404145077721,
nih,315,raw,3,50,70,,,,,,,0.017532593967850885
nih,315,logistic,3,50,70,,,,,,,0.017110533321146388
nih,315,constant,3,50,70,,,,,,,0.03399999999999999
nih,316,source,3,46,55,53.0,2.0,1601.3333333333333,343.6666666666667,0.9636363636363635,0.8233076263924594,
nih,316,empirical,3,46,55,43.666666666666664,11.333333333333334,1870.6666666666667,74.33333333333333,0.793939393939394,0.9617823479005998,
nih,316,guarded,3,46,55,50.0,5.0,1729.3333333333333,215.66666666666666,0.9090909090909092,0.8891173950299915,
nih,316,raw,3,46,55,,,,,,,0.015453503457927944
nih,316,logistic,3,46,55,,,,,,,0.016564180363247583
nih,316,constant,3,46,55,,,,,,,0.027086
nih,317,source,3,31,67,62.0,5.0,1556.0,377.0,0.9253731343283581,0.8049663735126745,
nih,317,empirical,3,31,67,56.666666666666664,10.333333333333334,1712.3333333333333,220.66666666666666,0.8457711442786069,0.8858423866183825,
nih,317,guarded,3,31,67,63.333333333333336,3.6666666666666665,1425.3333333333333,507.6666666666667,0.9452736318407959,0.7373685118123815,
nih,317,raw,3,31,67,,,,,,,0.01933444280392836
nih,317,logistic,3,31,67,,,,,,,0.01867723282546711
nih,317,constant,3,31,67,,,,,,,0.032384
nih,318,source,3,45,64,57.666666666666664,6.333333333333333,1597.3333333333333,338.6666666666667,0.9010416666666666,0.8250688705234159,
nih,318,empirical,3,45,64,58.0,6.0,1578.0,358.0,0.90625,0.8150826446280992,
nih,318,guarded,3,45,64,58.0,6.0,1521.6666666666667,414.3333333333333,0.90625,0.7859848484848485,
nih,318,raw,3,45,64,,,,,,,0.018417574961008047
nih,318,logistic,3,45,64,,,,,,,0.018438680680054744
nih,318,constant,3,45,64,,,,,,,0.03114500000000001
nih,319,source,3,32,68,61.666666666666664,6.333333333333333,1591.3333333333333,340.6666666666667,0.9068627450980392,0.8236714975845411,
nih,319,empirical,3,32,68,61.666666666666664,6.333333333333333,1612.6666666666667,319.3333333333333,0.9068627450980392,0.8347135955831608,
nih,319,guarded,3,32,68,62.666666666666664,5.333333333333333,1512.3333333333333,419.6666666666667,0.9215686274509803,0.7827812284334024,
nih,319,raw,3,32,68,,,,,,,0.018865000094830286
nih,319,logistic,3,32,68,,,,,,,0.018682792469785204
nih,319,constant,3,32,68,,,,,,,0.032848
nih,320,source,3,39,81,76.66666666666667,4.333333333333333,1577.3333333333333,341.6666666666667,0.9465020576131687,0.8219558797985062,
nih,320,empirical,3,39,81,76.66666666666667,4.333333333333333,1599.3333333333333,319.6666666666667,0.9465020576131687,0.8334201841236756,
nih,320,guarded,3,39,81,77.33333333333333,3.6666666666666665,1509.0,410.0,0.9547325102880659,0.7863470557582074,
nih,320,raw,3,39,81,,,,,,,0.02100447576657106
nih,320,logistic,3,39,81,,,,,,,0.020787669402620317
nih,320,constant,3,39,81,,,,,,,0.038861999999999994
nih,321,source,3,45,76,70.66666666666667,5.333333333333333,1607.6666666666667,316.3333333333333,0.9298245614035089,0.8355855855855855,
nih,321,empirical,3,45,76,64.66666666666667,11.333333333333334,1790.0,134.0,0.850877192982456,0.9303534303534303,
nih,321,guarded,3,45,76,71.0,5.0,1539.3333333333333,384.6666666666667,0.9342105263157895,0.8000693000693001,
nih,321,raw,3,45,76,,,,,,,0.01899559052334246
nih,321,logistic,3,45,76,,,,,,,0.018627738732890232
nih,321,constant,3,45,76,,,,,,,0.036605000000000006
nih,322,source,3,56,66,60.666666666666664,5.333333333333333,1594.3333333333333,339.6666666666667,0.9191919191919192,0.8243709065839365,
nih,322,empirical,3,56,66,58.666666666666664,7.333333333333333,1764.6666666666667,169.33333333333334,0.888888888888889,0.9124439848328163,
nih,322,guarded,3,56,66,62.333333333333336,3.6666666666666665,1524.3333333333333,409.6666666666667,0.9444444444444445,0.788176490865219,
nih,322,raw,3,56,66,,,,,,,0.01786884664569176
nih,322,logistic,3,56,66,,,,,,,0.0175176838365713
nih,322,constant,3,56,66,,,,,,,0.03244
nih,323,source,3,36,50,47.666666666666664,2.3333333333333335,1606.0,344.0,0.9533333333333333,0.8235897435897437,
nih,323,empirical,3,36,50,45.0,5.0,1792.6666666666667,157.33333333333334,0.9,0.9193162393162394,
nih,323,guarded,3,36,50,48.0,2.0,1467.0,483.0,0.96,0.7523076923076922,
nih,323,raw,3,36,50,,,,,,,0.0140586409432408
nih,323,logistic,3,36,50,,,,,,,0.013033512356472285
nih,323,constant,3,36,50,,,,,,,0.024495999999999987
nih,324,source,3,36,65,61.333333333333336,3.6666666666666665,1610.6666666666667,324.3333333333333,0.9435897435897435,0.8323858742463394,
nih,324,empirical,3,36,65,54.0,11.0,1833.3333333333333,101.66666666666667,0.8307692307692308,0.9474590869939709,
nih,324,guarded,3,36,65,55.333333333333336,9.666666666666666,1795.6666666666667,139.33333333333334,0.8512820512820513,0.9279931093884582,
nih,324,raw,3,36,65,,,,,,,0.017363602695300847
nih,324,logistic,3,36,65,,,,,,,0.01700257871080478
nih,324,constant,3,36,65,,,,,,,0.031455999999999984
nih,325,source,3,32,76,62.333333333333336,13.666666666666666,1599.0,325.0,0.8201754385964911,0.831081081081081,
nih,325,empirical,3,32,76,57.333333333333336,18.666666666666668,1761.0,163.0,0.7543859649122807,0.9152806652806653,
nih,325,guarded,3,32,76,65.33333333333333,10.666666666666666,1528.0,396.0,0.8596491228070176,0.7941787941787942,
nih,325,raw,3,32,76,,,,,,,0.023199873299415363
nih,325,logistic,3,32,76,,,,,,,0.022989848798978932
nih,325,constant,3,32,76,,,,,,,0.036592
nih,326,source,3,54,67,62.0,5.0,1618.6666666666667,314.3333333333333,0.9253731343283582,0.837385756164856,
nih,326,empirical,3,54,67,56.0,11.0,1825.6666666666667,107.33333333333333,0.8358208955223881,0.9444731850319021,
nih,326,guarded,3,54,67,59.0,8.0,1699.0,234.0,0.8805970149253731,0.8789446456285567,
nih,326,raw,3,54,67,,,,,,,0.0177985332076694
nih,326,logistic,3,54,67,,,,,,,0.017483278937750864
nih,326,constant,3,54,67,,,,,,,0.032798
nih,327,source,3,42,65,59.0,6.0,1570.3333333333333,364.6666666666667,0.9076923076923077,0.811541774332472,
nih,327,empirical,3,42,65,48.333333333333336,16.666666666666668,1853.3333333333333,81.66666666666667,0.7435897435897436,0.9577950043066323,
nih,327,guarded,3,42,65,55.666666666666664,9.333333333333334,1710.0,225.0,0.8564102564102565,0.883720930232558,
nih,327,raw,3,42,65,,,,,,,0.019076925675877432
nih,327,logistic,3,42,65,,,,,,,0.018500813053408473
nih,327,constant,3,42,65,,,,,,,0.031534
nih,328,source,3,52,78,69.0,9.0,1588.6666666666667,333.3333333333333,0.8846153846153846,0.8265695456122094,
nih,328,empirical,3,52,78,66.33333333333333,11.666666666666666,1687.0,235.0,0.8504273504273504,0.8777315296566077,
nih,328,guarded,3,52,78,69.0,9.0,1512.6666666666667,409.3333333333333,0.8846153846153846,0.7870274020117933,
nih,328,raw,3,52,78,,,,,,,0.021158114505717387
nih,328,logistic,3,52,78,,,,,,,0.020912689840176787
nih,328,constant,3,52,78,,,,,,,0.03764800000000001
nih,329,source,3,39,73,68.33333333333333,4.666666666666667,1584.6666666666667,342.3333333333333,0.9360730593607306,0.8223490745545753,
nih,329,empirical,3,39,73,65.66666666666667,7.333333333333333,1768.0,159.0,0.8995433789954337,0.9174883238194084,
nih,329,guarded,3,39,73,69.33333333333333,3.6666666666666665,1453.3333333333333,473.6666666666667,0.949771689497717,0.7541947759903133,
nih,329,raw,3,39,73,,,,,,,0.017499550357764102
nih,329,logistic,3,39,73,,,,,,,0.016988362418563666
nih,329,constant,3,39,73,,,,,,,0.035174
nih,330,source,3,35,56,51.0,5.0,1609.0,335.0,0.9107142857142857,0.8276748971193415,
nih,330,empirical,3,35,56,47.0,9.0,1800.6666666666667,143.33333333333334,0.8392857142857144,0.9262688614540466,
nih,330,guarded,3,35,56,53.0,3.0,1486.6666666666667,457.3333333333333,0.9464285714285715,0.7647462277091908,
nih,330,raw,3,35,56,,,,,,,0.016731830842275062
nih,330,logistic,3,35,56,,,,,,,0.01650725241453861
nih,330,constant,3,35,56,,,,,,,0.027265
nih,331,source,3,44,71,63.666666666666664,7.333333333333333,1609.6666666666667,319.3333333333333,0.8967136150234741,0.8344565405218595,
nih,331,empirical,3,44,71,59.333333333333336,11.666666666666666,1809.3333333333333,119.66666666666667,0.835680751173709,0.9379644029721791,
nih,331,guarded,3,44,71,66.66666666666667,4.333333333333333,1534.3333333333333,394.6666666666667,0.9389671361502349,0.7954034905823398,
nih,331,raw,3,44,71,,,,,,,0.017546231310949578
nih,331,logistic,3,44,71,,,,,,,0.01700029605134897
nih,331,constant,3,44,71,,,,,,,0.034312
nih,332,source,3,41,61,58.666666666666664,2.3333333333333335,1593.0,346.0,0.9617486338797813,0.8215575038679731,
nih,332,empirical,3,41,61,50.333333333333336,10.666666666666666,1866.3333333333333,72.66666666666667,0.8251366120218578,0.9625236376138903,
nih,332,guarded,3,41,61,59.0,2.0,1462.3333333333333,476.6666666666667,0.9672131147540983,0.7541688155406567,
nih,332,raw,3,41,61,,,,,,,0.01594782646217514
nih,332,logistic,3,41,61,,,,,,,0.015156112596540164
nih,332,constant,3,41,61,,,,,,,0.02968000000000001
nih,333,source,3,36,54,50.0,4.0,1580.6666666666667,365.3333333333333,0.9259259259259259,0.8122644741349777,
nih,333,empirical,3,36,54,50.333333333333336,3.6666666666666665,1598.6666666666667,347.3333333333333,0.9320987654320988,0.8215142171976705,
nih,333,guarded,3,36,54,50.666666666666664,3.3333333333333335,1511.3333333333333,434.6666666666667,0.9382716049382717,0.7766358341897911,
nih,333,raw,3,36,54,,,,,,,0.015399489838332633
nih,333,logistic,3,36,54,,,,,,,0.014642219897068964
nih,333,constant,3,36,54,,,,,,,0.02635199999999999
nih,334,source,3,50,84,75.33333333333333,8.666666666666666,1595.6666666666667,320.3333333333333,0.8968253968253969,0.8328114126652748,
nih,334,empirical,3,50,84,69.66666666666667,14.333333333333334,1803.6666666666667,112.33333333333333,0.8293650793650794,0.9413709116214335,
nih,334,guarded,3,50,84,75.33333333333333,8.666666666666666,1608.6666666666667,307.3333333333333,0.8968253968253969,0.8395963813500348,
nih,334,raw,3,50,84,,,,,,,0.021740654944431826
nih,334,logistic,3,50,84,,,,,,,0.022338613959650155
nih,334,constant,3,50,84,,,,,,,0.04029999999999998
nih,335,source,3,34,72,65.66666666666667,6.333333333333333,1589.3333333333333,338.6666666666667,0.9120370370370371,0.8243430152143846,
nih,335,empirical,3,34,72,60.0,12.0,1816.0,112.0,0.8333333333333334,0.9419087136929459,
nih,335,guarded,3,34,72,62.333333333333336,9.666666666666666,1709.3333333333333,218.66666666666666,0.8657407407407408,0.8865836791147995,
nih,335,raw,3,34,72,,,,,,,0.02062346494857891
nih,335,logistic,3,34,72,,,,,,,0.020766368863796163
nih,335,constant,3,34,72,,,,,,,0.034708
nih,336,source,3,35,75,67.0,8.0,1601.6666666666667,323.3333333333333,0.8933333333333332,0.832034632034632,
nih,336,empirical,3,35,75,68.0,7.0,1583.0,342.0,0.9066666666666666,0.8223376623376623,
nih,336,guarded,3,35,75,69.66666666666667,5.333333333333333,1474.0,451.0,0.9288888888888889,0.7657142857142857,
nih,336,raw,3,35,75,,,,,,,0.020044849626119004
nih,336,logistic,3,35,75,,,,,,,0.01980009032498463
nih,336,constant,3,35,75,,,,,,,0.03610000000000001
nih,337,source,3,42,69,63.333333333333336,5.666666666666667,1594.0,337.0,0.9178743961352658,0.8254790264111859,
nih,337,empirical,3,42,69,55.666666666666664,13.333333333333334,1860.6666666666667,70.33333333333333,0.8067632850241546,0.9635767305368549,
nih,337,guarded,3,42,69,63.0,6.0,1557.3333333333333,373.6666666666667,0.9130434782608696,0.8064905920939064,
nih,337,raw,3,42,69,,,,,,,0.016504501939557586
nih,337,logistic,3,42,69,,,,,,,0.015770710761641656
nih,337,constant,3,42,69,,,,,,,0.033366
nih,338,source,3,51,79,72.0,7.0,1578.6666666666667,342.3333333333333,0.9113924050632911,0.8217942044074267,
nih,338,empirical,3,51,79,67.33333333333333,11.666666666666666,1714.3333333333333,206.66666666666666,0.8523206751054851,0.8924171438486899,
nih,338,guarded,3,51,79,74.0,5.0,1503.6666666666667,417.3333333333333,0.9367088607594937,0.7827520388686448,
nih,338,raw,3,51,79,,,,,,,0.022228226489394654
nih,338,logistic,3,51,79,,,,,,,0.022967181000386246
nih,338,constant,3,51,79,,,,,,,0.03807199999999999
nih,339,source,3,48,71,65.33333333333333,5.666666666666667,1592.3333333333333,336.6666666666667,0.92018779342723,0.8254708830136512,
nih,339,empirical,3,48,71,50.0,21.0,1850.3333333333333,78.66666666666667,0.704225352112676,0.9592189390012097,
nih,339,guarded,3,48,71,57.666666666666664,13.333333333333334,1721.3333333333333,207.66666666666666,0.812206572769953,0.8923449110074304,
nih,339,raw,3,48,71,,,,,,,0.01993777713382244
nih,339,logistic,3,48,71,,,,,,,0.01966325174034863
nih,339,constant,3,48,71,,,,,,,0.034396
nih,340,source,3,48,66,60.333333333333336,5.666666666666667,1614.0,320.0,0.914141414141414,0.8345398138572907,
nih,340,empirical,3,48,66,55.0,11.0,1793.3333333333333,140.66666666666666,0.8333333333333334,0.9272664598414341,
nih,340,guarded,3,48,66,60.666666666666664,5.333333333333333,1580.6666666666667,353.3333333333333,0.9191919191919192,0.8173043778007584,
nih,340,raw,3,48,66,,,,,,,0.018870335118862516
nih,340,logistic,3,48,66,,,,,,,0.018697336078964188
nih,340,constant,3,48,66,,,,,,,0.032136
nih,341,source,3,38,65,61.666666666666664,3.3333333333333335,1608.0,327.0,0.9487179487179486,0.8310077519379845,
nih,341,empirical,3,38,65,58.0,7.0,1734.6666666666667,200.33333333333334,0.8923076923076924,0.8964685615848406,
nih,341,guarded,3,38,65,62.0,3.0,1535.6666666666667,399.3333333333333,0.9538461538461539,0.7936261843238587,
nih,341,raw,3,38,65,,,,,,,0.01708685129062143
nih,341,logistic,3,38,65,,,,,,,0.016926187735269948
nih,341,constant,3,38,65,,,,,,,0.031474
nih,342,source,3,35,66,59.333333333333336,6.666666666666667,1590.3333333333333,343.6666666666667,0.8989898989898989,0.8223026542571527,
nih,342,empirical,3,35,66,59.666666666666664,6.333333333333333,1569.6666666666667,364.3333333333333,0.904040404040404,0.8116166839021028,
nih,342,guarded,3,35,66,61.0,5.0,1465.0,469.0,0.9242424242424243,0.7574974146845915,
nih,342,raw,3,35,66,,,,,,,0.0171207736664758
nih,342,logistic,3,35,66,,,,,,,0.016733619608851745
nih,342,constant,3,35,66,,,,,,,0.031915
nih,343,source,3,44,69,61.666666666666664,7.333333333333333,1598.6666666666667,332.3333333333333,0.893719806763285,0.8278957362333852,
nih,343,empirical,3,44,69,54.333333333333336,14.666666666666666,1822.0,109.0,0.78743961352657,0.9435525634386329,
nih,343,guarded,3,44,69,64.33333333333333,4.666666666666667,1509.3333333333333,421.6666666666667,0.9323671497584541,0.781633005351286,
nih,343,raw,3,44,69,,,,,,,0.020272237130206254
nih,343,logistic,3,44,69,,,,,,,0.020153066050101653
nih,343,constant,3,44,69,,,,,,,0.033400000000000006
nih,344,source,3,37,56,51.333333333333336,4.666666666666667,1605.0,339.0,0.9166666666666666,0.8256172839506172,
nih,344,empirical,3,37,56,44.333333333333336,11.666666666666666,1856.0,88.0,0.7916666666666666,0.9547325102880659,
nih,344,guarded,3,37,56,50.333333333333336,5.666666666666667,1610.3333333333333,333.6666666666667,0.8988095238095238,0.828360768175583,
nih,344,raw,3,37,56,,,,,,,0.01655322266319455
nih,344,logistic,3,37,56,,,,,,,0.01612428056115608
nih,344,constant,3,37,56,,,,,,,0.02729699999999999
nih,345,source,3,49,76,66.66666666666667,9.333333333333334,1598.3333333333333,325.6666666666667,0.8771929824561404,0.8307345807345806,
nih,345,empirical,3,49,76,61.666666666666664,14.333333333333334,1798.3333333333333,125.66666666666667,0.8114035087719298,0.9346846846846848,
nih,345,guarded,3,49,76,66.66666666666667,9.333333333333334,1586.0,338.0,0.8771929824561404,0.8243243243243245,
nih,345,raw,3,49,76,,,,,,,0.020093950220054124
nih,345,logistic,3,49,76,,,,,,,0.01952507374672238
nih,345,constant,3,49,76,,,,,,,0.036676999999999994
nih,346,source,3,44,71,65.33333333333333,5.666666666666667,1608.0,321.0,0.9201877934272301,0.8335925349922241,
nih,346,empirical,3,44,71,62.333333333333336,8.666666666666666,1822.6666666666667,106.33333333333333,0.8779342723004695,0.944876447209262,
nih,346,guarded,3,44,71,66.66666666666667,4.333333333333333,1469.3333333333333,459.6666666666667,0.9389671361502349,0.7617072749265595,
nih,346,raw,3,44,71,,,,,,,0.017653369599192576
nih,346,logistic,3,44,71,,,,,,,0.01723538406068253
nih,346,constant,3,44,71,,,,,,,0.034312
nih,347,source,3,55,79,71.33333333333333,7.666666666666667,1574.6666666666667,346.3333333333333,0.9029535864978904,0.8197119555786916,
nih,347,empirical,3,55,79,64.66666666666667,14.333333333333334,1790.0,131.0,0.8185654008438817,0.9318063508589276,
nih,347,guarded,3,55,79,70.66666666666667,8.333333333333334,1569.6666666666667,351.3333333333333,0.8945147679324895,0.8171091445427728,
nih,347,raw,3,55,79,,,,,,,0.021694972554579233
nih,347,logistic,3,55,79,,,,,,,0.021461355450162745
nih,347,constant,3,55,79,,,,,,,0.038180000000000006
nih,348,source,3,43,65,59.333333333333336,5.666666666666667,1609.0,326.0,0.9128205128205128,0.8315245478036175,
nih,348,empirical,3,43,65,51.666666666666664,13.333333333333334,1826.0,109.0,0.7948717948717948,0.9436692506459948,
nih,348,guarded,3,43,65,54.666666666666664,10.333333333333334,1655.6666666666667,279.3333333333333,0.841025641025641,0.8556416881998278,
nih,348,raw,3,43,65,,,,,,,0.0178533286076078
nih,348,logistic,3,43,65,,,,,,,0.017231244374730777
nih,348,constant,3,43,65,,,,,,,0.03155399999999999
nih,349,source,3,38,59,54.666666666666664,4.333333333333333,1590.0,351.0,0.9265536723163841,0.8191653786707883,
nih,349,empirical,3,38,59,48.333333333333336,10.666666666666666,1855.0,86.0,0.8192090395480226,0.9556929417825862,
nih,349,guarded,3,38,59,55.333333333333336,3.6666666666666665,1573.3333333333333,367.6666666666667,0.9378531073446327,0.8105787394813669,
nih,349,raw,3,38,59,,,,,,,0.016603883752047955
nih,349,logistic,3,38,59,,,,,,,0.015900638403454233
nih,349,constant,3,38,59,,,,,,,0.028701999999999995
nih,350,source,3,40,75,65.33333333333333,9.666666666666666,1572.6666666666667,352.3333333333333,0.8711111111111111,0.816969696969697,
nih,350,empirical,3,40,75,58.333333333333336,16.666666666666668,1818.3333333333333,106.66666666666667,0.7777777777777778,0.9445887445887445,
nih,350,guarded,3,40,75,68.66666666666667,6.333333333333333,1505.6666666666667,419.3333333333333,0.9155555555555556,0.7821645021645022,
nih,350,raw,3,40,75,,,,,,,0.02150085729883391
nih,350,logistic,3,40,75,,,,,,,0.021179603932323366
nih,350,constant,3,40,75,,,,,,,0.03610000000000001
nih,351,source,3,46,61,55.0,6.0,1581.0,358.0,0.9016393442622951,0.8153687467766891,
nih,351,empirical,3,46,61,51.333333333333336,9.666666666666666,1705.0,234.0,0.8415300546448088,0.8793192367199588,
nih,351,guarded,3,46,61,55.0,6.0,1545.3333333333333,393.6666666666667,0.9016393442622951,0.7969743854220388,
nih,351,raw,3,46,61,,,,,,,0.01812304591726514
nih,351,logistic,3,46,61,,,,,,,0.017667226997236978
nih,351,constant,3,46,61,,,,,,,0.029810000000000003
nih,352,source,3,33,63,56.666666666666664,6.333333333333333,1614.0,323.0,0.8994708994708994,0.8332472896231286,
nih,352,empirical,3,33,63,52.333333333333336,10.666666666666666,1758.6666666666667,178.33333333333334,0.8306878306878307,0.907933230080881,
nih,352,guarded,3,33,63,58.0,5.0,1493.3333333333333,443.6666666666667,0.9206349206349206,0.770951643434865,
nih,352,raw,3,33,63,,,,,,,0.017708517334694796
nih,352,logistic,3,33,63,,,,,,,0.017397726207548436
nih,352,constant,3,33,63,,,,,,,0.03051
nih,353,source,3,40,68,63.0,5.0,1621.6666666666667,310.3333333333333,0.926470588235294,0.8393719806763285,
nih,353,empirical,3,40,68,60.0,8.0,1708.3333333333333,223.66666666666666,0.8823529411764707,0.8842305037957212,
nih,353,guarded,3,40,68,64.66666666666667,3.3333333333333335,1485.0,447.0,0.9509803921568628,0.7686335403726708,
nih,353,raw,3,40,68,,,,,,,0.0174201211678791
nih,353,logistic,3,40,68,,,,,,,0.01744315784112495
nih,353,constant,3,40,68,,,,,,,0.032880000000000006
nih,354,source,3,42,63,57.0,6.0,1570.0,367.0,0.9047619047619048,0.8105317501290656,
nih,354,empirical,3,42,63,50.666666666666664,12.333333333333334,1857.0,80.0,0.8042328042328043,0.9586990191017036,
nih,354,guarded,3,42,63,59.0,4.0,1442.6666666666667,494.3333333333333,0.9365079365079364,0.7447943555326105,
nih,354,raw,3,42,63,,,,,,,0.017765349483276602
nih,354,logistic,3,42,63,,,,,,,0.017187876038004323
nih,354,constant,3,42,63,,,,,,,0.030617999999999996
nih,355,source,3,56,71,62.666666666666664,8.333333333333334,1590.6666666666667,338.3333333333333,0.8826291079812206,0.824606877484016,
nih,355,empirical,3,56,71,56.333333333333336,14.666666666666666,1768.3333333333333,160.66666666666666,0.7934272300469484,0.9167098669431484,
nih,355,guarded,3,56,71,65.0,6.0,1466.3333333333333,462.6666666666667,0.9154929577464789,0.7601520649732159,
nih,355,raw,3,56,71,,,,,,,0.01996038292741363
nih,355,logistic,3,56,71,,,,,,,0.019860157640959553
nih,355,constant,3,56,71,,,,,,,0.03466
nih,356,source,3,43,77,69.33333333333333,7.666666666666667,1588.0,335.0,0.9004329004329005,0.8257930317212688,
nih,356,empirical,3,43,77,66.66666666666667,10.333333333333334,1755.6666666666667,167.33333333333334,0.8658008658008658,0.9129831859941064,
nih,356,guarded,3,43,77,69.66666666666667,7.333333333333333,1550.0,373.0,0.9047619047619048,0.8060322412896516,
nih,356,raw,3,43,77,,,,,,,0.019991226337682137
nih,356,logistic,3,43,77,,,,,,,0.019556100545665315
nih,356,constant,3,43,77,,,,,,,0.037037999999999995
nih,357,source,3,28,82,73.33333333333333,8.666666666666666,1598.6666666666667,319.3333333333333,0.894308943089431,0.8335071254779284,
nih,357,empirical,3,28,82,66.66666666666667,15.333333333333334,1818.3333333333333,99.66666666666667,0.8130081300813009,0.9480361487660757,
nih,357,guarded,0,28,82,,,,,,,
nih,357,raw,3,28,82,,,,,,,0.019668961432583825
nih,357,logistic,3,28,82,,,,,,,0.02092330757414482
nih,357,constant,3,28,82,,,,,,,0.039487999999999995
nih,358,source,3,43,67,61.666666666666664,5.333333333333333,1592.6666666666667,340.3333333333333,0.9203980099502488,0.8239351612346956,
nih,358,empirical,3,43,67,56.666666666666664,10.333333333333334,1816.6666666666667,116.33333333333333,0.845771144278607,0.9398172098637696,
nih,358,guarded,3,43,67,64.0,3.0,1519.6666666666667,413.3333333333333,0.955223880597015,0.7861700293153993,
nih,358,raw,3,43,67,,,,,,,0.018963709569827052
nih,358,logistic,3,43,67,,,,,,,0.01856705782716366
nih,358,constant,3,43,67,,,,,,,0.03246799999999999
nih,359,source,3,39,71,64.66666666666667,6.333333333333333,1593.3333333333333,335.6666666666667,0.9107981220657276,0.8259892863314325,
nih,359,empirical,3,39,71,58.333333333333336,12.666666666666666,1737.3333333333333,191.66666666666666,0.8215962441314554,0.9006393640919302,
nih,359,guarded,3,39,71,66.33333333333333,4.666666666666667,1474.6666666666667,454.3333333333333,0.9342723004694836,0.7644720926213927,
nih,359,raw,3,39,71,,,,,,,0.020391225436171057
nih,359,logistic,3,39,71,,,,,,,0.020117863015265938
nih,359,constant,3,39,71,,,,,,,0.034252
nih,360,source,3,48,58,50.0,8.0,1632.6666666666667,309.3333333333333,0.8620689655172414,0.8407140405080673,
nih,360,empirical,3,48,58,46.333333333333336,11.666666666666666,1742.6666666666667,199.33333333333334,0.7988505747126436,0.897356676965328,
nih,360,guarded,3,48,58,51.333333333333336,6.666666666666667,1604.6666666666667,337.3333333333333,0.8850574712643677,0.826295914864401,
nih,360,raw,3,48,58,,,,,,,0.017179020163274036
nih,360,logistic,3,48,58,,,,,,,0.016812264197869242
nih,360,constant,3,48,58,,,,,,,0.02852
nih,361,source,3,47,59,56.333333333333336,2.6666666666666665,1610.0,331.0,0.9548022598870056,0.8294693456980938,
nih,361,empirical,3,47,59,54.666666666666664,4.333333333333333,1715.3333333333333,225.66666666666666,0.9265536723163842,0.8837369053752361,
nih,361,guarded,3,47,59,56.333333333333336,2.6666666666666665,1584.6666666666667,356.3333333333333,0.9548022598870056,0.8164176541301734,
nih,361,raw,3,47,59,,,,,,,0.013272428335974853
nih,361,logistic,3,47,59,,,,,,,0.012739145034258029
nih,361,constant,3,47,59,,,,,,,0.028936
nih,362,source,3,38,64,61.666666666666664,2.3333333333333335,1591.6666666666667,344.3333333333333,0.9635416666666666,0.822141873278237,
nih,362,empirical,3,38,64,62.0,2.0,1576.3333333333333,359.6666666666667,0.96875,0.8142217630853995,
nih,362,guarded,3,38,64,62.0,2.0,1564.3333333333333,371.6666666666667,0.96875,0.8080234159779615,
nih,362,raw,3,38,64,,,,,,,0.018074314831004506
nih,362,logistic,3,38,64,,,,,,,0.0178609215438468
nih,362,constant,3,38,64,,,,,,,0.031012
nih,363,source,3,44,72,67.0,5.0,1580.0,348.0,0.9305555555555557,0.8195020746887968,
nih,363,empirical,3,44,72,63.666666666666664,8.333333333333334,1770.6666666666667,157.33333333333334,0.8842592592592592,0.9183955739972337,
nih,363,guarded,3,44,72,68.33333333333333,3.6666666666666665,1463.0,465.0,0.9490740740740741,0.7588174273858921,
nih,363,raw,3,44,72,,,,,,,0.0177090728522599
nih,363,logistic,3,44,72,,,,,,,0.017271868758836375
nih,363,constant,3,44,72,,,,,,,0.03476800000000001
nih,364,source,3,42,71,67.0,4.0,1592.3333333333333,336.6666666666667,0.943661971830986,0.8254708830136513,
nih,364,empirical,3,42,71,63.0,8.0,1780.0,149.0,0.8873239436619716,0.9227579056505961,
nih,364,guarded,3,42,71,68.0,3.0,1503.0,426.0,0.9577464788732395,0.7791601866251945,
nih,364,raw,3,42,71,,,,,,,0.017668948756027716
nih,364,logistic,3,42,71,,,,,,,0.017369156925047948
nih,364,constant,3,42,71,,,,,,,0.03428199999999999
nih,365,source,3,37,79,71.66666666666667,7.333333333333333,1578.3333333333333,342.6666666666667,0.9071729957805909,0.8216206836716987,
nih,365,empirical,3,37,79,67.0,12.0,1758.0,163.0,0.8481012658227848,0.9151483602290473,
nih,365,guarded,3,37,79,72.0,7.0,1543.6666666666667,377.3333333333333,0.9113924050632912,0.8035745271559951,
nih,365,raw,3,37,79,,,,,,,0.02180525964706639
nih,365,logistic,3,37,79,,,,,,,0.021946388399898802
nih,365,constant,3,37,79,,,,,,,0.03794599999999999
nih,366,source,3,33,91,79.33333333333333,11.666666666666666,1615.0,294.0,0.8717948717948718,0.8459926663174437,
nih,366,empirical,3,33,91,74.0,17.0,1743.6666666666667,165.33333333333334,0.8131868131868133,0.9133927012397415,
nih,366,guarded,3,33,91,83.0,8.0,1495.3333333333333,413.6666666666667,0.9120879120879121,0.7833071416099179,
nih,366,raw,3,33,91,,,,,,,0.02278864773554126
nih,366,logistic,3,33,91,,,,,,,0.02304744793272813
nih,366,constant,3,33,91,,,,,,,0.04358599999999999
nih,367,source,3,41,66,59.666666666666664,6.333333333333333,1621.3333333333333,312.6666666666667,0.904040404040404,0.8383316097897276,
nih,367,empirical,3,41,66,54.333333333333336,11.666666666666666,1843.0,91.0,0.8232323232323232,0.9529472595656671,
nih,367,guarded,3,41,66,58.0,8.0,1693.3333333333333,240.66666666666666,0.8787878787878788,0.8755601516718373,
nih,367,raw,3,41,66,,,,,,,0.01733938541803595
nih,367,logistic,3,41,66,,,,,,,0.016753932464986892
nih,367,constant,3,41,66,,,,,,,0.03197500000000001
nih,368,source,3,36,58,57.0,1.0,1617.6666666666667,324.3333333333333,0.9827586206896551,0.8329900446275317,
nih,368,empirical,3,36,58,53.333333333333336,4.666666666666667,1872.3333333333333,69.66666666666667,0.9195402298850576,0.964126330243735,
nih,368,guarded,3,36,58,57.333333333333336,0.6666666666666666,1594.0,348.0,0.9885057471264368,0.8208032955715757,
nih,368,raw,3,36,58,,,,,,,0.012557402512599939
nih,368,logistic,3,36,58,,,,,,,0.011942540766050556
nih,368,constant,3,36,58,,,,,,,0.028207999999999993
nih,369,source,3,47,81,76.33333333333333,4.666666666666667,1567.3333333333333,351.6666666666667,0.9423868312757202,0.8167448323779746,
nih,369,empirical,3,47,81,69.66666666666667,11.333333333333334,1827.3333333333333,91.66666666666667,0.8600823045267489,0.9522320653117943,
nih,369,guarded,3,47,81,73.0,8.0,1776.0,143.0,0.9012345679012346,0.9254820218863992,
nih,369,raw,3,47,81,,,,,,,0.019308066886173116
nih,369,logistic,3,47,81,,,,,,,0.019385768395006636
nih,369,constant,3,47,81,,,,,,,0.038902
nih,370,source,3,40,69,65.66666666666667,3.3333333333333335,1602.6666666666667,328.3333333333333,0.9516908212560388,0.8299672017952702,
nih,370,empirical,3,40,69,66.0,3.0,1587.0,344.0,0.9565217391304349,0.821853961677887,
nih,370,guarded,3,40,69,66.66666666666667,2.3333333333333335,1471.3333333333333,459.6666666666667,0.9661835748792272,0.7619540825133782,
nih,370,raw,3,40,69,,,,,,,0.015591466728357858
nih,370,logistic,3,40,69,,,,,,,0.015134299948904847
nih,370,constant,3,40,69,,,,,,,0.03334000000000001
nih,371,source,3,35,63,60.0,3.0,1589.6666666666667,347.3333333333333,0.9523809523809524,0.82068490793323,
nih,371,empirical,3,35,63,55.333333333333336,7.666666666666667,1805.6666666666667,131.33333333333334,0.8783068783068783,0.9321975563586302,
nih,371,guarded,3,35,63,60.333333333333336,2.6666666666666665,1504.3333333333333,432.6666666666667,0.9576719576719577,0.7766305283083806,
nih,371,raw,3,35,63,,,,,,,0.01538627578292453
nih,371,logistic,3,35,63,,,,,,,0.014984176980862067
nih,371,constant,3,35,63,,,,,,,0.030520000000000002
nih,372,source,3,39,70,64.33333333333333,5.666666666666667,1607.3333333333333,322.6666666666667,0.919047619047619,0.8328151986183076,
nih,372,empirical,3,39,70,61.666666666666664,8.333333333333334,1746.6666666666667,183.33333333333334,0.8809523809523809,0.9050086355785837,
nih,372,guarded,3,39,70,65.66666666666667,4.333333333333333,1486.3333333333333,443.6666666666667,0.938095238095238,0.7701208981001727,
nih,372,raw,3,39,70,,,,,,,0.01717050114341444
nih,372,logistic,3,39,70,,,,,,,0.016839719783830486
nih,372,constant,3,39,70,,,,,,,0.033791
nih,373,source,3,43,69,65.66666666666667,3.3333333333333335,1586.0,345.0,0.9516908212560388,0.8213360952874158,
nih,373,empirical,3,43,69,61.666666666666664,7.333333333333333,1761.6666666666667,169.33333333333334,0.8937198067632851,0.9123079578802002,
nih,373,guarded,3,43,69,64.33333333333333,4.666666666666667,1582.6666666666667,348.3333333333333,0.9323671497584541,0.819609873985845,
nih,373,raw,3,43,69,,,,,,,0.017653715873639394
nih,373,logistic,3,43,69,,,,,,,0.017254740380215055
nih,373,constant,3,43,69,,,,,,,0.03338199999999999
nih,374,source,3,40,77,73.66666666666667,3.3333333333333335,1609.6666666666667,313.3333333333333,0.9567099567099566,0.8370601490726296,
nih,374,empirical,3,40,77,67.33333333333333,9.666666666666666,1822.6666666666667,100.33333333333333,0.8744588744588745,0.9478245796498527,
nih,374,guarded,3,40,77,73.66666666666667,3.3333333333333335,1489.3333333333333,433.6666666666667,0.9567099567099566,0.7744843127058415,
nih,374,raw,3,40,77,,,,,,,0.017066669601343006
nih,374,logistic,3,40,77,,,,,,,0.016347668375938193
nih,374,constant,3,40,77,,,,,,,0.03702000000000001
nih,375,source,3,52,64,53.333333333333336,10.666666666666666,1584.3333333333333,351.6666666666667,0.8333333333333334,0.8183539944903582,
nih,375,empirical,3,52,64,47.333333333333336,16.666666666666668,1814.6666666666667,121.33333333333333,0.7395833333333334,0.9373278236914601,
nih,375,guarded,3,52,64,57.0,7.0,1453.6666666666667,482.3333333333333,0.890625,0.7508608815426997,
nih,375,raw,3,52,64,,,,,,,0.020663519510875545
nih,375,logistic,3,52,64,,,,,,,0.020566986742431636
nih,375,constant,3,52,64,,,,,,,0.03137600000000001
nih,376,source,3,39,63,57.333333333333336,5.666666666666667,1588.6666666666667,348.3333333333333,0.9100529100529101,0.8201686456720013,
nih,376,empirical,3,39,63,53.0,10.0,1819.6666666666667,117.33333333333333,0.8412698412698413,0.9394252280158321,
nih,376,guarded,3,39,63,59.333333333333336,3.6666666666666665,1468.0,469.0,0.9417989417989417,0.7578729994837378,
nih,376,raw,3,39,63,,,,,,,0.01612987225794683
nih,376,logistic,3,39,63,,,,,,,0.01519288309899045
nih,376,constant,3,39,63,,,,,,,0.030563999999999997
nih,377,source,3,35,68,62.333333333333336,5.666666666666667,1602.3333333333333,329.6666666666667,0.9166666666666666,0.8293650793650794,
nih,377,empirical,3,35,68,59.666666666666664,8.333333333333334,1684.6666666666667,247.33333333333334,0.8774509803921569,0.8719806763285024,
nih,377,guarded,3,35,68,64.33333333333333,3.6666666666666665,1467.3333333333333,464.6666666666667,0.9460784313725491,0.7594893029675639,
nih,377,raw,3,35,68,,,,,,,0.01683605585194028
nih,377,logistic,3,35,68,,,,,,,0.01652903264363438
nih,377,constant,3,35,68,,,,,,,0.03284500000000001
nih,378,source,3,41,78,70.0,8.0,1589.0,333.0,0.8974358974358974,0.8267429760665973,
nih,378,empirical,3,41,78,69.66666666666667,8.333333333333334,1605.6666666666667,316.3333333333333,0.8931623931623931,0.8354144987859868,
nih,378,guarded,3,41,78,70.66666666666667,7.333333333333333,1517.3333333333333,404.6666666666667,0.905982905982906,0.7894554283732225,
nih,378,raw,3,41,78,,,,,,,0.020505642681568986
nih,378,logistic,3,41,78,,,,,,,0.020898154996958917
nih,378,constant,3,41,78,,,,,,,0.03748300000000001
nih,379,source,3,45,67,58.666666666666664,8.333333333333334,1612.6666666666667,320.3333333333333,0.8756218905472638,0.8342817727194344,
nih,379,empirical,3,45,67,53.333333333333336,13.666666666666666,1783.6666666666667,149.33333333333334,0.7960199004975124,0.9227453009139507,
nih,379,guarded,3,45,67,59.0,8.0,1535.6666666666667,397.3333333333333,0.8805970149253731,0.7944473185031903,
nih,379,raw,3,45,67,,,,,,,0.019378255728176808
nih,379,logistic,3,45,67,,,,,,,0.0191739315509102
nih,379,constant,3,45,67,,,,,,,0.032510000000000004
nih,380,source,3,45,65,58.333333333333336,6.666666666666667,1605.6666666666667,329.3333333333333,0.8974358974358974,0.829801894918174,
nih,380,empirical,3,45,65,52.333333333333336,12.666666666666666,1832.0,103.0,0.805128205128205,0.9467700258397933,
nih,380,guarded,3,45,65,59.0,6.0,1572.0,363.0,0.9076923076923077,0.8124031007751938,
nih,380,raw,3,45,65,,,,,,,0.01877197980509186
nih,380,logistic,3,45,65,,,,,,,0.020445024730738254
nih,380,constant,3,45,65,,,,,,,0.03160000000000001
nih,381,source,3,34,67,59.333333333333336,7.666666666666667,1609.3333333333333,323.6666666666667,0.8855721393034827,0.8325573374719779,
nih,381,empirical,3,34,67,56.666666666666664,10.333333333333334,1702.0,231.0,0.8457711442786069,0.8804966373512674,
nih,381,guarded,3,34,67,60.666666666666664,6.333333333333333,1476.0,457.0,0.9054726368159205,0.7635799275737196,
nih,381,raw,3,34,67,,,,,,,0.018985537431830356
nih,381,logistic,3,34,67,,,,,,,0.018468548144720372
nih,381,constant,3,34,67,,,,,,,0.032378
nih,382,source,3,47,76,65.33333333333333,10.666666666666666,1571.0,353.0,0.8596491228070176,0.8165280665280665,
nih,382,empirical,3,47,76,62.333333333333336,13.666666666666666,1676.6666666666667,247.33333333333334,0.8201754385964911,0.8714483714483715,
nih,382,guarded,3,47,76,66.33333333333333,9.666666666666666,1503.0,421.0,0.8728070175438596,0.7811850311850312,
nih,382,raw,3,47,76,,,,,,,0.02156941894455335
nih,382,logistic,3,47,76,,,,,,,0.021249133049972693
nih,382,constant,3,47,76,,,,,,,0.036637
nih,383,source,3,43,76,70.66666666666667,5.333333333333333,1573.0,351.0,0.9298245614035089,0.8175675675675675,
nih,383,empirical,3,43,76,58.333333333333336,17.666666666666668,1844.6666666666667,79.33333333333333,0.7675438596491228,0.9587664587664588,
nih,383,guarded,3,43,76,72.0,4.0,1447.0,477.0,0.9473684210526315,0.752079002079002,
nih,383,raw,3,43,76,,,,,,,0.021054539433106825
nih,383,logistic,3,43,76,,,,,,,0.021016516609508085
nih,383,constant,3,43,76,,,,,,,0.036580999999999995
nih,384,source,3,49,68,63.333333333333336,4.666666666666667,1613.6666666666667,318.3333333333333,0.9313725490196078,0.8352311939268461,
nih,384,empirical,3,49,68,59.333333333333336,8.666666666666666,1694.6666666666667,237.33333333333334,0.8725490196078431,0.8771566597653555,
nih,384,guarded,3,49,68,64.0,4.0,1571.3333333333333,360.6666666666667,0.9411764705882352,0.8133195307108352,
nih,384,raw,3,49,68,,,,,,,0.01907504791105295
nih,384,logistic,3,49,68,,,,,,,0.018873773173799815
nih,384,constant,3,49,68,,,,,,,0.033068999999999994
nih,385,source,3,50,67,61.666666666666664,5.333333333333333,1595.6666666666667,337.3333333333333,0.9203980099502488,0.8254871529574065,
nih,385,empirical,3,50,67,57.0,10.0,1757.6666666666667,175.33333333333334,0.8507462686567164,0.9092947059837903,
nih,385,guarded,3,50,67,58.666666666666664,8.333333333333334,1681.3333333333333,251.66666666666666,0.8756218905472637,0.8698051388170374,
nih,385,raw,3,50,67,,,,,,,0.019184837677836537
nih,385,logistic,3,50,67,,,,,,,0.019040633149793224
nih,385,constant,3,50,67,,,,,,,0.03264999999999999
nih,386,source,3,40,46,41.0,5.0,1615.6666666666667,338.3333333333333,0.8913043478260869,0.826850904128284,
nih,386,empirical,3,40,46,37.0,9.0,1791.0,163.0,0.8043478260869565,0.9165813715455476,
nih,386,guarded,3,40,46,42.333333333333336,3.6666666666666665,1471.3333333333333,482.6666666666667,0.9202898550724639,0.7529853292391676,
nih,386,raw,3,40,46,,,,,,,0.015091671526797218
nih,386,logistic,3,40,46,,,,,,,0.015066053032247872
nih,386,constant,3,40,46,,,,,,,0.022760000000000006
nih,387,source,3,40,65,60.0,5.0,1611.3333333333333,323.6666666666667,0.923076923076923,0.832730404823428,
nih,387,empirical,3,40,65,53.333333333333336,11.666666666666666,1796.3333333333333,138.66666666666666,0.8205128205128206,0.9283376399655469,
nih,387,guarded,3,40,65,62.0,3.0,1482.6666666666667,452.3333333333333,0.9538461538461539,0.7662360034453058,
nih,387,raw,3,40,65,,,,,,,0.01770319500751152
nih,387,logistic,3,40,65,,,,,,,0.01733525141986952
nih,387,constant,3,40,65,,,,,,,0.03150000000000001
nih,388,source,3,37,71,66.66666666666667,4.333333333333333,1594.0,335.0,0.9389671361502349,0.8263348885432867,
nih,388,empirical,3,37,71,61.666666666666664,9.333333333333334,1803.6666666666667,125.33333333333333,0.868544600938967,0.9350267841714187,
nih,388,guarded,3,37,71,67.0,4.0,1558.3333333333333,370.6666666666667,0.943661971830986,0.8078451702090893,
nih,388,raw,3,37,71,,,,,,,0.01832273093575457
nih,388,logistic,3,37,71,,,,,,,0.017787937501359933
nih,388,constant,3,37,71,,,,,,,0.03424199999999999
nih,389,source,3,48,52,49.666666666666664,2.3333333333333335,1593.6666666666667,354.3333333333333,0.9551282051282052,0.8181040383299111,
nih,389,empirical,3,48,52,43.333333333333336,8.666666666666666,1827.0,121.0,0.8333333333333334,0.9378850102669404,
nih,389,guarded,3,48,52,45.666666666666664,6.333333333333333,1771.3333333333333,176.66666666666666,0.8782051282051282,0.909308692676249,
nih,389,raw,3,48,52,,,,,,,0.01557893211875422
nih,389,logistic,3,48,52,,,,,,,0.016586413663808825
nih,389,constant,3,48,52,,,,,,,0.025807999999999998
nih,390,source,3,36,61,55.333333333333336,5.666666666666667,1604.0,335.0,0.907103825136612,0.8272305312016504,
nih,390,empirical,3,36,61,55.333333333333336,5.666666666666667,1617.6666666666667,321.3333333333333,0.907103825136612,0.8342788378889462,
nih,390,guarded,3,36,61,56.666666666666664,4.333333333333333,1533.6666666666667,405.3333333333333,0.9289617486338798,0.7909575382499571,
nih,390,raw,3,36,61,,,,,,,0.01906597080975836
nih,390,logistic,3,36,61,,,,,,,0.018906315584265282
nih,390,constant,3,36,61,,,,,,,0.029599999999999998
nih,391,source,3,38,76,70.33333333333333,5.666666666666667,1581.6666666666667,342.3333333333333,0.9254385964912281,0.8220720720720721,
nih,391,empirical,3,38,76,68.0,8.0,1671.6666666666667,252.33333333333334,0.8947368421052632,0.868849618849619,
nih,391,guarded,3,38,76,72.0,4.0,1445.3333333333333,478.6666666666667,0.9473684210526315,0.7512127512127512,
nih,391,raw,3,38,76,,,,,,,0.01884931809433459
nih,391,logistic,3,38,76,,,,,,,0.018377587366102042
nih,391,constant,3,38,76,,,,,,,0.036556
nih,392,source,3,49,79,73.0,6.0,1580.3333333333333,340.6666666666667,0.9240506329113924,0.8226618080860663,
nih,392,empirical,3,49,79,67.0,12.0,1701.0,220.0,0.8481012658227849,0.8854763144195731,
nih,392,guarded,3,49,79,71.0,8.0,1570.6666666666667,350.3333333333333,0.8987341772151899,0.8176297067499566,
nih,392,raw,3,49,79,,,,,,,0.020851924806708704
nih,392,logistic,3,49,79,,,,,,,0.020558183548370274
nih,392,constant,3,49,79,,,,,,,0.03803
nih,393,source,3,46,53,51.333333333333336,1.6666666666666667,1588.3333333333333,358.6666666666667,0.9685534591194968,0.8157849683273413,
nih,393,empirical,3,46,53,45.666666666666664,7.333333333333333,1849.0,98.0,0.8616352201257862,0.9496661530559836,
nih,393,guarded,3,46,53,50.0,3.0,1682.6666666666667,264.3333333333333,0.9433962264150942,0.864235576099983,
nih,393,raw,3,46,53,,,,,,,0.01437833834028345
nih,393,logistic,3,46,53,,,,,,,0.014359713716647265
nih,393,constant,3,46,53,,,,,,,0.026177999999999996
nih,394,source,3,36,70,64.66666666666667,5.333333333333333,1596.6666666666667,333.3333333333333,0.9238095238095237,0.8272884283246977,
nih,394,empirical,3,36,70,65.33333333333333,4.666666666666667,1577.0,353.0,0.9333333333333332,0.817098445595855,
nih,394,guarded,3,36,70,66.66666666666667,3.3333333333333335,1475.0,455.0,0.9523809523809524,0.7642487046632125,
nih,394,raw,3,36,70,,,,,,,0.02040848154691981
nih,394,logistic,3,36,70,,,,,,,0.020077733148268568
nih,394,constant,3,36,70,,,,,,,0.033775999999999994
nih,395,source,3,45,68,60.0,8.0,1605.6666666666667,326.3333333333333,0.8823529411764706,0.8310904071773636,
nih,395,empirical,3,45,68,47.333333333333336,20.666666666666668,1885.0,47.0,0.6960784313725489,0.9756728778467908,
nih,395,guarded,3,45,68,56.666666666666664,11.333333333333334,1743.0,189.0,0.8333333333333334,0.9021739130434782,
nih,395,raw,3,45,68,,,,,,,0.018838018177870525
nih,395,logistic,3,45,68,,,,,,,0.018908252349743113
nih,395,constant,3,45,68,,,,,,,0.03296500000000001
nih,396,source,3,45,65,59.0,6.0,1587.6666666666667,347.3333333333333,0.9076923076923077,0.8204995693367786,
nih,396,empirical,3,45,65,52.333333333333336,12.666666666666666,1791.3333333333333,143.66666666666666,0.805128205128205,0.9257536606373815,
nih,396,guarded,3,45,65,60.666666666666664,4.333333333333333,1452.0,483.0,0.9333333333333332,0.7503875968992247,
nih,396,raw,3,45,65,,,,,,,0.01814041276329254
nih,396,logistic,3,45,65,,,,,,,0.018219757743141798
nih,396,constant,3,45,65,,,,,,,0.03160000000000001
nih,397,source,3,37,71,63.333333333333336,7.666666666666667,1565.0,364.0,0.892018779342723,0.8113011923276309,
nih,397,empirical,3,37,71,61.666666666666664,9.333333333333334,1620.6666666666667,308.3333333333333,0.8685446009389671,0.8401589770174529,
nih,397,guarded,3,37,71,66.0,5.0,1486.3333333333333,442.6666666666667,0.9295774647887325,0.7705201313288405,
nih,397,raw,3,37,71,,,,,,,0.021828765380095396
nih,397,logistic,3,37,71,,,,,,,0.021058690740480612
nih,397,constant,3,37,71,,,,,,,0.03424199999999999
nih,398,source,3,39,63,58.0,5.0,1598.0,339.0,0.9206349206349206,0.8249870934434692,
nih,398,empirical,3,39,63,54.666666666666664,8.333333333333334,1745.3333333333333,191.66666666666666,0.8677248677248678,0.9010497332644983,
nih,398,guarded,3,39,63,58.666666666666664,4.333333333333333,1529.6666666666667,407.3333333333333,0.9312169312169312,0.7897091722595079,
nih,398,raw,3,39,63,,,,,,,0.01996418774069702
nih,398,logistic,3,39,63,,,,,,,0.019865559904594442
nih,398,constant,3,39,63,,,,,,,0.030563999999999997
nih,399,source,3,36,69,64.0,5.0,1597.3333333333333,333.6666666666667,0.927536231884058,0.8272052477127568,
nih,399,empirical,3,36,69,61.333333333333336,7.666666666666667,1819.6666666666667,111.33333333333333,0.8888888888888888,0.9423442085275333,
nih,399,guarded,3,36,69,65.66666666666667,3.3333333333333335,1516.3333333333333,414.6666666666667,0.9516908212560388,0.7852580700845847,
nih,399,raw,3,36,69,,,,,,,0.016090436989885118
nih,399,logistic,3,36,69,,,,,,,0.01572229062927197
nih,399,constant,3,36,69,,,,,,,0.03331199999999998
nih,400,source,3,48,76,70.0,6.0,1602.0,322.0,0.9210526315789475,0.8326403326403327,
nih,400,empirical,3,48,76,67.66666666666667,8.333333333333334,1805.3333333333333,118.66666666666667,0.8903508771929824,0.9383229383229383,
nih,400,guarded,3,48,76,70.33333333333333,5.666666666666667,1573.3333333333333,350.6666666666667,0.9254385964912281,0.8177408177408179,
nih,400,raw,3,48,76,,,,,,,0.017252753921950206
nih,400,logistic,3,48,76,,,,,,,0.01690689407498375
nih,400,constant,3,48,76,,,,,,,0.036655999999999994
nih,401,source,3,38,81,71.66666666666667,9.333333333333334,1575.3333333333333,343.6666666666667,0.8847736625514404,0.8209136703143999,
nih,401,empirical,3,38,81,65.66666666666667,15.333333333333334,1841.6666666666667,77.33333333333333,0.8106995884773663,0.9597012332812228,
nih,401,guarded,3,38,81,74.66666666666667,6.333333333333333,1502.6666666666667,416.3333333333333,0.9218106995884773,0.7830467257252041,
nih,401,raw,3,38,81,,,,,,,0.022782433013307877
nih,401,logistic,3,38,81,,,,,,,0.022717786043492852
nih,401,constant,3,38,81,,,,,,,0.038866
nih,402,source,3,44,52,48.0,4.0,1588.0,360.0,0.923076923076923,0.8151950718685832,
nih,402,empirical,3,44,52,41.333333333333336,10.666666666666666,1839.6666666666667,108.33333333333333,0.794871794871795,0.9443874058863791,
nih,402,guarded,3,44,52,48.333333333333336,3.6666666666666665,1572.3333333333333,375.6666666666667,0.9294871794871794,0.8071526351813826,
nih,402,raw,3,44,52,,,,,,,0.01604307423964099
nih,402,logistic,3,44,52,,,,,,,0.01572748220666847
nih,402,constant,3,44,52,,,,,,,0.025648000000000004
nih,403,source,3,44,77,69.66666666666667,7.333333333333333,1585.3333333333333,337.6666666666667,0.9047619047619048,0.8244063095857168,
nih,403,empirical,3,44,77,65.0,12.0,1766.3333333333333,156.66666666666666,0.8441558441558441,0.9185300745363149,
nih,403,guarded,3,44,77,71.66666666666667,5.333333333333333,1463.0,460.0,0.9307359307359307,0.7607904316172647,
nih,403,raw,3,44,77,,,,,,,0.021375382845094187
nih,403,logistic,3,44,77,,,,,,,0.021519574309624884
nih,403,constant,3,44,77,,,,,,,0.037048000000000005
nih,404,source,3,38,67,61.666666666666664,5.333333333333333,1612.3333333333333,320.6666666666667,0.9203980099502488,0.8341093291946887,
nih,404,empirical,3,38,67,55.666666666666664,11.333333333333334,1819.6666666666667,113.33333333333333,0.8308457711442786,0.9413692015864804,
nih,404,guarded,3,38,67,61.333333333333336,5.666666666666667,1605.0,328.0,0.9154228855721392,0.8303155716502845,
nih,404,raw,3,38,67,,,,,,,0.019480500393733002
nih,404,logistic,3,38,67,,,,,,,0.019551444476068266
nih,404,constant,3,38,67,,,,,,,0.032397999999999996
nih,405,source,3,45,71,60.333333333333336,10.666666666666666,1608.6666666666667,320.3333333333333,0.8497652582159624,0.8339381372040782,
nih,405,empirical,3,45,71,57.0,14.0,1740.0,189.0,0.8028169014084506,0.9020217729393467,
nih,405,guarded,3,45,71,63.0,8.0,1519.3333333333333,409.6666666666667,0.8873239436619719,0.7876274408156213,
nih,405,raw,3,45,71,,,,,,,0.01931165961253505
nih,405,logistic,3,45,71,,,,,,,0.01870814821256633
nih,405,constant,3,45,71,,,,,,,0.034330000000000006
nih,406,source,3,47,72,65.66666666666667,6.333333333333333,1599.0,329.0,0.9120370370370371,0.8293568464730291,
nih,406,empirical,3,47,72,62.0,10.0,1729.0,199.0,0.8611111111111112,0.8967842323651452,
nih,406,guarded,3,47,72,65.66666666666667,6.333333333333333,1556.3333333333333,371.6666666666667,0.9120370370370371,0.8072268326417703,
nih,406,raw,3,47,72,,,,,,,0.0178615598947021
nih,406,logistic,3,47,72,,,,,,,0.017802239652183298
nih,406,constant,3,47,72,,,,,,,0.034824999999999995
nih,407,source,3,40,66,58.0,8.0,1585.0,349.0,0.8787878787878788,0.8195449844881075,
nih,407,empirical,3,40,66,46.666666666666664,19.333333333333332,1851.3333333333333,82.66666666666667,0.7070707070707071,0.9572561185798002,
nih,407,guarded,3,40,66,54.333333333333336,11.666666666666666,1708.3333333333333,225.66666666666666,0.8232323232323232,0.8833160978972767,
nih,407,raw,3,40,66,,,,,,,0.019417064317129733
nih,407,logistic,3,40,66,,,,,,,0.01888490807682155
nih,407,constant,3,40,66,,,,,,,0.03196000000000001
nih,408,source,3,35,64,56.333333333333336,7.666666666666667,1591.6666666666667,344.3333333333333,0.8802083333333334,0.822141873278237,
nih,408,empirical,3,35,64,53.0,11.0,1752.0,184.0,0.828125,0.9049586776859505,
nih,408,guarded,3,35,64,54.666666666666664,9.333333333333334,1679.3333333333333,256.6666666666667,0.8541666666666666,0.8674242424242425,
nih,408,raw,3,35,64,,,,,,,0.016425873120050265
nih,408,logistic,3,35,64,,,,,,,0.015600038790872446
nih,408,constant,3,35,64,,,,,,,0.030985000000000002
nih,409,source,3,31,76,71.0,5.0,1582.0,342.0,0.9342105263157895,0.8222453222453222,
nih,409,empirical,3,31,76,65.66666666666667,10.333333333333334,1786.0,138.0,0.8640350877192983,0.9282744282744283,
nih,409,guarded,3,31,76,71.0,5.0,1511.6666666666667,412.3333333333333,0.9342105263157895,0.7856895356895356,
nih,409,raw,3,31,76,,,,,,,0.019769841791191584
nih,409,logistic,3,31,76,,,,,,,0.020480958701891868
nih,409,constant,3,31,76,,,,,,,0.036605
nih,410,source,3,39,64,55.666666666666664,8.333333333333334,1604.0,332.0,0.8697916666666666,0.8285123966942148,
nih,410,empirical,3,39,64,48.333333333333336,15.666666666666666,1850.0,86.0,0.7552083333333334,0.9555785123966943,
nih,410,guarded,3,39,64,56.0,8.0,1584.6666666666667,351.3333333333333,0.875,0.818526170798898,
nih,410,raw,3,39,64,,,,,,,0.018317518369523736
nih,410,logistic,3,39,64,,,,,,,0.01793919866661518
nih,410,constant,3,39,64,,,,,,,0.031024999999999997
nih,411,source,3,36,75,65.0,10.0,1626.3333333333333,298.6666666666667,0.8666666666666666,0.8448484848484847,
nih,411,empirical,3,36,75,58.666666666666664,16.333333333333332,1778.6666666666667,146.33333333333334,0.7822222222222223,0.923982683982684,
nih,411,guarded,3,36,75,65.66666666666667,9.333333333333334,1588.0,337.0,0.8755555555555556,0.824935064935065,
nih,411,raw,3,36,75,,,,,,,0.019647369705796308
nih,411,logistic,3,36,75,,,,,,,0.019738836725397575
nih,411,constant,3,36,75,,,,,,,0.03609599999999999
nih,412,source,3,42,60,56.0,4.0,1603.3333333333333,336.6666666666667,0.9333333333333332,0.8264604810996564,
nih,412,empirical,3,42,60,54.0,6.0,1721.3333333333333,218.66666666666666,0.9,0.8872852233676976,
nih,412,guarded,3,42,60,57.333333333333336,2.6666666666666665,1490.3333333333333,449.6666666666667,0.9555555555555554,0.7682130584192439,
nih,412,raw,3,42,60,,,,,,,0.01709493589744136
nih,412,logistic,3,42,60,,,,,,,0.017310293484804385
nih,412,constant,3,42,60,,,,,,,0.029244000000000003
nih,413,source,3,62,62,58.666666666666664,3.3333333333333335,1591.6666666666667,346.3333333333333,0.946236559139785,0.8212934296525628,
nih,413,empirical,3,62,62,57.333333333333336,4.666666666666667,1702.3333333333333,235.66666666666666,0.924731182795699,0.8783969728242175,
nih,413,guarded,3,62,62,58.666666666666664,3.3333333333333335,1560.3333333333333,377.6666666666667,0.946236559139785,0.805125558995528,
nih,413,raw,3,62,62,,,,,,,0.01676930250704674
nih,413,logistic,3,62,62,,,,,,,0.01705644172718842
nih,413,constant,3,62,62,,,,,,,0.030999999999999986
nih,414,source,3,53,61,56.0,5.0,1595.0,344.0,0.9180327868852459,0.8225889633831871,
nih,414,empirical,3,53,61,50.333333333333336,10.666666666666666,1851.6666666666667,87.33333333333333,0.8251366120218578,0.9549596011689875,
nih,414,guarded,3,53,61,53.333333333333336,7.666666666666667,1765.6666666666667,173.33333333333334,0.8743169398907105,0.9106068420147843,
nih,414,raw,3,53,61,,,,,,,0.017400703144675164
nih,414,logistic,3,53,61,,,,,,,0.01726138526977325
nih,414,constant,3,53,61,,,,,,,0.030075999999999995
nih,415,source,3,36,76,71.0,5.0,1563.0,361.0,0.9342105263157895,0.8123700623700624,
nih,415,empirical,3,36,76,63.333333333333336,12.666666666666666,1808.0,116.0,0.8333333333333334,0.9397089397089399,
nih,415,guarded,3,36,76,72.0,4.0,1483.0,441.0,0.9473684210526315,0.7707900207900207,
nih,415,raw,3,36,76,,,,,,,0.019593131620787754
nih,415,logistic,3,36,76,,,,,,,0.019438831397686245
nih,415,constant,3,36,76,,,,,,,0.03655999999999999
nih,416,source,3,36,70,62.333333333333336,7.666666666666667,1605.6666666666667,324.3333333333333,0.8904761904761904,0.831951640759931,
nih,416,empirical,3,36,70,52.666666666666664,17.333333333333332,1855.3333333333333,74.66666666666667,0.7523809523809524,0.9613126079447323,
nih,416,guarded,3,36,70,57.0,13.0,1806.6666666666667,123.33333333333333,0.8142857142857144,0.9360967184801381,
nih,416,raw,3,36,70,,,,,,,0.019381831209748446
nih,416,logistic,3,36,70,,,,,,,0.018975870764955365
nih,416,constant,3,36,70,,,,,,,0.03377599999999999
nih,417,source,3,45,72,68.0,4.0,1602.3333333333333,325.6666666666667,0.9444444444444443,0.831085753803596,
nih,417,empirical,3,45,72,63.333333333333336,8.666666666666666,1762.6666666666667,165.33333333333334,0.8796296296296297,0.9142461964038727,
nih,417,guarded,3,45,72,69.0,3.0,1513.6666666666667,414.3333333333333,0.9583333333333334,0.7850968188105117,
nih,417,raw,3,45,72,,,,,,,0.018584988522517495
nih,417,logistic,3,45,72,,,,,,,0.01809530660147422
nih,417,constant,3,45,72,,,,,,,0.03478500000000001
nih,418,source,3,40,71,64.0,7.0,1594.0,335.0,0.9014084507042254,0.8263348885432866,
nih,418,empirical,3,40,71,62.0,9.0,1726.3333333333333,202.66666666666666,0.8732394366197184,0.8949369275963366,
nih,418,guarded,3,40,71,66.0,5.0,1472.3333333333333,456.6666666666667,0.9295774647887325,0.7632624848799031,
nih,418,raw,3,40,71,,,,,,,0.017608007316782682
nih,418,logistic,3,40,71,,,,,,,0.017205370407278573
nih,418,constant,3,40,71,,,,,,,0.03426000000000001
nih,419,source,3,34,70,65.66666666666667,4.333333333333333,1597.3333333333333,332.6666666666667,0.938095238095238,0.8276338514680482,
nih,419,empirical,3,34,70,58.333333333333336,11.666666666666666,1847.6666666666667,82.33333333333333,0.8333333333333334,0.9573402417962003,
nih,419,guarded,3,34,70,65.33333333333333,4.666666666666667,1556.3333333333333,373.6666666666667,0.9333333333333332,0.8063903281519861,
nih,419,raw,3,34,70,,,,,,,0.017707850808675474
nih,419,logistic,3,34,70,,,,,,,0.017182771492045185
nih,419,constant,3,34,70,,,,,,,0.033776
nih,420,source,3,45,61,54.333333333333336,6.666666666666667,1596.6666666666667,342.3333333333333,0.8907103825136612,0.823448512979199,
nih,420,empirical,3,45,61,51.333333333333336,9.666666666666666,1753.0,186.0,0.8415300546448087,0.9040742650850954,
nih,420,guarded,3,45,61,56.0,5.0,1453.0,486.0,0.918032786885246,0.7493553378029914,
nih,420,raw,3,45,61,,,,,,,0.017417273755545745
nih,420,logistic,3,45,61,,,,,,,0.016881197081196096
nih,420,constant,3,45,61,,,,,,,0.02978000000000001
nih,421,source,3,50,74,72.66666666666667,1.3333333333333333,1587.3333333333333,338.6666666666667,0.981981981981982,0.8241606092073382,
nih,421,empirical,3,50,74,69.33333333333333,4.666666666666667,1825.3333333333333,100.66666666666667,0.9369369369369368,0.9477327795084806,
nih,421,guarded,3,50,74,70.66666666666667,3.3333333333333335,1651.6666666666667,274.3333333333333,0.954954954954955,0.8575631706472828,
nih,421,raw,3,50,74,,,,,,,0.016993883660010426
nih,421,logistic,3,50,74,,,,,,,0.016832053379290664
nih,421,constant,3,50,74,,,,,,,0.035799999999999985
nih,422,source,3,44,68,61.666666666666664,6.333333333333333,1586.0,346.0,0.9068627450980392,0.8209109730848861,
nih,422,empirical,3,44,68,54.333333333333336,13.666666666666666,1799.0,133.0,0.7990196078431374,0.9311594202898551,
nih,422,guarded,3,44,68,61.0,7.0,1560.0,372.0,0.8970588235294117,0.8074534161490683,
nih,422,raw,3,44,68,,,,,,,0.01976856749527643
nih,422,logistic,3,44,68,,,,,,,0.019663330608245443
nih,422,constant,3,44,68,,,,,,,0.032944
nih,423,source,3,29,72,64.33333333333333,7.666666666666667,1595.0,333.0,0.8935185185185185,0.8272821576763484,
nih,423,empirical,3,29,72,55.333333333333336,16.666666666666668,1805.3333333333333,122.66666666666667,0.7685185185185185,0.9363762102351313,
nih,423,guarded,3,29,72,65.0,7.0,1560.6666666666667,367.3333333333333,0.9027777777777778,0.8094744121715077,
nih,423,raw,3,29,72,,,,,,,0.01992808475770789
nih,423,logistic,3,29,72,,,,,,,0.020417416721738302
nih,423,constant,3,29,72,,,,,,,0.034753
nih,424,source,3,35,68,61.0,7.0,1601.6666666666667,330.3333333333333,0.8970588235294117,0.8290200138026225,
nih,424,empirical,3,35,68,55.333333333333336,12.666666666666666,1751.0,181.0,0.8137254901960785,0.9063146997929606,
nih,424,guarded,3,35,68,62.0,6.0,1575.6666666666667,356.3333333333333,0.9117647058823529,0.8155624568668047,
nih,424,raw,3,35,68,,,,,,,0.019160112949118627
nih,424,logistic,3,35,68,,,,,,,0.018957561468350474
nih,424,constant,3,35,68,,,,,,,0.032845000000000006
nih,425,source,3,41,81,73.66666666666667,7.333333333333333,1553.3333333333333,365.6666666666667,0.9094650205761318,0.8094493659892305,
nih,425,empirical,3,41,81,68.33333333333333,12.666666666666666,1708.6666666666667,210.33333333333334,0.8436213991769547,0.8903943025881534,
nih,425,guarded,3,41,81,73.33333333333333,7.666666666666667,1550.0,369.0,0.9053497942386831,0.8077123501823866,
nih,425,raw,3,41,81,,,,,,,0.02130923812873928
nih,425,logistic,3,41,81,,,,,,,0.020808481218342643
nih,425,constant,3,41,81,,,,,,,0.03886000000000001
nih,426,source,3,51,62,56.333333333333336,5.666666666666667,1628.6666666666667,309.3333333333333,0.9086021505376345,0.8403852769177846,
nih,426,empirical,3,51,62,53.0,9.0,1729.3333333333333,208.66666666666666,0.8548387096774194,0.892328861369109,
nih,426,guarded,3,51,62,58.0,4.0,1496.6666666666667,441.3333333333333,0.935483870967742,0.7722738218094255,
nih,426,raw,3,51,62,,,,,,,0.01749534553145338
nih,426,logistic,3,51,62,,,,,,,0.017419461843459706
nih,426,constant,3,51,62,,,,,,,0.03043899999999999
nih,427,source,3,47,69,64.66666666666667,4.333333333333333,1581.6666666666667,349.3333333333333,0.9371980676328503,0.8190920075953737,
nih,427,empirical,3,47,69,62.0,7.0,1676.6666666666667,254.33333333333334,0.8985507246376812,0.8682893146901433,
nih,427,guarded,3,47,69,66.0,3.0,1503.3333333333333,427.6666666666667,0.9565217391304349,0.7785258070084584,
nih,427,raw,3,47,69,,,,,,,0.018716936052973494
nih,427,logistic,3,47,69,,,,,,,0.018641378827534576
nih,427,constant,3,47,69,,,,,,,0.033466
nih,428,source,3,34,64,59.666666666666664,4.333333333333333,1596.6666666666667,339.3333333333333,0.9322916666666666,0.8247245179063362,
nih,428,empirical,3,34,64,57.0,7.0,1654.0,282.0,0.890625,0.8543388429752067,
nih,428,guarded,3,34,64,61.0,3.0,1518.6666666666667,417.3333333333333,0.953125,0.7844352617079889,
nih,428,raw,3,34,64,,,,,,,0.01826071796551176
nih,428,logistic,3,34,64,,,,,,,0.018282755507123317
nih,428,constant,3,34,64,,,,,,,0.030980000000000004
nih,429,source,3,52,78,69.66666666666667,8.333333333333334,1571.3333333333333,350.6666666666667,0.8931623931623931,0.8175511619840443,
nih,429,empirical,3,52,78,61.666666666666664,16.333333333333332,1818.3333333333333,103.66666666666667,0.7905982905982906,0.9460631286853971,
nih,429,guarded,3,52,78,66.33333333333333,11.666666666666666,1662.0,260.0,0.8504273504273504,0.8647242455775235,
nih,429,raw,3,52,78,,,,,,,0.020357618351556403
nih,429,logistic,3,52,78,,,,,,,0.019776981364553126
nih,429,constant,3,52,78,,,,,,,0.03764800000000001
nih,430,source,3,28,71,65.0,6.0,1597.0,332.0,0.9154929577464789,0.8278900984966304,
nih,430,empirical,3,28,71,65.33333333333333,5.666666666666667,1569.3333333333333,359.6666666666667,0.92018779342723,0.8135476067046828,
nih,430,guarded,0,28,71,,,,,,,
nih,430,raw,3,28,71,,,,,,,0.017224687927344468
nih,430,logistic,3,28,71,,,,,,,0.01736462362601272
nih,430,constant,3,28,71,,,,,,,0.034296
nih,431,source,3,33,70,61.666666666666664,8.333333333333334,1592.0,338.0,0.8809523809523809,0.8248704663212436,
nih,431,empirical,3,33,70,58.0,12.0,1733.6666666666667,196.33333333333334,0.8285714285714286,0.898272884283247,
nih,431,guarded,3,33,70,64.0,6.0,1511.0,419.0,0.9142857142857143,0.7829015544041451,
nih,431,raw,3,33,70,,,,,,,0.01973187125648509
nih,431,logistic,3,33,70,,,,,,,0.02015398687949892
nih,431,constant,3,33,70,,,,,,,0.033778999999999997
nih,432,source,3,35,62,57.333333333333336,4.666666666666667,1606.3333333333333,331.6666666666667,0.924731182795699,0.8288613691090472,
nih,432,empirical,3,35,62,51.666666666666664,10.333333333333334,1849.3333333333333,88.66666666666667,0.8333333333333334,0.9542483660130717,
nih,432,guarded,3,35,62,56.333333333333336,5.666666666666667,1681.0,257.0,0.9086021505376344,0.8673890608875129,
nih,432,raw,3,35,62,,,,,,,0.016819178975604743
nih,432,logistic,3,35,62,,,,,,,0.016400090338853184
nih,432,constant,3,35,62,,,,,,,0.030055000000000002
nih,433,source,3,42,71,68.0,3.0,1630.6666666666667,298.3333333333333,0.9577464788732395,0.8453430101952653,
nih,433,empirical,3,42,71,65.0,6.0,1767.0,162.0,0.915492957746479,0.9160186625194401,
nih,433,guarded,3,42,71,68.66666666666667,2.3333333333333335,1558.6666666666667,370.3333333333333,0.9671361502347419,0.8080179713150164,
nih,433,raw,3,42,71,,,,,,,0.01675490814954643
nih,433,logistic,3,42,71,,,,,,,0.01653615643218151
nih,433,constant,3,42,71,,,,,,,0.03428199999999999
nih,434,source,3,35,68,62.666666666666664,5.333333333333333,1573.0,359.0,0.9215686274509803,0.8141821946169773,
nih,434,empirical,3,35,68,59.0,9.0,1710.6666666666667,221.33333333333334,0.8676470588235294,0.8854382332643201,
nih,434,guarded,3,35,68,64.66666666666667,3.3333333333333335,1490.6666666666667,441.3333333333333,0.9509803921568628,0.7715665976535542,
nih,434,raw,3,35,68,,,,,,,0.01846116360444128
nih,434,logistic,3,35,68,,,,,,,0.01914659719723812
nih,434,constant,3,35,68,,,,,,,0.032845000000000006
nih,435,source,3,39,65,61.666666666666664,3.3333333333333335,1597.6666666666667,337.3333333333333,0.9487179487179486,0.8256675279931093,
nih,435,empirical,3,39,65,58.333333333333336,6.666666666666667,1689.3333333333333,245.66666666666666,0.8974358974358975,0.873040482342808,
nih,435,guarded,3,39,65,60.333333333333336,4.666666666666667,1602.6666666666667,332.3333333333333,0.9282051282051281,0.8282515073212747,
nih,435,raw,3,39,65,,,,,,,0.018352452664265884
nih,435,logistic,3,39,65,,,,,,,0.018006933810666082
nih,435,constant,3,39,65,,,,,,,0.031486
nih,436,source,3,44,67,62.0,5.0,1593.6666666666667,339.3333333333333,0.9253731343283582,0.8244524918089325,
nih,436,empirical,3,44,67,51.666666666666664,15.333333333333334,1860.0,73.0,0.7711442786069652,0.9622348680807037,
nih,436,guarded,3,44,67,64.0,3.0,1523.0,410.0,0.955223880597015,0.7878944645628557,
nih,436,raw,3,44,67,,,,,,,0.01961447769078729
nih,436,logistic,3,44,67,,,,,,,0.019603743695187272
nih,436,constant,3,44,67,,,,,,,0.03248800000000001
nih,437,source,3,46,73,65.33333333333333,7.666666666666667,1601.3333333333333,325.6666666666667,0.8949771689497718,0.8309980972150147,
nih,437,empirical,3,46,73,65.33333333333333,7.666666666666667,1625.6666666666667,301.3333333333333,0.8949771689497718,0.8436256702992563,
nih,437,guarded,3,46,73,67.0,6.0,1533.3333333333333,393.6666666666667,0.9178082191780822,0.795710084760422,
nih,437,raw,3,46,73,,,,,,,0.02286970327496038
nih,437,logistic,3,46,73,,,,,,,0.02365687566981924
nih,437,constant,3,46,73,,,,,,,0.035258
nih,438,source,3,37,70,61.0,9.0,1628.0,302.0,0.8714285714285714,0.8435233160621761,
nih,438,empirical,3,37,70,51.0,19.0,1853.3333333333333,76.66666666666667,0.7285714285714286,0.9602763385146805,
nih,438,guarded,3,37,70,61.333333333333336,8.666666666666666,1602.0,328.0,0.8761904761904762,0.8300518134715026,
nih,438,raw,3,37,70,,,,,,,0.02105460080811108
nih,438,logistic,3,37,70,,,,,,,0.021035903679664292
nih,438,constant,3,37,70,,,,,,,0.03377899999999998
nih,439,source,3,39,79,72.66666666666667,6.333333333333333,1596.6666666666667,324.3333333333333,0.919831223628692,0.8311643241367342,
nih,439,empirical,3,39,79,68.0,11.0,1717.6666666666667,203.33333333333334,0.8607594936708861,0.8941523512059691,
nih,439,guarded,3,39,79,73.66666666666667,5.333333333333333,1465.6666666666667,455.3333333333333,0.9324894514767932,0.7629706749956618,
nih,439,raw,3,39,79,,,,,,,0.021868889073046974
nih,439,logistic,3,39,79,,,,,,,0.02179835707276745
nih,439,constant,3,39,79,,,,,,,0.037939999999999995
nih,440,source,3,36,64,58.0,6.0,1610.0,326.0,0.90625,0.8316115702479339,
nih,440,empirical,3,36,64,54.0,10.0,1825.3333333333333,110.66666666666667,0.84375,0.9428374655647382,
nih,440,guarded,3,36,64,60.333333333333336,3.6666666666666665,1520.3333333333333,415.6666666666667,0.9427083333333334,0.7852961432506887,
nih,440,raw,3,36,64,,,,,,,0.01653609569556198
nih,440,logistic,3,36,64,,,,,,,0.015974148101347237
nih,440,constant,3,36,64,,,,,,,0.030991999999999992
nih,441,source,3,32,70,65.33333333333333,4.666666666666667,1587.3333333333333,342.6666666666667,0.9333333333333332,0.8224525043177892,
nih,441,empirical,3,32,70,61.0,9.0,1717.0,213.0,0.8714285714285714,0.8896373056994819,
nih,441,guarded,3,32,70,66.33333333333333,3.6666666666666665,1502.6666666666667,427.3333333333333,0.9476190476190475,0.7785837651122626,
nih,441,raw,3,32,70,,,,,,,0.020226817617018146
nih,441,logistic,3,32,70,,,,,,,0.020305422336561296
nih,441,constant,3,32,70,,,,,,,0.033784
nih,442,source,3,31,72,66.33333333333333,5.666666666666667,1604.6666666666667,323.3333333333333,0.9212962962962963,0.8322959889349931,
nih,442,empirical,3,31,72,58.0,14.0,1858.6666666666667,69.33333333333333,0.8055555555555557,0.9640387275242047,
nih,442,guarded,3,31,72,68.66666666666667,3.3333333333333335,1537.0,391.0,0.9537037037037037,0.7971991701244813,
nih,442,raw,3,31,72,,,,,,,0.01728287359700981
nih,442,logistic,3,31,72,,,,,,,0.017455191664184355
nih,442,constant,3,31,72,,,,,,,0.034728999999999996
nih,443,source,3,41,65,55.666666666666664,9.333333333333334,1597.3333333333333,337.6666666666667,0.8564102564102564,0.825495262704565,
nih,443,empirical,3,41,65,50.666666666666664,14.333333333333334,1742.6666666666667,192.33333333333334,0.7794871794871795,0.9006029285099052,
nih,443,guarded,3,41,65,58.333333333333336,6.666666666666667,1465.3333333333333,469.6666666666667,0.8974358974358975,0.757278208440999,
nih,443,raw,3,41,65,,,,,,,0.018110142859121683
nih,443,logistic,3,41,65,,,,,,,0.017569187773391948
nih,443,constant,3,41,65,,,,,,,0.03151600000000001
nih,444,source,3,44,66,57.0,9.0,1602.3333333333333,331.6666666666667,0.8636363636363636,0.8285074112375043,
nih,444,empirical,3,44,66,52.333333333333336,13.666666666666666,1767.3333333333333,166.66666666666666,0.7929292929292929,0.9138228197173389,
nih,444,guarded,3,44,66,60.666666666666664,5.333333333333333,1481.6666666666667,452.3333333333333,0.9191919191919192,0.7661151327128577,
nih,444,raw,3,44,66,,,,,,,0.018563062560743516
nih,444,logistic,3,44,66,,,,,,,0.018395297078191476
nih,444,constant,3,44,66,,,,,,,0.032032000000000005
nih,445,source,3,53,61,59.333333333333336,1.6666666666666667,1610.3333333333333,328.6666666666667,0.9726775956284154,0.8304968196664948,
nih,445,empirical,3,53,61,51.666666666666664,9.333333333333334,1872.6666666666667,66.33333333333333,0.8469945355191258,0.9657899260787347,
nih,445,guarded,3,53,61,59.666666666666664,1.3333333333333333,1580.0,359.0,0.9781420765027322,0.814853017019082,
nih,445,raw,3,53,61,,,,,,,0.015529650840350023
nih,445,logistic,3,53,61,,,,,,,0.01480440212868514
nih,445,constant,3,53,61,,,,,,,0.030075999999999988
nih,446,source,3,38,68,65.33333333333333,2.6666666666666665,1577.6666666666667,354.3333333333333,0.9607843137254902,0.8165976535541754,
nih,446,empirical,3,38,68,60.666666666666664,7.333333333333333,1667.3333333333333,264.6666666666667,0.8921568627450981,0.8630089717046238,
nih,446,guarded,3,38,68,66.33333333333333,1.6666666666666667,1489.6666666666667,442.3333333333333,0.9754901960784315,0.7710489993098687,
nih,446,raw,3,38,68,,,,,,,0.019824362989141777
nih,446,logistic,3,38,68,,,,,,,0.01964974165241723
nih,446,constant,3,38,68,,,,,,,0.03286
nih,447,source,3,40,83,72.66666666666667,10.333333333333334,1582.6666666666667,334.3333333333333,0.8755020080321284,0.8255955486002433,
nih,447,empirical,3,40,83,67.33333333333333,15.666666666666666,1807.3333333333333,109.66666666666667,0.8112449799196787,0.942792557816032,
nih,447,guarded,3,40,83,76.0,7.0,1454.6666666666667,462.3333333333333,0.9156626506024098,0.7588245522517822,
nih,447,raw,3,40,83,,,,,,,0.022025708337637933
nih,447,logistic,3,40,83,,,,,,,0.021786337139425616
nih,447,constant,3,40,83,,,,,,,0.03978000000000001
nih,448,source,3,33,71,64.33333333333333,6.666666666666667,1568.3333333333333,360.6666666666667,0.9061032863849765,0.8130292033869017,
nih,448,empirical,3,33,71,61.0,10.0,1658.0,271.0,0.8591549295774646,0.8595127008812856,
nih,448,guarded,3,33,71,65.66666666666667,5.333333333333333,1449.6666666666667,479.3333333333333,0.9248826291079814,0.7515120096768619,
nih,448,raw,3,33,71,,,,,,,0.01958633902835213
nih,448,logistic,3,33,71,,,,,,,0.019429004405762566
nih,448,constant,3,33,71,,,,,,,0.03424599999999999
nih,449,source,3,42,72,64.0,8.0,1617.6666666666667,310.3333333333333,0.888888888888889,0.8390387275242047,
nih,449,empirical,3,42,72,59.333333333333336,12.666666666666666,1800.6666666666667,127.33333333333333,0.8240740740740741,0.9339557399723374,
nih,449,guarded,3,42,72,65.0,7.0,1497.3333333333333,430.6666666666667,0.9027777777777777,0.776625172890733,
nih,449,raw,3,42,72,,,,,,,0.02039103145086534
nih,449,logistic,3,42,72,,,,,,,0.02017555167871848
nih,449,constant,3,42,72,,,,,,,0.03473999999999999
nih,450,source,3,47,62,54.666666666666664,7.333333333333333,1603.3333333333333,334.6666666666667,0.881720430107527,0.8273133814929481,
nih,450,empirical,3,47,62,55.333333333333336,6.666666666666667,1584.6666666666667,353.3333333333333,0.89247311827957,0.8176814585483316,
nih,450,guarded,3,47,62,56.333333333333336,5.666666666666667,1520.0,418.0,0.9086021505376345,0.7843137254901961,
nih,450,raw,3,47,62,,,,,,,0.01896463193836341
nih,450,logistic,3,47,62,,,,,,,0.019152759098481114
nih,450,constant,3,47,62,,,,,,,0.030295
nih,451,source,3,48,67,62.666666666666664,4.333333333333333,1611.6666666666667,321.3333333333333,0.9353233830845772,0.8337644421451973,
nih,451,empirical,3,48,67,59.333333333333336,7.666666666666667,1776.3333333333333,156.66666666666666,0.8855721393034827,0.9189515433695465,
nih,451,guarded,3,48,67,64.0,3.0,1528.3333333333333,404.6666666666667,0.9552238805970149,0.7906535609587859,
nih,451,raw,3,48,67,,,,,,,0.017519068800413005
nih,451,logistic,3,48,67,,,,,,,0.017291955898554458
nih,451,constant,3,48,67,,,,,,,0.03258799999999999
nih,452,source,3,49,62,53.666666666666664,8.333333333333334,1606.3333333333333,331.6666666666667,0.8655913978494624,0.8288613691090472,
nih,452,empirical,3,49,62,51.666666666666664,10.333333333333334,1716.0,222.0,0.8333333333333334,0.8854489164086687,
nih,452,guarded,3,49,62,55.0,7.0,1575.0,363.0,0.8870967741935484,0.8126934984520124,
nih,452,raw,3,49,62,,,,,,,0.019972763574863717
nih,452,logistic,3,49,62,,,,,,,0.02071761697731834
nih,452,constant,3,49,62,,,,,,,0.030363
nih,453,source,3,45,68,63.666666666666664,4.333333333333333,1603.6666666666667,328.3333333333333,0.9362745098039215,0.8300552104899932,
nih,453,empirical,3,45,68,63.0,5.0,1664.0,268.0,0.926470588235294,0.8612836438923396,
nih,453,guarded,3,45,68,65.0,3.0,1519.0,413.0,0.9558823529411766,0.7862318840579711,
nih,453,raw,3,45,68,,,,,,,0.016137764878816175
nih,453,logistic,3,45,68,,,,,,,0.015776401270165188
nih,453,constant,3,45,68,,,,,,,0.032965
nih,454,source,3,42,66,59.333333333333336,6.666666666666667,1604.3333333333333,329.6666666666667,0.8989898989898991,0.8295415374008962,
nih,454,empirical,3,42,66,57.666666666666664,8.333333333333334,1703.6666666666667,230.33333333333334,0.8737373737373737,0.8809031368493624,
nih,454,guarded,3,42,66,61.0,5.0,1477.0,457.0,0.9242424242424243,0.7637021716649431,
nih,454,raw,3,42,66,,,,,,,0.018657767298442155
nih,454,logistic,3,42,66,,,,,,,0.018327017324103887
nih,454,constant,3,42,66,,,,,,,0.031992
nih,455,source,3,32,63,55.333333333333336,7.666666666666667,1597.3333333333333,339.6666666666667,0.8783068783068783,0.8246429186026502,
nih,455,empirical,3,32,63,41.666666666666664,21.333333333333332,1893.0,44.0,0.6613756613756614,0.977284460505937,
nih,455,guarded,3,32,63,50.666666666666664,12.333333333333334,1736.3333333333333,200.66666666666666,0.8042328042328042,0.8964033729134401,
nih,455,raw,3,32,63,,,,,,,0.017336707988025755
nih,455,logistic,3,32,63,,,,,,,0.01657627865006642
nih,455,constant,3,32,63,,,,,,,0.030507999999999997
nih,456,source,3,47,73,64.66666666666667,8.333333333333334,1606.6666666666667,320.3333333333333,0.8858447488584474,0.8337657844663552,
nih,456,empirical,3,47,73,55.666666666666664,17.333333333333332,1852.0,75.0,0.7625570776255709,0.9610793980280228,
nih,456,guarded,3,47,73,61.333333333333336,11.666666666666666,1733.3333333333333,193.66666666666666,0.8401826484018264,0.8994983566856943,
nih,456,raw,3,47,73,,,,,,,0.021871918131977336
nih,456,logistic,3,47,73,,,,,,,0.02174623789364624
nih,456,constant,3,47,73,,,,,,,0.035278000000000004
nih,457,source,3,34,73,63.0,10.0,1614.6666666666667,312.3333333333333,0.863013698630137,0.8379173153433662,
nih,457,empirical,3,34,73,55.0,18.0,1743.0,184.0,0.7534246575342466,0.9045147898287493,
nih,457,guarded,3,34,73,63.666666666666664,9.333333333333334,1585.0,342.0,0.8721461187214613,0.822522055007784,
nih,457,raw,3,34,73,,,,,,,0.020605669937744663
nih,457,logistic,3,34,73,,,,,,,0.020411718609227785
nih,457,constant,3,34,73,,,,,,,0.035174000000000004
nih,458,source,3,46,73,67.33333333333333,5.666666666666667,1568.3333333333333,358.6666666666667,0.9223744292237442,0.8138730323473448,
nih,458,empirical,3,46,73,60.666666666666664,12.333333333333334,1716.0,211.0,0.8310502283105023,0.8905033731188375,
nih,458,guarded,3,46,73,64.33333333333333,8.666666666666666,1615.0,312.0,0.8812785388127854,0.838090295796575,
nih,458,raw,3,46,73,,,,,,,0.02088634377634495
nih,458,logistic,3,46,73,,,,,,,0.020712422904772546
nih,458,constant,3,46,73,,,,,,,0.035258000000000005
nih,459,source,3,45,58,49.666666666666664,8.333333333333334,1582.3333333333333,359.6666666666667,0.8563218390804597,0.814795743220048,
nih,459,empirical,3,45,58,46.333333333333336,11.666666666666666,1726.0,216.0,0.7988505747126436,0.8887744593202883,
nih,459,guarded,3,45,58,51.333333333333336,6.666666666666667,1460.3333333333333,481.6666666666667,0.8850574712643677,0.751973910058359,
nih,459,raw,3,45,58,,,,,,,0.01837306330561519
nih,459,logistic,3,45,58,,,,,,,0.017725776452484392
nih,459,constant,3,45,58,,,,,,,0.028415000000000006
nih,460,source,3,50,61,58.666666666666664,2.3333333333333335,1604.6666666666667,334.3333333333333,0.9617486338797813,0.8275743510400551,
nih,460,empirical,3,50,61,56.333333333333336,4.666666666666667,1821.6666666666667,117.33333333333333,0.9234972677595628,0.939487708440777,
nih,460,guarded,3,50,61,58.666666666666664,2.3333333333333335,1564.3333333333333,374.6666666666667,0.9617486338797813,0.8067732508165721,
nih,460,raw,3,50,61,,,,,,,0.014680845086179483
nih,460,logistic,3,50,61,,,,,,,0.014046038518519615
nih,460,constant,3,50,61,,,,,,,0.029949999999999987
nih,461,source,3,28,69,63.333333333333336,5.666666666666667,1577.3333333333333,353.6666666666667,0.9178743961352658,0.8168479199033315,
nih,461,empirical,3,28,69,60.0,9.0,1822.6666666666667,108.33333333333333,0.8695652173913043,0.9438978076989469,
nih,461,guarded,0,28,69,,,,,,,
nih,461,raw,3,28,69,,,,,,,0.016727736956021127
nih,461,logistic,3,28,69,,,,,,,0.015842213727783275
nih,461,constant,3,28,69,,,,,,,0.03335199999999999
nih,462,source,3,47,63,56.0,7.0,1593.6666666666667,343.3333333333333,0.8888888888888888,0.822749956978145,
nih,462,empirical,3,47,63,50.333333333333336,12.666666666666666,1779.0,158.0,0.7989417989417991,0.9184305627258648,
nih,462,guarded,3,47,63,57.666666666666664,5.333333333333333,1577.3333333333333,359.6666666666667,0.9153439153439153,0.814317673378076,
nih,462,raw,3,47,63,,,,,,,0.01990208136244621
nih,462,logistic,3,47,63,,,,,,,0.01982653084069166
nih,462,constant,3,47,63,,,,,,,0.030747999999999998
nih,463,source,3,40,81,72.0,9.0,1587.6666666666667,331.3333333333333,0.888888888888889,0.827340628799722,
nih,463,empirical,3,40,81,66.66666666666667,14.333333333333334,1805.6666666666667,113.33333333333333,0.8230452674897119,0.9409414625673094,
nih,463,guarded,3,40,81,73.66666666666667,7.333333333333333,1512.6666666666667,406.3333333333333,0.9094650205761315,0.7882577731457356,
nih,463,raw,3,40,81,,,,,,,0.020728532604615966
nih,463,logistic,3,40,81,,,,,,,0.020151819080366697
nih,463,constant,3,40,81,,,,,,,0.03886000000000001
nih,464,source,3,52,71,66.0,5.0,1588.0,341.0,0.9295774647887324,0.8232244686365991,
nih,464,empirical,3,52,71,58.666666666666664,12.333333333333334,1818.3333333333333,110.66666666666667,0.8262910798122066,0.9426300328322101,
nih,464,guarded,3,52,71,60.0,11.0,1775.0,154.0,0.8450704225352114,0.92016588906169,
nih,464,raw,3,52,71,,,,,,,0.01868442231431879
nih,464,logistic,3,52,71,,,,,,,0.018496533940116168
nih,464,constant,3,52,71,,,,,,,0.03451200000000001
nih,465,source,3,49,60,53.666666666666664,6.333333333333333,1597.0,343.0,0.8944444444444444,0.8231958762886599,
nih,465,empirical,3,49,60,46.333333333333336,13.666666666666666,1802.6666666666667,137.33333333333334,0.7722222222222221,0.9292096219931271,
nih,465,guarded,3,49,60,52.333333333333336,7.666666666666667,1597.6666666666667,342.3333333333333,0.8722222222222222,0.8235395189003437,
nih,465,raw,3,49,60,,,,,,,0.016956915653094068
nih,465,logistic,3,49,60,,,,,,,0.016450380070565547
nih,465,constant,3,49,60,,,,,,,0.029460999999999998
nih,466,source,3,44,56,50.666666666666664,5.333333333333333,1613.3333333333333,330.6666666666667,0.9047619047619048,0.8299039780521262,
nih,466,empirical,3,44,56,41.333333333333336,14.666666666666666,1831.3333333333333,112.66666666666667,0.7380952380952381,0.9420438957475995,
nih,466,guarded,3,44,56,50.0,6.0,1568.0,376.0,0.8928571428571429,0.8065843621399177,
nih,466,raw,3,44,56,,,,,,,0.01905339851100309
nih,466,logistic,3,44,56,,,,,,,0.018928342050510378
nih,466,constant,3,44,56,,,,,,,0.027472000000000007
nih,467,source,3,40,50,46.333333333333336,3.6666666666666665,1610.6666666666667,339.3333333333333,0.9266666666666666,0.8259829059829059,
nih,467,empirical,3,40,50,41.333333333333336,8.666666666666666,1829.3333333333333,120.66666666666667,0.8266666666666667,0.9381196581196581,
nih,467,guarded,3,40,50,47.333333333333336,2.6666666666666665,1489.3333333333333,460.6666666666667,0.9466666666666667,0.7637606837606837,
nih,467,raw,3,40,50,,,,,,,0.016347054268208167
nih,467,logistic,3,40,50,,,,,,,0.015868148554679454
nih,467,constant,3,40,50,,,,,,,0.024600000000000007
nih,468,source,3,40,70,64.66666666666667,5.333333333333333,1577.6666666666667,352.3333333333333,0.9238095238095237,0.8174438687392055,
nih,468,empirical,3,40,70,59.666666666666664,10.333333333333334,1783.0,147.0,0.8523809523809524,0.9238341968911917,
nih,468,guarded,3,40,70,65.66666666666667,4.333333333333333,1448.0,482.0,0.938095238095238,0.750259067357513,
nih,468,raw,3,40,70,,,,,,,0.018225390768062715
nih,468,logistic,3,40,70,,,,,,,0.017461046095428968
nih,468,constant,3,40,70,,,,,,,0.03380000000000001
nih,469,source,3,31,73,67.0,6.0,1592.0,335.0,0.9178082191780822,0.8261546445251686,
nih,469,empirical,3,31,73,64.33333333333333,8.666666666666666,1801.3333333333333,125.66666666666667,0.8812785388127854,0.9347863691402871,
nih,469,guarded,3,31,73,68.66666666666667,4.333333333333333,1514.0,413.0,0.9406392694063926,0.7856772184743125,
nih,469,raw,3,31,73,,,,,,,0.017692768747018337
nih,469,logistic,3,31,73,,,,,,,0.017581358149524513
nih,469,constant,3,31,73,,,,,,,0.03519799999999999
nih,470,source,3,48,78,71.66666666666667,6.333333333333333,1596.6666666666667,325.3333333333333,0.9188034188034188,0.8307318765175165,
nih,470,empirical,3,48,78,68.0,10.0,1813.6666666666667,108.33333333333333,0.8717948717948718,0.9436351023239681,
nih,470,guarded,3,48,78,71.33333333333333,6.666666666666667,1599.0,323.0,0.9145299145299145,0.8319458896982309,
nih,470,raw,3,48,78,,,,,,,0.018510335532306084
nih,470,logistic,3,48,78,,,,,,,0.01799787806526448
nih,470,constant,3,48,78,,,,,,,0.037559999999999996
nih,471,source,3,62,69,61.0,8.0,1551.0,380.0,0.8840579710144928,0.8032107716209218,
nih,471,empirical,3,62,69,57.666666666666664,11.333333333333334,1783.3333333333333,147.66666666666666,0.8357487922705314,0.9235283963404108,
nih,471,guarded,3,62,69,58.666666666666664,10.333333333333334,1659.3333333333333,271.6666666666667,0.8502415458937199,0.8593129639219748,
nih,471,raw,3,62,69,,,,,,,0.018577073946719164
nih,471,logistic,3,62,69,,,,,,,0.018493276401627404
nih,471,constant,3,62,69,,,,,,,0.034065999999999985
nih,472,source,3,45,83,76.0,7.0,1592.6666666666667,324.3333333333333,0.9156626506024096,0.8308120326899671,
nih,472,empirical,3,45,83,71.33333333333333,11.666666666666666,1750.6666666666667,166.33333333333334,0.8594377510040161,0.9132324813075986,
nih,472,guarded,3,45,83,78.66666666666667,4.333333333333333,1469.3333333333333,447.6666666666667,0.9477911646586344,0.7664753955833769,
nih,472,raw,3,45,83,,,,,,,0.018631338811855084
nih,472,logistic,3,45,83,,,,,,,0.018030256220378457
nih,472,constant,3,45,83,,,,,,,0.039790000000000006
nih,473,source,3,50,65,57.333333333333336,7.666666666666667,1602.6666666666667,332.3333333333333,0.882051282051282,0.8282515073212747,
nih,473,empirical,3,50,65,53.666666666666664,11.333333333333334,1811.0,124.0,0.8256410256410257,0.9359173126614988,
nih,473,guarded,3,50,65,57.333333333333336,7.666666666666667,1572.3333333333333,362.6666666666667,0.882051282051282,0.8125753660637381,
nih,473,raw,3,50,65,,,,,,,0.017149699080844627
nih,473,logistic,3,50,65,,,,,,,0.016743675472237703
nih,473,constant,3,50,65,,,,,,,0.03174999999999999
nih,474,source,3,39,63,54.333333333333336,8.666666666666666,1585.3333333333333,351.6666666666667,0.8624338624338624,0.8184477714679056,
nih,474,empirical,3,39,63,48.333333333333336,14.666666666666666,1817.3333333333333,119.66666666666667,0.7671957671957671,0.938220616072965,
nih,474,guarded,3,39,63,54.666666666666664,8.333333333333334,1507.0,430.0,0.8677248677248678,0.7780072276716572,
nih,474,raw,3,39,63,,,,,,,0.017822251613428448
nih,474,logistic,3,39,63,,,,,,,0.01726084624352083
nih,474,constant,3,39,63,,,,,,,0.030563999999999997
nih,475,source,3,51,76,67.33333333333333,8.666666666666666,1604.6666666666667,319.3333333333333,0.8859649122807017,0.834026334026334,
nih,475,empirical,3,51,76,60.666666666666664,15.333333333333334,1783.3333333333333,140.66666666666666,0.7982456140350878,0.9268884268884269,
nih,475,guarded,3,51,76,68.0,8.0,1579.0,345.0,0.8947368421052632,0.8206860706860707,
nih,475,raw,3,51,76,,,,,,,0.02284000014588064
nih,475,logistic,3,51,76,,,,,,,0.02268230898421679
nih,475,constant,3,51,76,,,,,,,0.036724999999999994
nih,476,source,3,28,74,65.33333333333333,8.666666666666666,1579.6666666666667,346.3333333333333,0.8828828828828829,0.8201799930771894,
nih,476,empirical,3,28,74,61.0,13.0,1670.0,256.0,0.8243243243243242,0.8670820353063343,
nih,476,guarded,0,28,74,,,,,,,
nih,476,raw,3,28,74,,,,,,,0.022287614677624218
nih,476,logistic,3,28,74,,,,,,,0.023459744624675385
nih,476,constant,3,28,74,,,,,,,0.035711999999999994
nih,477,source,3,44,75,66.66666666666667,8.333333333333334,1616.6666666666667,308.3333333333333,0.888888888888889,0.8398268398268399,
nih,477,empirical,3,44,75,62.666666666666664,12.333333333333334,1784.0,141.0,0.8355555555555556,0.9267532467532469,
nih,477,guarded,3,44,75,69.66666666666667,5.333333333333333,1495.3333333333333,429.6666666666667,0.9288888888888889,0.7767965367965367,
nih,477,raw,3,44,75,,,,,,,0.02033557004888548
nih,477,logistic,3,44,75,,,,,,,0.02008923095337525
nih,477,constant,3,44,75,,,,,,,0.036136
nih,478,source,3,54,74,68.0,6.0,1579.3333333333333,346.6666666666667,0.9189189189189189,0.8200069228106611,
nih,478,empirical,3,54,74,65.33333333333333,8.666666666666666,1713.6666666666667,212.33333333333334,0.8828828828828829,0.88975424022153,
nih,478,guarded,3,54,74,69.33333333333333,4.666666666666667,1543.6666666666667,382.3333333333333,0.9369369369369368,0.8014884042921425,
nih,478,raw,3,54,74,,,,,,,0.018687868740068895
nih,478,logistic,3,54,74,,,,,,,0.01834643573177978
nih,478,constant,3,54,74,,,,,,,0.03592
nih,479,source,3,43,65,57.666666666666664,7.333333333333333,1584.6666666666667,350.3333333333333,0.8871794871794871,0.8189491817398794,
nih,479,empirical,3,43,65,53.666666666666664,11.333333333333334,1793.6666666666667,141.33333333333334,0.8256410256410257,0.926959517657192,
nih,479,guarded,3,43,65,57.333333333333336,7.666666666666667,1549.3333333333333,385.6666666666667,0.882051282051282,0.8006890611541775,
nih,479,raw,3,43,65,,,,,,,0.019265952253381798
nih,479,logistic,3,43,65,,,,,,,0.018803800159864926
nih,479,constant,3,43,65,,,,,,,0.03155399999999999
nih,480,source,3,46,71,66.66666666666667,4.333333333333333,1596.6666666666667,332.3333333333333,0.9389671361502349,0.8277172973907033,
nih,480,empirical,3,46,71,64.0,7.0,1815.3333333333333,113.66666666666667,0.9014084507042254,0.9410748228788665,
nih,480,guarded,3,46,71,65.33333333333333,5.666666666666667,1693.3333333333333,235.66666666666666,0.92018779342723,0.8778296181095558,
nih,480,raw,3,46,71,,,,,,,0.017353606764413936
nih,480,logistic,3,46,71,,,,,,,0.016929987370144835
nih,480,constant,3,46,71,,,,,,,0.03434999999999999
nih,481,source,3,44,65,58.333333333333336,6.666666666666667,1592.3333333333333,342.6666666666667,0.8974358974358975,0.8229112833763996,
nih,481,empirical,3,44,65,53.333333333333336,11.666666666666666,1801.6666666666667,133.33333333333334,0.8205128205128206,0.9310938845822566,
nih,481,guarded,3,44,65,60.0,5.0,1455.3333333333333,479.6666666666667,0.923076923076923,0.7521102497846682,
nih,481,raw,3,44,65,,,,,,,0.018808577341185063
nih,481,logistic,3,44,65,,,,,,,0.018497434970001947
nih,481,constant,3,44,65,,,,,,,0.03157600000000001
nih,482,source,3,47,76,70.33333333333333,5.666666666666667,1589.0,335.0,0.9254385964912282,0.825883575883576,
nih,482,empirical,3,47,76,65.66666666666667,10.333333333333334,1790.3333333333333,133.66666666666666,0.8640350877192983,0.9305266805266804,
nih,482,guarded,3,47,76,72.0,4.0,1517.6666666666667,406.3333333333333,0.9473684210526315,0.7888080388080388,
nih,482,raw,3,47,76,,,,,,,0.021203357085273974
nih,482,logistic,3,47,76,,,,,,,0.021245540831707228
nih,482,constant,3,47,76,,,,,,,0.036637
nih,483,source,3,45,61,57.666666666666664,3.3333333333333335,1593.3333333333333,345.6666666666667,0.9453551912568307,0.8217294137871756,
nih,483,empirical,3,45,61,52.0,9.0,1800.3333333333333,138.66666666666666,0.8524590163934427,0.9284854736118274,
nih,483,guarded,3,45,61,58.666666666666664,2.3333333333333335,1516.3333333333333,422.6666666666667,0.9617486338797815,0.7820182224514355,
nih,483,raw,3,45,61,,,,,,,0.01784252684107545
nih,483,logistic,3,45,61,,,,,,,0.01764535571394691
nih,483,constant,3,45,61,,,,,,,0.02978
nih,484,source,3,44,68,62.666666666666664,5.333333333333333,1601.3333333333333,330.6666666666667,0.9215686274509803,0.828847481021394,
nih,484,empirical,3,44,68,57.0,11.0,1747.0,185.0,0.8382352941176471,0.9042443064182194,
nih,484,guarded,3,44,68,64.0,4.0,1481.0,451.0,0.9411764705882354,0.7665631469979296,
nih,484,raw,3,44,68,,,,,,,0.019204467277354312
nih,484,logistic,3,44,68,,,,,,,0.01880678436065474
nih,484,constant,3,44,68,,,,,,,0.032944
nih,485,source,3,45,81,74.0,7.0,1567.6666666666667,351.3333333333333,0.9135802469135802,0.816918533958659,
nih,485,empirical,3,45,81,66.66666666666667,14.333333333333334,1768.0,151.0,0.8230452674897121,0.921313183949974,
nih,485,guarded,3,45,81,75.33333333333333,5.666666666666667,1429.0,490.0,0.9300411522633745,0.7446586763939552,
nih,485,raw,3,45,81,,,,,,,0.022790293139661192
nih,485,logistic,3,45,81,,,,,,,0.022760673462504974
nih,485,constant,3,45,81,,,,,,,0.03888000000000001
nih,486,source,3,41,78,73.66666666666667,4.333333333333333,1562.0,360.0,0.9444444444444443,0.8126951092611862,
nih,486,empirical,3,41,78,65.33333333333333,12.666666666666666,1790.3333333333333,131.66666666666666,0.8376068376068376,0.9314949705168227,
nih,486,guarded,3,41,78,74.33333333333333,3.6666666666666665,1446.6666666666667,475.3333333333333,0.952991452991453,0.7526881720430106,
nih,486,raw,3,41,78,,,,,,,0.020583825589481696
nih,486,logistic,3,41,78,,,,,,,0.020118129913366978
nih,486,constant,3,41,78,,,,,,,0.037483000000000016
nih,487,source,3,47,68,65.0,3.0,1591.0,341.0,0.9558823529411765,0.8234989648033126,
nih,487,empirical,3,47,68,58.666666666666664,9.333333333333334,1813.6666666666667,118.33333333333333,0.8627450980392157,0.9387508626639062,
nih,487,guarded,3,47,68,62.333333333333336,5.666666666666667,1691.0,241.0,0.9166666666666666,0.8752587991718427,
nih,487,raw,3,47,68,,,,,,,0.016785452490078522
nih,487,logistic,3,47,68,,,,,,,0.016382871734188235
nih,487,constant,3,47,68,,,,,,,0.033013
nih,488,source,3,48,56,50.333333333333336,5.666666666666667,1590.6666666666667,353.3333333333333,0.8988095238095238,0.818244170096022,
nih,488,empirical,3,48,56,44.666666666666664,11.333333333333334,1808.6666666666667,135.33333333333334,0.7976190476190476,0.9303840877914952,
nih,488,guarded,3,48,56,47.666666666666664,8.333333333333334,1669.0,275.0,0.8511904761904763,0.8585390946502057,
nih,488,raw,3,48,56,,,,,,,0.018084352938837953
nih,488,logistic,3,48,56,,,,,,,0.01782935308525686
nih,488,constant,3,48,56,,,,,,,0.02761599999999999
nih,489,source,3,52,52,43.666666666666664,8.333333333333334,1630.3333333333333,317.6666666666667,0.8397435897435898,0.8369267624914443,
nih,489,empirical,3,52,52,41.333333333333336,10.666666666666666,1730.3333333333333,217.66666666666666,0.7948717948717948,0.8882614647501711,
nih,489,guarded,3,52,52,44.333333333333336,7.666666666666667,1601.0,347.0,0.8525641025641025,0.8218685831622178,
nih,489,raw,3,52,52,,,,,,,0.01665221054334334
nih,489,logistic,3,52,52,,,,,,,0.016513748444460723
nih,489,constant,3,52,52,,,,,,,0.026000000000000006
nih,490,source,3,23,60,55.666666666666664,4.333333333333333,1599.6666666666667,340.3333333333333,0.9277777777777777,0.8245704467353953,
nih,490,empirical,3,23,60,47.0,13.0,1863.3333333333333,76.66666666666667,0.7833333333333333,0.9604810996563574,
nih,490,guarded,0,23,60,,,,,,,
nih,490,raw,3,23,60,,,,,,,0.018257688510406194
nih,490,logistic,3,23,60,,,,,,,0.01839284744364651
nih,490,constant,3,23,60,,,,,,,0.029148999999999998
nih,491,source,3,42,60,54.666666666666664,5.333333333333333,1609.6666666666667,330.3333333333333,0.9111111111111111,0.829725085910653,
nih,491,empirical,3,42,60,46.0,14.0,1866.3333333333333,73.66666666666667,0.7666666666666666,0.9620274914089347,
nih,491,guarded,3,42,60,55.666666666666664,4.333333333333333,1535.3333333333333,404.6666666666667,0.9277777777777777,0.7914089347079037,
nih,491,raw,3,42,60,,,,,,,0.017201434639857873
nih,491,logistic,3,42,60,,,,,,,0.01703054101921928
nih,491,constant,3,42,60,,,,,,,0.029244000000000003
nih,492,source,3,43,81,74.0,7.0,1585.3333333333333,333.6666666666667,0.9135802469135802,0.8261247177349315,
nih,492,empirical,3,43,81,63.333333333333336,17.666666666666668,1821.0,98.0,0.7818930041152262,0.948931735278791,
nih,492,guarded,3,43,81,74.0,7.0,1514.3333333333333,404.6666666666667,0.9135802469135802,0.7891262810491574,
nih,492,raw,3,43,81,,,,,,,0.022519931695567385
nih,492,logistic,3,43,81,,,,,,,0.022365934832363887
nih,492,constant,3,43,81,,,,,,,0.03886599999999999
nih,493,source,3,41,67,62.333333333333336,4.666666666666667,1598.0,335.0,0.9303482587064676,0.826694257630626,
nih,493,empirical,3,41,67,57.333333333333336,9.666666666666666,1829.3333333333333,103.66666666666667,0.855721393034826,0.9463700638041042,
nih,493,guarded,3,41,67,63.333333333333336,3.6666666666666665,1468.3333333333333,464.6666666666667,0.9452736318407959,0.7596137265045697,
nih,493,raw,3,41,67,,,,,,,0.017390435721577266
nih,493,logistic,3,41,67,,,,,,,0.01703363942025644
nih,493,constant,3,41,67,,,,,,,0.032434000000000004
nih,494,source,3,43,63,54.0,9.0,1563.0,374.0,0.8571428571428572,0.8069179143004647,
nih,494,empirical,3,43,63,50.0,13.0,1791.6666666666667,145.33333333333334,0.7936507936507936,0.9249698847014284,
nih,494,guarded,3,43,63,56.666666666666664,6.333333333333333,1482.0,455.0,0.8994708994708995,0.7651006711409396,
nih,494,raw,3,43,63,,,,,,,0.018727383945359704
nih,494,logistic,3,43,63,,,,,,,0.018122685150277387
nih,494,constant,3,43,63,,,,,,,0.030639999999999997
nih,495,source,3,55,66,62.666666666666664,3.3333333333333335,1593.6666666666667,340.3333333333333,0.9494949494949495,0.824026197862806,
nih,495,empirical,3,55,66,57.333333333333336,8.666666666666666,1758.3333333333333,175.66666666666666,0.8686868686868686,0.9091692519820751,
nih,495,guarded,3,55,66,59.0,7.0,1680.3333333333333,253.66666666666666,0.8939393939393939,0.8688383316097896,
nih,495,raw,3,55,66,,,,,,,0.01824153962742868
nih,495,logistic,3,55,66,,,,,,,0.01852812360179267
nih,495,constant,3,55,66,,,,,,,0.03239500000000001
nih,496,source,3,54,71,67.33333333333333,3.6666666666666665,1604.0,325.0,0.9483568075117371,0.831518921721099,
nih,496,empirical,3,54,71,56.666666666666664,14.333333333333334,1867.3333333333333,61.666666666666664,0.7981220657276995,0.9680317954034905,
nih,496,guarded,3,54,71,61.333333333333336,9.666666666666666,1831.6666666666667,97.33333333333333,0.863849765258216,0.9495420770692933,
nih,496,raw,3,54,71,,,,,,,0.0172652566826544
nih,496,logistic,3,54,71,,,,,,,0.01631420163692658
nih,496,constant,3,54,71,,,,,,,0.03458200000000001
nih,497,source,3,38,78,72.66666666666667,5.333333333333333,1618.0,304.0,0.9316239316239315,0.8418314255983351,
nih,497,empirical,3,38,78,66.66666666666667,11.333333333333334,1800.0,122.0,0.8547008547008547,0.9365244536940688,
nih,497,guarded,3,38,78,74.33333333333333,3.6666666666666665,1528.6666666666667,393.3333333333333,0.952991452991453,0.7953520638224072,
nih,497,raw,3,38,78,,,,,,,0.02106141385208585
nih,497,logistic,3,38,78,,,,,,,0.02115874102050068
nih,497,constant,3,38,78,,,,,,,0.03748
nih,498,source,3,38,73,66.33333333333333,6.666666666666667,1584.3333333333333,342.6666666666667,0.9086757990867579,0.8221760941013665,
nih,498,empirical,3,38,73,61.666666666666664,11.333333333333334,1795.3333333333333,131.66666666666666,0.8447488584474886,0.931672720982529,
nih,498,guarded,3,38,73,66.0,7.0,1586.6666666666667,340.3333333333333,0.904109589041096,0.8233869572738279,
nih,498,raw,3,38,73,,,,,,,0.017311667892442064
nih,498,logistic,3,38,73,,,,,,,0.016646113919863485
nih,498,constant,3,38,73,,,,,,,0.03517
nih,499,source,3,39,49,46.0,3.0,1619.3333333333333,331.6666666666667,0.9387755102040817,0.8300017085255424,
nih,499,empirical,3,39,49,42.0,7.0,1833.0,118.0,0.8571428571428571,0.9395181957970271,
nih,499,guarded,3,39,49,44.0,5.0,1653.6666666666667,297.3333333333333,0.8979591836734695,0.8475995216128481,
nih,499,raw,3,39,49,,,,,,,0.01446640101612083
nih,499,logistic,3,39,49,,,,,,,0.014026871836693156
nih,499,constant,3,39,49,,,,,,,0.024110000000000003
nih,500,source,3,44,75,68.0,7.0,1588.6666666666667,336.3333333333333,0.9066666666666666,0.8252813852813853,
nih,500,empirical,3,44,75,51.0,24.0,1869.3333333333333,55.666666666666664,0.68,0.9710822510822511,
nih,500,guarded,3,44,75,62.666666666666664,12.333333333333334,1672.0,253.0,0.8355555555555556,0.8685714285714284,
nih,500,raw,3,44,75,,,,,,,0.021852955905603422
nih,500,logistic,3,44,75,,,,,,,0.021821701370181846
nih,500,constant,3,44,75,,,,,,,0.036136
