run_id,source,model_seed,head_budget,sampling_seed,head_loss,finding,fitting_positives,fitting_negatives,method,AUROC,average_precision,Brier,ECE,log_loss,local_map_status,recalibrated_Brier,recalibrated_ECE,recalibrated_log_loss,empirical_feasible,empirical_tp,empirical_fn,empirical_tn,empirical_fp,empirical_sensitivity,empirical_specificity,guarded_feasible,guarded_tp,guarded_fn,guarded_tn,guarded_fp,guarded_sensitivity,guarded_specificity
chexpert_nall_seed1_densenet121_matched,chexpert,1,250,492001,unweighted,Cardiomegaly,28,222,local_head,0.9419732493126989,0.7155570993972902,0.051217144294160744,0.014422724343047828,0.17564870700100318,fitted,0.052018826689832716,0.01852836416635005,0.17699788185338056,True,186,32,1552,230,0.8532110091743119,0.8709315375982043,True,195,23,1451,331,0.8944954128440367,0.8142536475869809
chexpert_nall_seed1_densenet121_matched,chexpert,1,250,492001,unweighted,Pleural_Effusion,10,240,local_head,0.9835333498450154,0.7665005839861075,0.015395817238470522,0.00999992319862161,0.05310427256148898,fitted,0.01519778277440615,0.008716749796470318,0.05257944946760597,True,64,5,1852,79,0.927536231884058,0.9590885551527706,True,69,0,1243,688,1.0,0.6437079233557742
chexpert_nall_seed1_densenet121_matched,chexpert,1,250,492001,balanced,Cardiomegaly,28,222,local_head,0.9359728786334292,0.6993235834537344,0.06934838608354849,0.08685576707009807,0.23353567410333903,fitted,0.05348179448758357,0.019746617400961747,0.18330269781075942,True,183,35,1555,227,0.8394495412844036,0.8726150392817059,True,192,26,1445,337,0.8807339449541285,0.8108866442199776
chexpert_nall_seed1_densenet121_matched,chexpert,1,250,492001,balanced,Pleural_Effusion,10,240,local_head,0.9839161206553637,0.7698324157929716,0.01840662390240446,0.017745971016843654,0.0637657013506092,fitted,0.015122212954136063,0.007207754607105874,0.0523100646560019,True,64,5,1850,81,0.927536231884058,0.9580528223718281,True,69,0,1270,661,1.0,0.6576903158984981
chexpert_nall_seed1_densenet121_matched,chexpert,1,250,492002,unweighted,Cardiomegaly,29,221,local_head,0.9496365283827057,0.7633560848567376,0.04882441049505937,0.030848409666875968,0.1715503107730375,fitted,0.049629267119037465,0.019764995550020523,0.1660311160803293,True,190,28,1586,196,0.8715596330275229,0.8900112233445566,True,212,6,1273,509,0.9724770642201834,0.7143658810325477
chexpert_nall_seed1_densenet121_matched,chexpert,1,250,492002,unweighted,Pleural_Effusion,14,236,local_head,0.9777317452097358,0.6784039454627566,0.017297188683034585,0.013880515709098479,0.06326954506073794,fitted,0.017303619230566662,0.013307658679098359,0.061196844822622144,True,62,7,1861,70,0.8985507246376812,0.9637493526670119,True,68,1,1471,460,0.9855072463768116,0.7617814603832211
chexpert_nall_seed1_densenet121_matched,chexpert,1,250,492002,balanced,Cardiomegaly,29,221,local_head,0.9479710458303732,0.7573454089113749,0.07618381947098925,0.12240367618958484,0.2546505814960559,fitted,0.05015246277265763,0.021001724368940475,0.16814666616534482,True,191,27,1548,234,0.8761467889908257,0.8686868686868687,True,212,6,1274,508,0.9724770642201834,0.7149270482603816
chexpert_nall_seed1_densenet121_matched,chexpert,1,250,492002,balanced,Pleural_Effusion,14,236,local_head,0.976050555768206,0.6837327469177751,0.02526495813333328,0.04369150011288669,0.10180074934846521,fitted,0.017498377531024133,0.013196116710463574,0.06212312485007376,True,62,7,1861,70,0.8985507246376812,0.9637493526670119,True,66,3,1513,418,0.9565217391304348,0.783531848783014
chexpert_nall_seed1_densenet121_matched,chexpert,1,250,492003,unweighted,Cardiomegaly,28,222,local_head,0.8970901677323695,0.6329501671259974,0.06234211146055038,0.02265820308460371,0.21653436859265723,fitted,0.06160158334106487,0.018522261794206657,0.214062182577176,True,196,22,1242,540,0.8990825688073394,0.696969696969697,True,207,11,980,802,0.9495412844036697,0.5499438832772167
chexpert_nall_seed1_densenet121_matched,chexpert,1,250,492003,unweighted,Pleural_Effusion,14,236,local_head,0.9679523262708367,0.6464896435572658,0.018957148473342834,0.012807446882206693,0.0693410385661686,fitted,0.018334000575009477,0.010256383993623141,0.06604091741634582,True,65,4,1780,151,0.9420289855072463,0.92180217503884,True,67,2,1187,744,0.9710144927536232,0.6147074054893837
chexpert_nall_seed1_densenet121_matched,chexpert,1,250,492003,balanced,Cardiomegaly,28,222,local_head,0.8979525118668851,0.6375228980968901,0.070036442954627,0.05623973208070808,0.23561289119107665,fitted,0.06132464774233999,0.019608168557439975,0.21329945850903062,True,195,23,1254,528,0.8944954128440367,0.7037037037037037,True,205,13,994,788,0.9403669724770642,0.5578002244668911
chexpert_nall_seed1_densenet121_matched,chexpert,1,250,492003,balanced,Pleural_Effusion,14,236,local_head,0.9661735677992179,0.6516802964093443,0.026362284934667083,0.03631348309969253,0.10598659634588352,fitted,0.018491183978016454,0.009709655293720722,0.0671817101520152,True,66,3,1761,170,0.9565217391304348,0.9119627136198861,True,67,2,1252,679,0.9710144927536232,0.6483687208700155
chexpert_nall_seed1_densenet121_matched,chexpert,1,500,492001,unweighted,Cardiomegaly,50,450,local_head,0.9408534890186265,0.7122465094735483,0.052115341130484626,0.011949166767753533,0.1760942351942217,fitted,0.052645946358077456,0.018174640132638163,0.17795613937837548,True,180,38,1594,188,0.8256880733944953,0.8945005611672279,True,193,25,1525,257,0.8853211009174312,0.8557800224466892
chexpert_nall_seed1_densenet121_matched,chexpert,1,500,492001,unweighted,Pleural_Effusion,27,473,local_head,0.9851845180465179,0.7552025784261337,0.014766754030234279,0.00750206269875394,0.05061695545624542,fitted,0.014920453007748248,0.008218957145076738,0.05077641717006922,True,62,7,1881,50,0.8985507246376812,0.9741066804764371,True,68,1,1431,500,0.9855072463768116,0.7410668047643708
chexpert_nall_seed1_densenet121_matched,chexpert,1,500,492001,unweighted,Consolidation,7,493,local_head,0.9194275491949913,0.4655176022888286,0.02444698140594953,0.01923652323195427,0.0964188823794658,fitted,0.02269826972537912,0.011654340063073454,0.0864320894525121,True,57,8,1545,390,0.8769230769230769,0.7984496124031008,True,63,2,1035,900,0.9692307692307692,0.5348837209302325
chexpert_nall_seed1_densenet121_matched,chexpert,1,500,492001,balanced,Cardiomegaly,50,450,local_head,0.9339264201649523,0.6982552215558107,0.0709689981211362,0.08249704889664765,0.23683362070855235,fitted,0.05394233850578729,0.017564226852385366,0.18427416144976447,True,179,39,1582,200,0.8211009174311926,0.8877665544332211,True,195,23,1463,319,0.8944954128440367,0.8209876543209876
chexpert_nall_seed1_densenet121_matched,chexpert,1,500,492001,balanced,Pleural_Effusion,27,473,local_head,0.9855522782368525,0.7514541357796172,0.021175159897517632,0.027848555911318372,0.0749757026196705,fitted,0.01499256258514937,0.010274646203314508,0.05088626366466273,True,62,7,1877,54,0.8985507246376812,0.972035214914552,True,69,0,1434,497,1.0,0.7426204039357845
chexpert_nall_seed1_densenet121_matched,chexpert,1,500,492001,balanced,Consolidation,7,493,local_head,0.9118266746173723,0.45050785064603394,0.02585775636945361,0.014480194778310147,0.09865647738451402,fitted,0.023242083061704128,0.014345453060248434,0.08897584591462035,True,58,7,1474,461,0.8923076923076922,0.7617571059431525,True,60,5,1010,925,0.9230769230769231,0.5219638242894057
chexpert_nall_seed1_densenet121_matched,chexpert,1,500,492002,unweighted,Cardiomegaly,58,442,local_head,0.9561723246738537,0.7615753749954919,0.04760348578400591,0.02355223929453953,0.16180234175548333,fitted,0.04868291318576374,0.020240155469532697,0.15980105869471115,True,198,20,1563,219,0.908256880733945,0.877104377104377,True,209,9,1381,401,0.9587155963302753,0.7749719416386083
chexpert_nall_seed1_densenet121_matched,chexpert,1,500,492002,unweighted,Pleural_Effusion,33,467,local_head,0.9802760453020513,0.73206822495516,0.01520495688739496,0.010519008026424146,0.05651771469142398,fitted,0.015245742129535845,0.009301598160749599,0.054932415662609285,True,58,11,1876,55,0.8405797101449275,0.9715173485240808,True,67,2,1617,314,0.9710144927536232,0.8373899533920248
chexpert_nall_seed1_densenet121_matched,chexpert,1,500,492002,unweighted,Consolidation,5,495,local_head,0.9014669051878356,0.3351201671581673,0.029451127424018158,0.027738052051357723,0.1396035092361642,fitted,0.025777801273811567,0.013126435489250694,0.09956682103247175,True,61,4,1162,773,0.9384615384615385,0.6005167958656331,True,64,1,363,1572,0.9846153846153847,0.1875968992248062
chexpert_nall_seed1_densenet121_matched,chexpert,1,500,492002,balanced,Cardiomegaly,58,442,local_head,0.9558531286360032,0.7651379075238094,0.0721413945624956,0.10683247304598373,0.23935764093817488,fitted,0.04831352283645407,0.018075837590337034,0.15961171450519732,True,196,22,1575,207,0.8990825688073394,0.8838383838383839,True,208,10,1373,409,0.9541284403669725,0.7704826038159371
chexpert_nall_seed1_densenet121_matched,chexpert,1,500,492002,balanced,Pleural_Effusion,33,467,local_head,0.97653840091865,0.7202053390918502,0.02317054298357471,0.036503555479364715,0.09201961632770793,fitted,0.015851913676549447,0.0061243307715147825,0.057312455903014835,True,59,10,1876,55,0.855072463768116,0.9715173485240808,True,67,2,1679,252,0.9710144927536232,0.8694976696012429
chexpert_nall_seed1_densenet121_matched,chexpert,1,500,492002,balanced,Consolidation,5,495,local_head,0.8936195587358378,0.3335206768473812,0.027210982647149454,0.02252933022930737,0.12138467816693671,fitted,0.0259786907246405,0.013414778218183878,0.10127557337571154,True,61,4,1098,837,0.9384615384615385,0.5674418604651162,True,64,1,301,1634,0.9846153846153847,0.15555555555555556
chexpert_nall_seed1_densenet121_matched,chexpert,1,500,492003,unweighted,Cardiomegaly,56,444,local_head,0.9218407314737589,0.6856661136628457,0.05572537389789129,0.011957301877202429,0.19289580391838512,fitted,0.055535770987029456,0.015618848160823562,0.19287051387695528,True,202,16,1248,534,0.926605504587156,0.7003367003367004,True,212,6,1076,706,0.9724770642201834,0.6038159371492705
chexpert_nall_seed1_densenet121_matched,chexpert,1,500,492003,unweighted,Pleural_Effusion,27,473,local_head,0.9772964372293398,0.6956194123414674,0.017747694247012627,0.011743807632050046,0.0654188402841402,fitted,0.016872779333555504,0.0086771817699529,0.05943052183494665,True,64,5,1836,95,0.927536231884058,0.9508026929052305,True,67,2,1315,616,0.9710144927536232,0.6809943034697048
chexpert_nall_seed1_densenet121_matched,chexpert,1,500,492003,unweighted,Atelectasis,5,495,local_head,0.8351166129425468,0.14188790508312552,0.028165713090829738,0.023229771240617137,0.12460810490400351,fitted,0.027192400136753867,0.01421432060818377,0.11076715471646216,True,51,6,1037,906,0.8947368421052632,0.5337107565620175,True,56,1,162,1781,0.9824561403508771,0.08337622233659289
chexpert_nall_seed1_densenet121_matched,chexpert,1,500,492003,balanced,Cardiomegaly,56,444,local_head,0.9203348469403515,0.6870321708409158,0.0692597848872876,0.07594761109753835,0.23456258000876623,fitted,0.05496551612073426,0.018069156501571305,0.19265544865129197,True,197,21,1313,469,0.9036697247706422,0.7368125701459035,True,209,9,1102,680,0.9587155963302753,0.6184062850729517
chexpert_nall_seed1_densenet121_matched,chexpert,1,500,492003,balanced,Pleural_Effusion,27,473,local_head,0.9771988681992511,0.6932272245581953,0.025402515482001238,0.03428287678601572,0.10533832282075954,fitted,0.01712942956118028,0.010448925523644249,0.06038323272382234,True,64,5,1839,92,0.927536231884058,0.9523562920766442,True,67,2,1420,511,0.9710144927536232,0.7353702744691869
chexpert_nall_seed1_densenet121_matched,chexpert,1,500,492003,balanced,Atelectasis,5,495,local_head,0.7918754683930619,0.11282427495846592,0.03663147237510175,0.025570995649102445,0.14584197058562084,fitted,0.026899533282039034,0.010939715518189187,0.11558282087421712,True,52,5,763,1180,0.9122807017543859,0.39269171384457024,True,56,1,54,1889,0.9824561403508771,0.027792074112197633
chexpert_nall_seed1_densenet121_matched,chexpert,1,1000,492001,unweighted,Cardiomegaly,108,892,local_head,0.9499299828046006,0.7392654835156129,0.048879299113030676,0.015703185577503772,0.16540810624712143,fitted,0.049438960701817816,0.013445381373149556,0.16620133768702067,True,196,22,1573,209,0.8990825688073394,0.8827160493827161,True,210,8,1360,422,0.963302752293578,0.7631874298540965
chexpert_nall_seed1_densenet121_matched,chexpert,1,1000,492001,unweighted,Pleural_Effusion,52,948,local_head,0.9859650702872282,0.7620705168582266,0.014601293736084701,0.006527505905518425,0.05040038643910417,fitted,0.01468560658123431,0.0066142890212851834,0.05057112315371558,True,61,8,1883,48,0.8840579710144928,0.9751424132573796,True,69,0,1491,440,1.0,0.7721387881926463
chexpert_nall_seed1_densenet121_matched,chexpert,1,1000,492001,unweighted,Atelectasis,5,995,local_head,0.8628183944163033,0.18442059192720428,0.028859214106742737,0.027915894803983432,0.15117252931913175,fitted,0.027195200182755754,0.014422429944068291,0.10468313885558536,True,53,4,930,1013,0.9298245614035088,0.478641276376737,True,53,4,697,1246,0.9298245614035088,0.3587236232629954
chexpert_nall_seed1_densenet121_matched,chexpert,1,1000,492001,unweighted,Consolidation,13,987,local_head,0.9151580202742994,0.4218665607697602,0.02631154088491294,0.022309590195545372,0.1131636586290833,fitted,0.024146770835485866,0.009167582592856376,0.09255647797843113,True,59,6,1432,503,0.9076923076923077,0.7400516795865633,True,62,3,1051,884,0.9538461538461538,0.5431524547803618
chexpert_nall_seed1_densenet121_matched,chexpert,1,1000,492001,balanced,Cardiomegaly,108,892,local_head,0.9469902902624615,0.7371443662841665,0.06861366339788699,0.09080123415783344,0.2334540941612491,fitted,0.049611880975429776,0.01435164822257861,0.1682242414104511,True,197,21,1552,230,0.9036697247706422,0.8709315375982043,True,204,14,1354,428,0.9357798165137614,0.7598204264870931
chexpert_nall_seed1_densenet121_matched,chexpert,1,1000,492001,balanced,Pleural_Effusion,52,948,local_head,0.9863553464075834,0.7572970116212757,0.01898002660556056,0.020754974473311757,0.06808992093264454,fitted,0.014949825055179231,0.007946401916074384,0.05139730059188834,True,60,9,1883,48,0.8695652173913043,0.9751424132573796,True,69,0,1530,401,1.0,0.7923355774210253
chexpert_nall_seed1_densenet121_matched,chexpert,1,1000,492001,balanced,Atelectasis,5,995,local_head,0.8500781031322516,0.17150155885139018,0.03123265572696637,0.0279389236115188,0.14494842248560033,fitted,0.027227068758916496,0.014153232390115185,0.10701785044332442,True,53,4,784,1159,0.9298245614035088,0.40349974266598043,True,54,3,559,1384,0.9473684210526316,0.28769943386515695
chexpert_nall_seed1_densenet121_matched,chexpert,1,1000,492001,balanced,Consolidation,13,987,local_head,0.8989862850327967,0.4062905658279019,0.02698627226840492,0.015497540249220943,0.10517260924271123,fitted,0.02453075884984512,0.007297800135940562,0.09622466121162682,True,60,5,1419,516,0.9230769230769231,0.7333333333333333,True,61,4,1050,885,0.9384615384615385,0.5426356589147286
chexpert_nall_seed1_densenet121_matched,chexpert,1,1000,492002,unweighted,Cardiomegaly,112,888,local_head,0.9536753879261525,0.7638121891038551,0.04658927410823789,0.01818567337697742,0.15870430235287036,fitted,0.04740603072765916,0.015620653421806173,0.15941676088421997,True,197,21,1519,263,0.9036697247706422,0.8524130190796857,True,211,7,1338,444,0.9678899082568807,0.7508417508417509
chexpert_nall_seed1_densenet121_matched,chexpert,1,1000,492002,unweighted,Pleural_Effusion,50,950,local_head,0.9811166400228162,0.7384837871663879,0.015661043982728315,0.007834484492321386,0.05491782920156769,fitted,0.015869297165059356,0.008853788788152496,0.05531621384363324,True,59,10,1886,45,0.855072463768116,0.9766960124287933,True,67,2,1733,198,0.9710144927536232,0.8974624546866908
chexpert_nall_seed1_densenet121_matched,chexpert,1,1000,492002,unweighted,Atelectasis,5,995,local_head,0.8526695018555136,0.1503432221163679,0.029011362434450384,0.027285456677230164,0.139900090624631,fitted,0.027357218480941966,0.009342888758307662,0.10999166490326615,True,51,6,1120,823,0.8947368421052632,0.5764282038085435,True,55,2,824,1119,0.9649122807017544,0.4240864642305713
chexpert_nall_seed1_densenet121_matched,chexpert,1,1000,492002,unweighted,Consolidation,7,993,local_head,0.8918226992645597,0.31764972029315874,0.02989966562906054,0.02821495543599162,0.14350498666527833,fitted,0.026127871692836077,0.008418298677797609,0.1016551482011775,True,62,3,1203,732,0.9538461538461538,0.6217054263565891,True,62,3,723,1212,0.9538461538461538,0.3736434108527132
chexpert_nall_seed1_densenet121_matched,chexpert,1,1000,492002,balanced,Cardiomegaly,112,888,local_head,0.9521617809079583,0.7595748951212855,0.06832967346874523,0.09079963464359524,0.22891851088768844,fitted,0.047600453531547855,0.018792841611184892,0.16103305993246858,True,191,27,1550,232,0.8761467889908257,0.8698092031425365,True,210,8,1309,473,0.963302752293578,0.7345679012345679
chexpert_nall_seed1_densenet121_matched,chexpert,1,1000,492002,balanced,Pleural_Effusion,50,950,local_head,0.9785348133804668,0.7177944898433435,0.021990297150621053,0.029008749384452588,0.08444764707322866,fitted,0.016737909486875497,0.009497406937057782,0.058237679130092646,True,59,10,1883,48,0.855072463768116,0.9751424132573796,True,67,2,1680,251,0.9710144927536232,0.8700155359917141
chexpert_nall_seed1_densenet121_matched,chexpert,1,1000,492002,balanced,Atelectasis,5,995,local_head,0.80434488176179,0.12231543196452041,0.03618969925270628,0.029868018663373165,0.1576539697685937,fitted,0.027233525948606264,0.009157297680480278,0.1145643874461631,True,55,2,577,1366,0.9649122807017544,0.29696345856922285,True,55,2,528,1415,0.9649122807017544,0.2717447246525991
chexpert_nall_seed1_densenet121_matched,chexpert,1,1000,492002,balanced,Consolidation,7,993,local_head,0.8724865831842578,0.27924286533447124,0.028257989589405945,0.02095173062908568,0.12528624979419759,fitted,0.02705337875345419,0.009882232268121573,0.10659649314830563,True,58,7,1278,657,0.8923076923076922,0.6604651162790698,True,61,4,708,1227,0.9384615384615385,0.36589147286821705
chexpert_nall_seed1_densenet121_matched,chexpert,1,1000,492003,unweighted,Cardiomegaly,117,883,local_head,0.9481898495659964,0.7498989712613154,0.048619102774420345,0.01841663534140519,0.1654971869849561,fitted,0.04893908867316687,0.018876241332073246,0.16550117047077822,True,174,44,1624,158,0.7981651376146789,0.9113355780022446,True,197,21,1521,261,0.9036697247706422,0.8535353535353535
chexpert_nall_seed1_densenet121_matched,chexpert,1,1000,492003,unweighted,Pleural_Effusion,46,954,local_head,0.9802985612320716,0.7704452789753446,0.014097918375234322,0.008588290760027786,0.05068926967531767,fitted,0.014164711613677064,0.01028607753097883,0.05047819795981663,True,61,8,1877,54,0.8840579710144928,0.972035214914552,True,67,2,1470,461,0.9710144927536232,0.7612635939927499
chexpert_nall_seed1_densenet121_matched,chexpert,1,1000,492003,unweighted,Atelectasis,8,992,local_head,0.8511254977381695,0.15930074904545571,0.028088032376619453,0.02500045300411608,0.1287658905435727,fitted,0.026940232858039627,0.010178411248137077,0.1078737670150721,True,53,4,1017,926,0.9298245614035088,0.5234173957797221,True,56,1,287,1656,0.9824561403508771,0.14770972722593928
chexpert_nall_seed1_densenet121_matched,chexpert,1,1000,492003,unweighted,Consolidation,8,992,local_head,0.8953687139733653,0.32605353710589147,0.028944380617798436,0.025463084047748562,0.12842121384005636,fitted,0.026045077527199093,0.00926930505148884,0.10068110677356534,True,58,7,1509,426,0.8923076923076922,0.7798449612403101,True,62,3,881,1054,0.9538461538461538,0.45529715762273903
chexpert_nall_seed1_densenet121_matched,chexpert,1,1000,492003,balanced,Cardiomegaly,117,883,local_head,0.9478680793665504,0.7496249296931183,0.0704305110711762,0.09428754044431449,0.23382733748559606,fitted,0.048680202896626425,0.013104778292462909,0.16519201813174544,True,179,39,1616,166,0.8211009174311926,0.9068462401795735,True,204,14,1429,353,0.9357798165137614,0.8019079685746352
chexpert_nall_seed1_densenet121_matched,chexpert,1,1000,492003,balanced,Pleural_Effusion,46,954,local_head,0.9803510984021195,0.7663933903066777,0.019448674988418325,0.02563127120794618,0.0766815362891773,fitted,0.014563174022960325,0.00856761474791033,0.05175691572857342,True,62,7,1879,52,0.8985507246376812,0.9730709476954945,True,67,2,1527,404,0.9710144927536232,0.7907819782496116
chexpert_nall_seed1_densenet121_matched,chexpert,1,1000,492003,balanced,Atelectasis,8,992,local_head,0.8118572292800967,0.13588092066501678,0.03364964806276991,0.02458556240893988,0.13635812667717317,fitted,0.026648610251221106,0.004806213258895215,0.11225049326539357,True,51,6,860,1083,0.8947368421052632,0.442614513638703,True,57,0,89,1854,1.0,0.04580545548121462
chexpert_nall_seed1_densenet121_matched,chexpert,1,1000,492003,balanced,Consolidation,8,992,local_head,0.8706181673623534,0.27930972569131873,0.028980282713601396,0.01894841888260546,0.11800916250571572,fitted,0.027072967763302074,0.008287424497667402,0.10720373588543011,True,56,9,1465,470,0.8615384615384616,0.7571059431524548,True,61,4,948,987,0.9384615384615385,0.48992248062015503
chexpert_nall_seed1_densenet121_matched,chexpert,1,2000,492001,unweighted,Cardiomegaly,236,1764,local_head,0.9538838950153935,0.752762521820354,0.04756737315437822,0.01735340306252873,0.16030652303926496,fitted,0.048499504572170275,0.018182443814880822,0.16155296756634632,True,188,30,1614,168,0.8623853211009174,0.9057239057239057,True,212,6,1347,435,0.9724770642201834,0.7558922558922558
chexpert_nall_seed1_densenet121_matched,chexpert,1,2000,492001,unweighted,Pleural_Effusion,100,1900,local_head,0.9827077657442641,0.7322378991508275,0.01660824596193761,0.00921169452432125,0.05665636071861163,fitted,0.016539144276439623,0.008741338952792123,0.05620168538097387,True,55,14,1893,38,0.7971014492753623,0.9803210771620922,True,66,3,1749,182,0.9565217391304348,0.905748316934231
chexpert_nall_seed1_densenet121_matched,chexpert,1,2000,492001,unweighted,Atelectasis,9,1991,local_head,0.8016090148170218,0.1391107272723633,0.027881597848658516,0.024820982367469102,0.14519957403665057,fitted,0.026650436583675524,0.011810721151846277,0.1132158153792304,True,54,3,680,1263,0.9473684210526316,0.34997426659804426,True,55,2,330,1613,0.9649122807017544,0.16984045290787442
chexpert_nall_seed1_densenet121_matched,chexpert,1,2000,492001,unweighted,Consolidation,21,1979,local_head,0.9062850327966607,0.4224353393093043,0.025752374710643632,0.02250025664800436,0.11765731620184498,fitted,0.023491299595454464,0.011483858059154549,0.09254469707857231,True,59,6,1393,542,0.9076923076923077,0.7198966408268734,True,64,1,515,1420,0.9846153846153847,0.2661498708010336
chexpert_nall_seed1_densenet121_matched,chexpert,1,2000,492001,balanced,Cardiomegaly,236,1764,local_head,0.9512762693190827,0.7512320511406787,0.06685870630253583,0.0877129971674865,0.2270811549082743,fitted,0.0485724007328925,0.016250029360259235,0.1635229419144186,True,189,29,1613,169,0.8669724770642202,0.9051627384960719,True,207,11,1343,439,0.9495412844036697,0.7536475869809203
chexpert_nall_seed1_densenet121_matched,chexpert,1,2000,492001,balanced,Pleural_Effusion,100,1900,local_head,0.9818146338534514,0.7174112107335083,0.022883252022592806,0.0281799235034268,0.08863953314804299,fitted,0.017088553572333517,0.010412636234289955,0.05821116696573729,True,54,15,1890,41,0.782608695652174,0.9787674779906784,True,66,3,1769,162,0.9565217391304348,0.9161056447436562
chexpert_nall_seed1_densenet121_matched,chexpert,1,2000,492001,balanced,Atelectasis,9,1991,local_head,0.6914158788633963,0.10899722528617539,0.031401927280089004,0.02246980335688388,0.14556757206434795,fitted,0.026995197852705016,0.0046368258359206875,0.12131611879274272,True,52,5,254,1689,0.9122807017543859,0.13072568193515183,True,54,3,204,1739,0.9473684210526316,0.10499227997941328
chexpert_nall_seed1_densenet121_matched,chexpert,1,2000,492001,balanced,Consolidation,21,1979,local_head,0.8851043530113297,0.39904433894471014,0.026530079074958912,0.0189745385539471,0.11278325954357783,fitted,0.02414283764474454,0.006507782454743428,0.09723607195366991,True,58,7,1330,605,0.8923076923076922,0.6873385012919897,True,63,2,458,1477,0.9692307692307692,0.23669250645994833
chexpert_nall_seed1_densenet121_matched,chexpert,1,2000,492002,unweighted,Cardiomegaly,244,1756,local_head,0.9532583737476703,0.7533784512858106,0.04763556626459844,0.014002373832542938,0.15986645519334428,fitted,0.04820714620801154,0.014450542340120918,0.16037707333196705,True,194,24,1584,198,0.8899082568807339,0.8888888888888888,True,203,15,1499,283,0.9311926605504587,0.8411896745230079
chexpert_nall_seed1_densenet121_matched,chexpert,1,2000,492002,unweighted,Pleural_Effusion,94,1906,local_head,0.9800283700718259,0.7394044156482007,0.016114111524117354,0.012667589388979245,0.055262128366714194,fitted,0.01602735707185957,0.013921977947222363,0.05512631975760598,True,60,9,1887,44,0.8695652173913043,0.9772138788192646,True,67,2,1694,237,0.9710144927536232,0.8772656654583117
chexpert_nall_seed1_densenet121_matched,chexpert,1,2000,492002,unweighted,Atelectasis,7,1993,local_head,0.8288141867793519,0.15262233610108625,0.027792889378999486,0.026446700923008246,0.14738607793625216,fitted,0.026427599093918952,0.00942586354095426,0.11032862143530797,True,54,3,874,1069,0.9473684210526316,0.4498198661863098,True,55,2,794,1149,0.9649122807017544,0.40864642305712817
chexpert_nall_seed1_densenet121_matched,chexpert,1,2000,492002,unweighted,Consolidation,16,1984,local_head,0.887290797058239,0.3403657896320437,0.02864488434886899,0.02635708242403367,0.13650037937612952,fitted,0.02523447893977252,0.006810175298360657,0.10008379270579541,True,55,10,1489,446,0.8461538461538461,0.7695090439276486,True,63,2,703,1232,0.9692307692307692,0.3633074935400517
chexpert_nall_seed1_densenet121_matched,chexpert,1,2000,492002,balanced,Cardiomegaly,244,1756,local_head,0.9523316755732658,0.7515655394772051,0.06800606985886472,0.0861402014109702,0.22872044580035175,fitted,0.04807699515402151,0.01727540216796335,0.1609861356518926,True,198,20,1544,238,0.908256880733945,0.8664421997755332,True,203,15,1451,331,0.9311926605504587,0.8142536475869809
chexpert_nall_seed1_densenet121_matched,chexpert,1,2000,492002,balanced,Pleural_Effusion,94,1906,local_head,0.9779569045099408,0.7246554521344528,0.021283013231870585,0.026683167477259545,0.08417902242666805,fitted,0.016626008741213075,0.012116125054507236,0.05730941170197822,True,63,6,1879,52,0.9130434782608696,0.9730709476954945,True,67,2,1752,179,0.9710144927536232,0.9073019161056447
chexpert_nall_seed1_densenet121_matched,chexpert,1,2000,492002,balanced,Atelectasis,7,1993,local_head,0.7292484943702539,0.11841706955829047,0.031384943082408016,0.025156266515499744,0.1470680443057797,fitted,0.026760665302086536,0.0076335778657690145,0.11854009920701758,True,54,3,303,1640,0.9473684210526316,0.1559444158517756,True,56,1,178,1765,0.9824561403508771,0.09161091096242924
chexpert_nall_seed1_densenet121_matched,chexpert,1,2000,492002,balanced,Consolidation,16,1984,local_head,0.8460107334525939,0.3139764645990379,0.02644636143622052,0.018144198141446445,0.12205299648004984,fitted,0.02607932023408155,0.005736232439509571,0.10669261751020524,True,50,15,1525,410,0.7692307692307692,0.7881136950904393,True,58,7,840,1095,0.8923076923076922,0.43410852713178294
chexpert_nall_seed1_densenet121_matched,chexpert,1,2000,492003,unweighted,Cardiomegaly,241,1759,local_head,0.9500097818140633,0.7417728740021999,0.04848346788098256,0.018923603743129916,0.16431312806192602,fitted,0.049101377395750906,0.01863190776824238,0.16530575161791716,True,187,31,1602,180,0.8577981651376146,0.898989898989899,True,193,25,1534,248,0.8853211009174312,0.8608305274971941
chexpert_nall_seed1_densenet121_matched,chexpert,1,2000,492003,unweighted,Pleural_Effusion,92,1908,local_head,0.9863178198575493,0.776023445273379,0.01495420000748241,0.008411768257092675,0.05092041792675455,fitted,0.014958005794428164,0.00778203527908201,0.05117307329657125,True,61,8,1886,45,0.8840579710144928,0.9766960124287933,True,68,1,1677,254,0.9855072463768116,0.8684619368203004
chexpert_nall_seed1_densenet121_matched,chexpert,1,2000,492003,unweighted,Atelectasis,9,1991,local_head,0.8461864904154364,0.15841609525646583,0.02785119243447697,0.025179111912538143,0.14202875548438954,fitted,0.02693281754237411,0.010524088159636177,0.10840955671457095,True,53,4,895,1048,0.9298245614035088,0.46062789500772,True,56,1,306,1637,0.9824561403508771,0.1574884199691199
chexpert_nall_seed1_densenet121_matched,chexpert,1,2000,492003,unweighted,Consolidation,18,1982,local_head,0.9070562512422978,0.4552404400413016,0.026287994118612296,0.024572228364290197,0.11893211341610282,fitted,0.023401014384805643,0.007141783679733263,0.0922525174294122,True,59,6,1447,488,0.9076923076923077,0.7478036175710594,True,62,3,1010,925,0.9538461538461538,0.5219638242894057
chexpert_nall_seed1_densenet121_matched,chexpert,1,2000,492003,balanced,Cardiomegaly,241,1759,local_head,0.9467766348500293,0.734517659257105,0.07050668618540318,0.09354718955367253,0.2377250962285001,fitted,0.04928165654464385,0.017128921498835308,0.16867158353414566,True,186,32,1602,180,0.8532110091743119,0.898989898989899,True,193,25,1523,259,0.8853211009174312,0.8546576879910214
chexpert_nall_seed1_densenet121_matched,chexpert,1,2000,492003,balanced,Pleural_Effusion,92,1908,local_head,0.9852670764565931,0.7623989086861701,0.020123036559734648,0.023544388322300713,0.07492103824789774,fitted,0.015464390812983637,0.0079914355446265,0.05300739922305329,True,59,10,1882,49,0.855072463768116,0.9746245468669084,True,68,1,1696,235,0.9855072463768116,0.8783013982392542
chexpert_nall_seed1_densenet121_matched,chexpert,1,2000,492003,balanced,Atelectasis,9,1991,local_head,0.7926700436113444,0.13661706538935234,0.03220276611681955,0.026300314869515753,0.13870671110214755,fitted,0.026531463982928827,0.006814850833855835,0.1133881599020387,True,54,3,506,1437,0.9473684210526316,0.26042202779207413,True,57,0,98,1845,1.0,0.050437467833247554
chexpert_nall_seed1_densenet121_matched,chexpert,1,2000,492003,balanced,Consolidation,18,1982,local_head,0.884730669846949,0.4262666475959302,0.02450553429662669,0.01766664430167324,0.10696764932597473,fitted,0.023824665968363603,0.007222719781153935,0.09634339260421493,True,57,8,1412,523,0.8769230769230769,0.7297157622739018,True,59,6,1184,751,0.9076923076923077,0.6118863049095608
nih_nall_seed1_densenet121_matched,nih,1,250,492001,unweighted,Cardiomegaly,28,222,local_head,0.9378185524974516,0.6740664630473099,0.05588081612661029,0.01674946443927327,0.18416682079591473,fitted,0.056175740823591086,0.023158200334080996,0.1858863152293536,True,196,22,1475,307,0.8990825688073394,0.8277216610549943,True,207,11,1282,500,0.9495412844036697,0.7194163860830527
nih_nall_seed1_densenet121_matched,nih,1,250,492001,unweighted,Pleural_Effusion,10,240,local_head,0.9730784530055014,0.7310255899830472,0.016466700774088096,0.008772813142431581,0.06284319991015719,fitted,0.016123969172579848,0.006238811938724654,0.06109815632591349,True,52,17,1849,82,0.7536231884057971,0.9575349559813569,True,65,4,1659,272,0.9420289855072463,0.8591403417918178
nih_nall_seed1_densenet121_matched,nih,1,250,492001,balanced,Cardiomegaly,28,222,local_head,0.9367168113345483,0.6736766680045057,0.0642578343233537,0.06252185331888134,0.2132909914840621,fitted,0.05647694992615975,0.02109061210036858,0.18714616438479703,True,197,21,1455,327,0.9036697247706422,0.8164983164983165,True,207,11,1270,512,0.9495412844036697,0.712682379349046
nih_nall_seed1_densenet121_matched,nih,1,250,492001,balanced,Pleural_Effusion,10,240,local_head,0.9716974759642447,0.7213209254976678,0.02140505308125775,0.025811723495873264,0.07703172470966328,fitted,0.016518062585420188,0.006928489546309455,0.06257400469372038,True,50,19,1855,76,0.7246376811594203,0.9606421543241843,True,65,4,1627,304,0.9420289855072463,0.8425686172967375
nih_nall_seed1_densenet121_matched,nih,1,250,492002,unweighted,Cardiomegaly,29,221,local_head,0.9384414996035791,0.6767321393019623,0.05498617302425326,0.0328235146120494,0.18614598666192597,fitted,0.05570369147128425,0.021781415000864123,0.1843828755790056,True,191,27,1527,255,0.8761467889908257,0.8569023569023569,True,203,15,1387,395,0.9311926605504587,0.7783389450056116
nih_nall_seed1_densenet121_matched,nih,1,250,492002,unweighted,Pleural_Effusion,14,236,local_head,0.970841870623466,0.6725844616685935,0.017702215567258147,0.014407747945152273,0.06727180634385524,fitted,0.01781891887216599,0.011753096441595655,0.06577259624947056,True,65,4,1709,222,0.9420289855072463,0.8850336613153806,True,68,1,1417,514,0.9855072463768116,0.7338166752977732
nih_nall_seed1_densenet121_matched,nih,1,250,492002,balanced,Cardiomegaly,29,221,local_head,0.9361530699451189,0.6647930935191401,0.08148360496011955,0.11379739636658533,0.2642034285868333,fitted,0.05685549830726277,0.02459532733041251,0.1879457383736515,True,191,27,1511,271,0.8761467889908257,0.8479236812570146,True,204,14,1357,425,0.9357798165137614,0.7615039281705949
nih_nall_seed1_densenet121_matched,nih,1,250,492002,balanced,Pleural_Effusion,14,236,local_head,0.9678997891007889,0.6546203969542147,0.02808801408374606,0.047695650752826356,0.1026632683016883,fitted,0.018548511608422906,0.012011156032340592,0.06862344898529613,True,65,4,1679,252,0.9420289855072463,0.8694976696012429,True,68,1,1391,540,0.9855072463768116,0.7203521491455205
nih_nall_seed1_densenet121_matched,nih,1,250,492003,unweighted,Cardiomegaly,28,222,local_head,0.9028562897064426,0.5425552782598577,0.06881993803883159,0.025825999609188625,0.223797475137797,fitted,0.0684522036665885,0.022120032200212972,0.22239429458814403,True,204,14,1254,528,0.9357798165137614,0.7037037037037037,True,210,8,1047,735,0.963302752293578,0.5875420875420876
nih_nall_seed1_densenet121_matched,nih,1,250,492003,unweighted,Pleural_Effusion,14,236,local_head,0.9763958000285202,0.754359336120424,0.015507177653292249,0.00803055225092889,0.05973769541834132,fitted,0.015299385805748656,0.005044872447096245,0.05789658327348306,True,55,14,1846,85,0.7971014492753623,0.955981356809943,True,67,2,1667,264,0.9710144927536232,0.8632832729155878
nih_nall_seed1_densenet121_matched,nih,1,250,492003,balanced,Cardiomegaly,28,222,local_head,0.9024392755279605,0.5378335844771256,0.08136722719000224,0.06287402742095341,0.2577776204204829,fitted,0.0687920212557734,0.024587720513286226,0.22313111080719086,True,205,13,1291,491,0.9403669724770642,0.7244668911335578,True,208,10,1065,717,0.9541284403669725,0.5976430976430976
nih_nall_seed1_densenet121_matched,nih,1,250,492003,balanced,Pleural_Effusion,14,236,local_head,0.9752700035274957,0.747391506900254,0.02279184620755903,0.03757704231655006,0.08347714672042349,fitted,0.015627750079752832,0.00578474750515776,0.05931719977651997,True,55,14,1840,91,0.7971014492753623,0.9528741584671155,True,67,2,1646,285,0.9710144927536232,0.8524080787156914
nih_nall_seed1_densenet121_matched,nih,1,500,492001,unweighted,Cardiomegaly,50,450,local_head,0.9408740823113911,0.7135667234810179,0.05378305610430614,0.02165995086984847,0.17889623142716363,fitted,0.05295737508799134,0.015325998114127113,0.17683162703394098,True,194,24,1487,295,0.8899082568807339,0.8344556677890012,True,205,13,1294,488,0.9403669724770642,0.7261503928170595
nih_nall_seed1_densenet121_matched,nih,1,500,492001,unweighted,Pleural_Effusion,27,473,local_head,0.9779569045099408,0.7471558680404536,0.015472589131991924,0.009956994358282132,0.05814492579563527,fitted,0.015409978097520474,0.009885962983967503,0.05775232050698468,True,56,13,1858,73,0.8115942028985508,0.9621957534955982,True,69,0,1608,323,1.0,0.8327291558777835
nih_nall_seed1_densenet121_matched,nih,1,500,492001,unweighted,Consolidation,7,493,local_head,0.8566805804015107,0.34798686229966985,0.02743423987089672,0.022320767490169893,0.12243185046941016,fitted,0.026002810678400837,0.010057973666399083,0.10640678618182287,True,53,12,1322,613,0.8153846153846154,0.6832041343669251,True,64,1,273,1662,0.9846153846153847,0.14108527131782947
nih_nall_seed1_densenet121_matched,nih,1,500,492001,balanced,Cardiomegaly,50,450,local_head,0.9393939393939394,0.705694514302484,0.06176224109316282,0.05567204935302022,0.20325381836547138,fitted,0.05372640221052402,0.013186165083884774,0.17901353769663786,True,196,22,1453,329,0.8990825688073394,0.8153759820426487,True,206,12,1255,527,0.944954128440367,0.7042648709315376
nih_nall_seed1_densenet121_matched,nih,1,500,492001,balanced,Pleural_Effusion,27,473,local_head,0.9774765646695036,0.7444162775505292,0.022087082549590364,0.027873469481782084,0.07612864102703039,fitted,0.015546920460028098,0.008586922098273931,0.05828057642195643,True,56,13,1859,72,0.8115942028985508,0.9627136198860694,True,69,0,1592,339,1.0,0.8244432936302434
nih_nall_seed1_densenet121_matched,nih,1,500,492001,balanced,Consolidation,7,493,local_head,0.8395150069568675,0.3301986613321528,0.028888427221359248,0.0202018266305158,0.11791472529103401,fitted,0.02640325301313462,0.009497334317221107,0.10911102771695018,True,53,12,1222,713,0.8153846153846154,0.6315245478036176,True,64,1,217,1718,0.9846153846153847,0.11214470284237726
nih_nall_seed1_densenet121_matched,nih,1,500,492002,unweighted,Cardiomegaly,58,442,local_head,0.9478603568817637,0.6950333881015541,0.0528537259268781,0.021609895157414145,0.1753505856320877,fitted,0.05373805815748841,0.02117485980998868,0.17441605595964807,True,193,25,1552,230,0.8853211009174312,0.8709315375982043,True,206,12,1402,380,0.944954128440367,0.7867564534231201
nih_nall_seed1_densenet121_matched,nih,1,500,492002,unweighted,Pleural_Effusion,33,467,local_head,0.9660234615990813,0.7430959903576453,0.016043411898237332,0.01064641585004506,0.06255746657886348,fitted,0.01601004166526272,0.007834398857411275,0.06205384023421487,True,55,14,1844,87,0.7971014492753623,0.9549456240290005,True,65,4,1608,323,0.9420289855072463,0.8327291558777835
nih_nall_seed1_densenet121_matched,nih,1,500,492002,unweighted,Consolidation,5,495,local_head,0.8604253627509443,0.23800383966129834,0.03054536290445509,0.027703350091234747,0.14949497576581233,fitted,0.028171802918519433,0.009487046750011864,0.11295364813124825,True,59,6,761,1174,0.9076923076923077,0.39328165374677004,True,65,0,145,1790,1.0,0.07493540051679587
nih_nall_seed1_densenet121_matched,nih,1,500,492002,balanced,Cardiomegaly,58,442,local_head,0.9466994100021624,0.6897981506183112,0.07909884532848217,0.10914086554313603,0.25456525947146186,fitted,0.054237009128949555,0.0201112836326122,0.17593184412231389,True,191,27,1562,220,0.8761467889908257,0.8765432098765432,True,208,10,1397,385,0.9541284403669725,0.7839506172839507
nih_nall_seed1_densenet121_matched,nih,1,500,492002,balanced,Pleural_Effusion,33,467,local_head,0.9617904667552294,0.7290625853557625,0.02631157167860227,0.03796702353388012,0.09429969970248141,fitted,0.016545477677422298,0.007125894381240122,0.0645330243989512,True,57,12,1830,101,0.8260869565217391,0.9476954945624029,True,62,7,1615,316,0.8985507246376812,0.8363542206110823
nih_nall_seed1_densenet121_matched,nih,1,500,492002,balanced,Consolidation,5,495,local_head,0.8465990856688531,0.23201983040161608,0.029841352488453148,0.022845142948387895,0.12969756430850077,fitted,0.028429075756741848,0.010574399721464314,0.11514435746295795,True,61,4,699,1236,0.9384615384615385,0.3612403100775194,True,65,0,154,1781,1.0,0.07958656330749354
nih_nall_seed1_densenet121_matched,nih,1,500,492003,unweighted,Cardiomegaly,56,444,local_head,0.9211508561661468,0.6151679872274329,0.06343112378803856,0.02727927633597479,0.20787754606076642,fitted,0.06226340548472592,0.01869703196716256,0.2028328941050222,True,190,28,1472,310,0.8715596330275229,0.8260381593714927,True,211,7,1224,558,0.9678899082568807,0.6868686868686869
nih_nall_seed1_densenet121_matched,nih,1,500,492003,unweighted,Pleural_Effusion,27,473,local_head,0.9797506736015731,0.7906825556546634,0.014011806076580804,0.005773582788970651,0.05300289773104199,fitted,0.01400956876879654,0.0059831584663050975,0.05283647820630372,True,58,11,1860,71,0.8405797101449275,0.9632314862765406,True,67,2,1651,280,0.9710144927536232,0.8549974106680477
nih_nall_seed1_densenet121_matched,nih,1,500,492003,unweighted,Atelectasis,5,495,local_head,0.8290218598477667,0.11395713991816836,0.027671731865781694,0.02183875991074583,0.1260983125398203,fitted,0.02717644288649274,0.012105182759597741,0.1109223222817222,True,50,7,1204,739,0.8771929824561404,0.6196603190941843,True,51,6,1127,816,0.8947368421052632,0.5800308800823469
nih_nall_seed1_densenet121_matched,nih,1,500,492003,balanced,Cardiomegaly,56,444,local_head,0.9196604166023126,0.6107786252125517,0.07872417309679267,0.06300778871061272,0.25396778945794624,fitted,0.06276318126017183,0.017878619354057403,0.20431649082271106,True,192,26,1455,327,0.8807339449541285,0.8164983164983165,True,211,7,1166,616,0.9678899082568807,0.654320987654321
nih_nall_seed1_densenet121_matched,nih,1,500,492003,balanced,Pleural_Effusion,27,473,local_head,0.9789926372908833,0.7850446150477431,0.02102487016604809,0.0306297234184862,0.07419446482375505,fitted,0.014231859427292505,0.005171682124673607,0.053661610048983434,True,58,11,1860,71,0.8405797101449275,0.9632314862765406,True,67,2,1639,292,0.9710144927536232,0.8487830139823925
nih_nall_seed1_densenet121_matched,nih,1,500,492003,balanced,Atelectasis,5,495,local_head,0.8090942745437965,0.10813170260878543,0.03392330358769033,0.019776446125526682,0.13001591210769886,fitted,0.027148240872883946,0.008524619985329303,0.11320651820986773,True,49,8,1116,827,0.8596491228070176,0.5743695316520844,True,51,6,843,1100,0.8947368421052632,0.43386515697375194
nih_nall_seed1_densenet121_matched,nih,1,1000,492001,unweighted,Cardiomegaly,108,892,local_head,0.9480946055869603,0.7251749487113077,0.05087358893391483,0.016610247405309954,0.16804969325525151,fitted,0.05111855469481615,0.01585189650141493,0.16870285420044367,True,198,20,1516,266,0.908256880733945,0.8507295173961841,True,201,17,1448,334,0.9220183486238532,0.8125701459034792
nih_nall_seed1_densenet121_matched,nih,1,1000,492001,unweighted,Pleural_Effusion,52,948,local_head,0.9799608222817644,0.795440792657832,0.013690007466937954,0.008219899847286468,0.052996336498073546,fitted,0.01361022631586529,0.008015721508881898,0.052458482609057014,True,54,15,1876,55,0.782608695652174,0.9715173485240808,True,65,4,1715,216,0.9420289855072463,0.8881408596582082
nih_nall_seed1_densenet121_matched,nih,1,1000,492001,unweighted,Atelectasis,5,995,local_head,0.859233776670188,0.1495450673531909,0.027924272610922608,0.02617289736915835,0.14792007264707221,fitted,0.0266034301000085,0.009582799678481267,0.10597449507538147,True,52,5,1229,714,0.9122807017543859,0.6325270200720535,True,52,5,1087,856,0.9122807017543859,0.5594441585177561
nih_nall_seed1_densenet121_matched,nih,1,1000,492001,unweighted,Consolidation,13,987,local_head,0.8655535678791493,0.31469214011702784,0.028730388331886295,0.02490541993076396,0.13156026564008916,fitted,0.02721445162936583,0.009512897647047432,0.1097890406455689,True,58,7,1152,783,0.8923076923076922,0.5953488372093023,True,62,3,800,1135,0.9538461538461538,0.4134366925064599
nih_nall_seed1_densenet121_matched,nih,1,1000,492001,balanced,Cardiomegaly,108,892,local_head,0.9478114478114478,0.7224228035912884,0.06682462858257521,0.0679041844119692,0.21550281764141582,fitted,0.05158946448018764,0.016429624582329678,0.1695365539457651,True,199,19,1489,293,0.9128440366972477,0.8355780022446689,True,205,13,1426,356,0.9403669724770642,0.8002244668911336
nih_nall_seed1_densenet121_matched,nih,1,1000,492001,balanced,Pleural_Effusion,52,948,local_head,0.979360397481218,0.7901444321654296,0.018898239108099867,0.02160637663831893,0.0653932401843254,fitted,0.013709156219209118,0.00674580916845485,0.05280517554779082,True,54,15,1868,63,0.782608695652174,0.9673744174003107,True,65,4,1739,192,0.9420289855072463,0.9005696530295184
nih_nall_seed1_densenet121_matched,nih,1,1000,492001,balanced,Atelectasis,5,995,local_head,0.8402542640698504,0.1363759729029282,0.03029275793566938,0.025689638222256842,0.13696424234219526,fitted,0.02673972747775201,0.010437938332257776,0.10896773759022813,True,50,7,1160,783,0.8771929824561404,0.5970149253731343,True,53,4,824,1119,0.9298245614035088,0.4240864642305713
nih_nall_seed1_densenet121_matched,nih,1,1000,492001,balanced,Consolidation,13,987,local_head,0.8462333532100974,0.29522608218466856,0.02887401122423595,0.019314127868214213,0.1235553315341788,fitted,0.02765321051558192,0.009036058535263883,0.1128337469378172,True,57,8,1075,860,0.8769230769230769,0.5555555555555556,True,63,2,582,1353,0.9692307692307692,0.30077519379844964
nih_nall_seed1_densenet121_matched,nih,1,1000,492002,unweighted,Cardiomegaly,112,888,local_head,0.9520948527064735,0.7152937118785299,0.05117433978185713,0.01686023814175944,0.1663874588347087,fitted,0.052124479182243076,0.01795433818050232,0.16757420549360233,True,195,23,1570,212,0.8944954128440367,0.8810325476992144,True,204,14,1442,340,0.9357798165137614,0.8092031425364759
nih_nall_seed1_densenet121_matched,nih,1,1000,492002,unweighted,Pleural_Effusion,50,950,local_head,0.9656632067187536,0.7487958946252125,0.015219305508542039,0.005752469781703895,0.06073769277593338,fitted,0.015192594676845078,0.007695312503353415,0.06067879182646749,True,59,10,1775,156,0.855072463768116,0.9192128430864837,True,61,8,1683,248,0.8840579710144928,0.871569135163128
nih_nall_seed1_densenet121_matched,nih,1,1000,492002,unweighted,Atelectasis,5,995,local_head,0.8763442316547932,0.1588324276284313,0.027610916361155452,0.024446099469940644,0.13540443509566671,fitted,0.02639951718819133,0.007340541044768244,0.10309628872240029,True,49,8,1458,485,0.8596491228070176,0.7503860010293361,True,55,2,1069,874,0.9649122807017544,0.5501801338136901
nih_nall_seed1_densenet121_matched,nih,1,1000,492002,unweighted,Consolidation,7,993,local_head,0.8576108129596501,0.20640992451112702,0.03101627455284537,0.027751303967539696,0.15293954953389244,fitted,0.028813893447224053,0.00940784966583151,0.11666293301321332,True,61,4,980,955,0.9384615384615385,0.5064599483204134,True,64,1,257,1678,0.9846153846153847,0.13281653746770025
nih_nall_seed1_densenet121_matched,nih,1,1000,492002,balanced,Cardiomegaly,112,888,local_head,0.951114097138562,0.7084081501929586,0.07200541167343988,0.0879448170463242,0.23395465186290482,fitted,0.05246918700686994,0.017585131263778753,0.16896629787138956,True,197,21,1548,234,0.9036697247706422,0.8686868686868687,True,204,14,1446,336,0.9357798165137614,0.8114478114478114
nih_nall_seed1_densenet121_matched,nih,1,1000,492002,balanced,Pleural_Effusion,50,950,local_head,0.9602218569638019,0.7281925718747938,0.025421303659326155,0.03569381778963296,0.0912792879699685,fitted,0.015952350894620625,0.008177515287768413,0.06380922822045565,True,60,9,1725,206,0.8695652173913043,0.8933195235629208,True,60,9,1670,261,0.8695652173913043,0.8648368720870016
nih_nall_seed1_densenet121_matched,nih,1,1000,492002,balanced,Atelectasis,5,995,local_head,0.8568229632238084,0.1474948842209999,0.028297431765861355,0.019955199396326034,0.11761762882738008,fitted,0.026632817613501444,0.007868839139105853,0.10620900981679156,True,48,9,1440,503,0.8421052631578947,0.7411219763252702,True,55,2,866,1077,0.9649122807017544,0.44570252187339165
nih_nall_seed1_densenet121_matched,nih,1,1000,492002,balanced,Consolidation,7,993,local_head,0.8233035181872391,0.170217126689209,0.03138897913511022,0.02241935023500951,0.13408373518838582,fitted,0.029424346834125814,0.008115892428868947,0.12143358804085343,True,61,4,776,1159,0.9384615384615385,0.4010335917312661,True,64,1,236,1699,0.9846153846153847,0.12196382428940568
nih_nall_seed1_densenet121_matched,nih,1,1000,492003,unweighted,Cardiomegaly,117,883,local_head,0.9407093359692748,0.696158520253493,0.055290204599095116,0.01540032886567348,0.17949724854266486,fitted,0.05487410183595664,0.015202492754718576,0.17895994614158853,True,192,26,1531,251,0.8807339449541285,0.8591470258136925,True,202,16,1403,379,0.926605504587156,0.787317620650954
nih_nall_seed1_densenet121_matched,nih,1,1000,492003,unweighted,Pleural_Effusion,46,954,local_head,0.9730259158354536,0.7923629584813914,0.013612131672856534,0.007121907110740194,0.05359006112473192,fitted,0.013750248760318039,0.0073746045936154605,0.05393316924059323,True,58,11,1850,81,0.8405797101449275,0.9580528223718281,True,64,5,1743,188,0.927536231884058,0.9026411185914034
nih_nall_seed1_densenet121_matched,nih,1,1000,492003,unweighted,Atelectasis,8,992,local_head,0.8441729645781979,0.1332176303343722,0.027803456445014182,0.02379068605034042,0.13132421927292592,fitted,0.026940769464902314,0.007976437247250013,0.10841609941873795,True,47,10,1415,528,0.8245614035087719,0.728255275347401,True,51,6,1055,888,0.8947368421052632,0.5429747812660833
nih_nall_seed1_densenet121_matched,nih,1,1000,492003,unweighted,Consolidation,8,992,local_head,0.8529119459352017,0.27523522893857466,0.030291358186621806,0.02754898238287427,0.14655390165841828,fitted,0.02828283838099132,0.011166336932646853,0.11544035163726975,True,63,2,902,1033,0.9692307692307692,0.4661498708010336,True,65,0,427,1508,1.0,0.220671834625323
nih_nall_seed1_densenet121_matched,nih,1,1000,492003,balanced,Cardiomegaly,117,883,local_head,0.9422486846034247,0.6969403852196172,0.07860147618221566,0.09066248234449605,0.24845035599712706,fitted,0.05451197377146163,0.013467412423583371,0.17742213183681907,True,192,26,1539,243,0.8807339449541285,0.8636363636363636,True,202,16,1423,359,0.926605504587156,0.7985409652076318
nih_nall_seed1_densenet121_matched,nih,1,1000,492003,balanced,Pleural_Effusion,46,954,local_head,0.9718550874743881,0.7869020814427793,0.020248896683538624,0.02708051532552591,0.07441731761912047,fitted,0.013967128192501989,0.007318789318278579,0.05477484544843616,True,56,13,1851,80,0.8115942028985508,0.9585706887622993,True,63,6,1770,161,0.9130434782608696,0.9166235111341274
nih_nall_seed1_densenet121_matched,nih,1,1000,492003,balanced,Atelectasis,8,992,local_head,0.8242002329550072,0.12366399797793408,0.03128246768797621,0.022416436436728266,0.1264020812634872,fitted,0.027049824969472062,0.0049664226359539395,0.11102494048474532,True,47,10,1331,612,0.8245614035087719,0.6850231600617601,True,51,6,1063,880,0.8947368421052632,0.5470921255790016
nih_nall_seed1_densenet121_matched,nih,1,1000,492003,balanced,Consolidation,8,992,local_head,0.8381713377062214,0.24364411862589452,0.02861572074741447,0.018706036750108276,0.12889341341213198,fitted,0.028817188728751345,0.01069742247685835,0.11836205250053435,True,61,4,939,996,0.9384615384615385,0.48527131782945737,True,65,0,481,1454,1.0,0.24857881136950905
nih_nall_seed1_densenet121_matched,nih,1,2000,492001,unweighted,Cardiomegaly,236,1764,local_head,0.9543446699410001,0.7555757360599139,0.048097455229171145,0.014606010761269422,0.15857262068615194,fitted,0.0483087890924713,0.01674539609348721,0.15912564879120084,True,189,29,1571,211,0.8669724770642202,0.8815937149270483,True,207,11,1453,329,0.9495412844036697,0.8153759820426487
nih_nall_seed1_densenet121_matched,nih,1,2000,492001,unweighted,Pleural_Effusion,100,1900,local_head,0.9767035177388003,0.7969264079267325,0.013590303375818295,0.006231841980561733,0.05328637030829215,fitted,0.013578567120252176,0.006176309392065718,0.053196189333788224,True,58,11,1843,88,0.8405797101449275,0.9544277576385293,True,65,4,1698,233,0.9420289855072463,0.8793371310201968
nih_nall_seed1_densenet121_matched,nih,1,2000,492001,unweighted,Atelectasis,9,1991,local_head,0.8565791731000172,0.12619881253004986,0.027926668292222602,0.025697120736329876,0.14587759808797274,fitted,0.027113112422107375,0.01028748750308419,0.10817403010583113,True,46,11,1384,559,0.8070175438596492,0.712300566134843,True,57,0,877,1066,1.0,0.45136387030365416
nih_nall_seed1_densenet121_matched,nih,1,2000,492001,unweighted,Consolidation,21,1979,local_head,0.8843887895050686,0.29871398212676664,0.028868785365790912,0.026482088754979708,0.13575158711894061,fitted,0.02727781227242682,0.012977819489783283,0.10859430382320001,True,60,5,1096,839,0.9230769230769231,0.5664082687338501,True,64,1,768,1167,0.9846153846153847,0.39689922480620154
nih_nall_seed1_densenet121_matched,nih,1,2000,492001,balanced,Cardiomegaly,236,1764,local_head,0.9536342013406234,0.7519458286200382,0.06840681566289152,0.07812683263414268,0.21898271739733874,fitted,0.04888424068253187,0.015499288106434339,0.1603686335229194,True,191,27,1567,215,0.8761467889908257,0.8793490460157127,True,208,10,1416,366,0.9541284403669725,0.7946127946127947
nih_nall_seed1_densenet121_matched,nih,1,2000,492001,balanced,Pleural_Effusion,100,1900,local_head,0.9731234848655425,0.7751568746793215,0.02219618192354715,0.0324408940919491,0.0810681326796062,fitted,0.014324358379478493,0.005699303469329376,0.05552760630633284,True,57,12,1869,62,0.8260869565217391,0.967892283790782,True,64,5,1672,259,0.927536231884058,0.865872604867944
nih_nall_seed1_densenet121_matched,nih,1,2000,492001,balanced,Atelectasis,9,1991,local_head,0.8228277848507012,0.10805204360046164,0.03051882400149749,0.024915245359388237,0.13384444183623498,fitted,0.027194256228729792,0.007911501233306247,0.11216843980853719,True,52,5,1057,886,0.9122807017543859,0.5440041173443129,True,56,1,672,1271,0.9824561403508771,0.3458569222851261
nih_nall_seed1_densenet121_matched,nih,1,2000,492001,balanced,Consolidation,21,1979,local_head,0.8584853905784139,0.28188867624795855,0.030044399258584112,0.02477285942631453,0.13131156950869644,fitted,0.02797625767969354,0.014677603316848078,0.11346617657520859,True,60,5,989,946,0.9230769230769231,0.5111111111111111,True,63,2,617,1318,0.9692307692307692,0.31886304909560725
nih_nall_seed1_densenet121_matched,nih,1,2000,492002,unweighted,Cardiomegaly,244,1756,local_head,0.9542957608706844,0.7335976008083979,0.04939400897355706,0.01485699304026231,0.16180649172654757,fitted,0.049635071902438446,0.013253007638564447,0.16145075693327043,True,200,18,1535,247,0.9174311926605505,0.8613916947250281,True,209,9,1444,338,0.9587155963302753,0.8103254769921436
nih_nall_seed1_densenet121_matched,nih,1,2000,492002,unweighted,Pleural_Effusion,94,1906,local_head,0.9757128168178988,0.7972053191679183,0.013504364399468316,0.007613867960082807,0.053335414179564784,fitted,0.013432517503039377,0.006929259090682336,0.053099788952400064,True,58,11,1849,82,0.8405797101449275,0.9575349559813569,True,66,3,1703,228,0.9565217391304348,0.8819264629725531
nih_nall_seed1_densenet121_matched,nih,1,2000,492002,unweighted,Atelectasis,7,1993,local_head,0.86484997878123,0.14846189974222407,0.027799246729963988,0.02589962213332816,0.1472660499925276,fitted,0.026477146528395005,0.00615717031950912,0.1055359897108367,True,50,7,1331,612,0.8771929824561404,0.6850231600617601,True,57,0,813,1130,1.0,0.4184251158003088
nih_nall_seed1_densenet121_matched,nih,1,2000,492002,unweighted,Consolidation,16,1984,local_head,0.8874657125819917,0.2826884002706105,0.029642284908731994,0.027294382211468324,0.14165311953402202,fitted,0.027117364239232663,0.011994350199029186,0.10720412364831111,True,58,7,1165,770,0.8923076923076922,0.6020671834625323,True,64,1,509,1426,0.9846153846153847,0.26304909560723516
nih_nall_seed1_densenet121_matched,nih,1,2000,492002,balanced,Cardiomegaly,244,1756,local_head,0.9543060575170668,0.7338920138218183,0.07045972210246962,0.08626308119687486,0.23178847474328948,fitted,0.04955365078890851,0.012355928304257817,0.1616685578114371,True,201,17,1531,251,0.9220183486238532,0.8591470258136925,True,208,10,1451,331,0.9541284403669725,0.8142536475869809
nih_nall_seed1_densenet121_matched,nih,1,2000,492002,balanced,Pleural_Effusion,94,1906,local_head,0.9709544502735685,0.7834015238775324,0.021688786063718518,0.03180273693471797,0.0792380478076048,fitted,0.013939982825195037,0.008392767583202208,0.055682395317834345,True,60,9,1805,126,0.8695652173913043,0.9347488348006214,True,64,5,1653,278,0.927536231884058,0.8560331434489902
nih_nall_seed1_densenet121_matched,nih,1,2000,492002,balanced,Atelectasis,7,1993,local_head,0.8293830304015313,0.12225353186429036,0.028769155454648778,0.02308791460178971,0.1291974099081672,fitted,0.02684310920041812,0.005013927564418893,0.11045255751165196,True,50,7,1239,704,0.8771929824561404,0.6376737004632013,True,56,1,658,1285,0.9824561403508771,0.3386515697375193
nih_nall_seed1_densenet121_matched,nih,1,2000,492002,balanced,Consolidation,16,1984,local_head,0.8675332935798054,0.26012348821456294,0.029666898850609077,0.020975144055710174,0.1289969423948708,fitted,0.027678790080963005,0.012108071640723667,0.11062587586863634,True,60,5,912,1023,0.9230769230769231,0.47131782945736433,True,64,1,459,1476,0.9846153846153847,0.2372093023255814
nih_nall_seed1_densenet121_matched,nih,1,2000,492003,unweighted,Cardiomegaly,241,1759,local_head,0.9490805094780631,0.7323682918388691,0.051019578263645685,0.014624624859907464,0.16675924538975465,fitted,0.05120235587467822,0.01540808529813485,0.1673310033494404,True,192,26,1566,216,0.8807339449541285,0.8787878787878788,True,200,18,1479,303,0.9174311926605505,0.82996632996633
nih_nall_seed1_densenet121_matched,nih,1,2000,492003,unweighted,Pleural_Effusion,92,1908,local_head,0.9801034231718941,0.8124275120217144,0.012665304028124966,0.006981992572076176,0.05071499154481948,fitted,0.01258884934303983,0.007390582121311501,0.05024873144328052,True,55,14,1879,52,0.7971014492753623,0.9730709476954945,True,64,5,1737,194,0.927536231884058,0.8995339202485758
nih_nall_seed1_densenet121_matched,nih,1,2000,492003,unweighted,Atelectasis,9,1991,local_head,0.8449043349495714,0.1302870381317308,0.028157926506087495,0.025370834145718186,0.14548452890264035,fitted,0.027098302818154552,0.011342774525048957,0.10899300890742529,True,48,9,1423,520,0.8421052631578947,0.7323726196603191,True,51,6,1167,776,0.8947368421052632,0.6006176016469377
nih_nall_seed1_densenet121_matched,nih,1,2000,492003,unweighted,Consolidation,18,1982,local_head,0.8809143311468892,0.3060636377744332,0.02895025591794003,0.025683197347456846,0.13493292841571103,fitted,0.02726739178164408,0.013261642455932011,0.10893290887930204,True,62,3,959,976,0.9538461538461538,0.49560723514211885,True,65,0,488,1447,1.0,0.25219638242894055
nih_nall_seed1_densenet121_matched,nih,1,2000,492003,balanced,Cardiomegaly,241,1759,local_head,0.9473378020778632,0.7210659646215523,0.07160059557987053,0.08191998533730069,0.22996497101870714,fitted,0.05233699877048331,0.012187123303800337,0.17040294667931852,True,193,25,1566,216,0.8853211009174312,0.8787878787878788,True,205,13,1448,334,0.9403669724770642,0.8125701459034792
nih_nall_seed1_densenet121_matched,nih,1,2000,492003,balanced,Pleural_Effusion,92,1908,local_head,0.9776416814896539,0.8063165674432076,0.018510572122586083,0.02226606493323452,0.0653279354955832,fitted,0.012802241455997279,0.008064621503537725,0.05155234805608482,True,55,14,1861,70,0.7971014492753623,0.9637493526670119,True,64,5,1718,213,0.927536231884058,0.889694458829622
nih_nall_seed1_densenet121_matched,nih,1,2000,492003,balanced,Atelectasis,9,1991,local_head,0.8207420249027098,0.11682548295631588,0.031393827145549016,0.026707696559545444,0.1363254792235508,fitted,0.027197730979056093,0.0055673650738385875,0.11199991385458098,True,48,9,1245,698,0.8421052631578947,0.6407617086978898,True,49,8,1230,713,0.8596491228070176,0.6330416881111683
nih_nall_seed1_densenet121_matched,nih,1,2000,492003,balanced,Consolidation,18,1982,local_head,0.8636374478234944,0.29324169747524587,0.029139879210972552,0.021173369970969313,0.12490238345394877,fitted,0.027744707476060938,0.010537837351755217,0.1123010057163835,True,62,3,855,1080,0.9538461538461538,0.4418604651162791,True,63,2,700,1235,0.9692307692307692,0.36175710594315247
chexpert_nall_seed2_densenet121_matched,chexpert,2,250,492001,unweighted,Cardiomegaly,28,222,local_head,0.9481280696877027,0.7348358012926426,0.04981711181882932,0.020699996890191186,0.1705038836408267,fitted,0.050226331582505196,0.01875169560272959,0.16929995285891214,True,186,32,1576,206,0.8532110091743119,0.8843995510662177,True,199,19,1474,308,0.9128440366972477,0.8271604938271605
chexpert_nall_seed2_densenet121_matched,chexpert,2,250,492001,unweighted,Pleural_Effusion,10,240,local_head,0.9830830312446055,0.7788660854210224,0.014957798502900781,0.009822012267434049,0.05205292653358095,fitted,0.014460154771094746,0.009319563980709614,0.050571261062946384,True,60,9,1887,44,0.8695652173913043,0.9772138788192646,True,67,2,1726,205,0.9710144927536232,0.893837389953392
chexpert_nall_seed2_densenet121_matched,chexpert,2,250,492001,balanced,Cardiomegaly,28,222,local_head,0.9425035266013859,0.7106730754467674,0.06993426441389906,0.09302163283808457,0.2335577251520775,fitted,0.05254811942924404,0.01956707714895156,0.1772769247409194,True,186,32,1549,233,0.8532110091743119,0.8692480359147026,True,198,20,1441,341,0.908256880733945,0.808641975308642
chexpert_nall_seed2_densenet121_matched,chexpert,2,250,492001,balanced,Pleural_Effusion,10,240,local_head,0.9818521604034854,0.7795837001365157,0.0169771080087767,0.017749203392464885,0.06115192630427033,fitted,0.014578208227141336,0.009008848632965683,0.05100868842641614,True,59,10,1886,45,0.855072463768116,0.9766960124287933,True,67,2,1713,218,0.9710144927536232,0.8871051268772656
chexpert_nall_seed2_densenet121_matched,chexpert,2,250,492002,unweighted,Cardiomegaly,29,221,local_head,0.9574774246028069,0.7595427986440377,0.04676250661953353,0.027381042017443256,0.16109674554162395,fitted,0.04735839530680649,0.020475035677904672,0.15746152879162337,True,182,36,1643,139,0.8348623853211009,0.9219977553310886,True,211,7,1379,403,0.9678899082568807,0.7738496071829405
chexpert_nall_seed2_densenet121_matched,chexpert,2,250,492002,unweighted,Pleural_Effusion,14,236,local_head,0.9785648346204939,0.7707051325532865,0.014510420831030497,0.012492120868932173,0.055716137751657416,fitted,0.01428815637690156,0.008603830340257574,0.05328172329121267,True,62,7,1842,89,0.8985507246376812,0.953909891248058,True,68,1,1541,390,0.9855072463768116,0.7980321077162092
chexpert_nall_seed2_densenet121_matched,chexpert,2,250,492002,balanced,Cardiomegaly,29,221,local_head,0.9564400374797928,0.7538156269823555,0.06842023031461429,0.10175020765461042,0.22875973050991344,fitted,0.04814342169800153,0.020396328302922373,0.15981184492651243,True,183,35,1631,151,0.8394495412844036,0.9152637485970819,True,213,5,1319,463,0.9770642201834863,0.7401795735129069
chexpert_nall_seed2_densenet121_matched,chexpert,2,250,492002,balanced,Pleural_Effusion,14,236,local_head,0.9742342707465532,0.7626099812061573,0.01904244817053631,0.03861118714141979,0.08110432767191757,fitted,0.014613250806428295,0.007950001194282783,0.055263567381028056,True,63,6,1820,111,0.9130434782608696,0.9425168306576903,True,67,2,1572,359,0.9710144927536232,0.8140859658208183
chexpert_nall_seed2_densenet121_matched,chexpert,2,250,492003,unweighted,Cardiomegaly,28,222,local_head,0.9050983844561827,0.6524385439151228,0.06019988334152427,0.017840477138982788,0.20875500590519716,fitted,0.05919039447085314,0.019356672241128758,0.20700638066204327,True,189,29,1407,375,0.8669724770642202,0.7895622895622896,True,197,21,1271,511,0.9036697247706422,0.7132435465768799
chexpert_nall_seed2_densenet121_matched,chexpert,2,250,492003,unweighted,Pleural_Effusion,14,236,local_head,0.9716074122441628,0.777053270238905,0.013782398824119363,0.012902079636434808,0.05403308032340706,fitted,0.01391873569633945,0.01163983731381685,0.052373293459207305,True,64,5,1867,64,0.927536231884058,0.9668565510098395,True,67,2,1495,436,0.9710144927536232,0.7742102537545313
chexpert_nall_seed2_densenet121_matched,chexpert,2,250,492003,balanced,Cardiomegaly,28,222,local_head,0.9026194668396504,0.6483718045771854,0.0711264644380038,0.06635596060151923,0.238486063758802,fitted,0.05980912979787459,0.018922864632511714,0.20959469017302348,True,188,30,1394,388,0.8623853211009174,0.7822671156004489,True,196,22,1299,483,0.8990825688073394,0.7289562289562289
chexpert_nall_seed2_densenet121_matched,chexpert,2,250,492003,balanced,Pleural_Effusion,14,236,local_head,0.9678397466207341,0.78205198363564,0.0182230699073519,0.03481443186101157,0.08251720508015524,fitted,0.01401308205666068,0.01152692240248927,0.05341183647059162,True,63,6,1875,56,0.9130434782608696,0.9709994821336095,True,67,2,1170,761,0.9710144927536232,0.6059036768513724
chexpert_nall_seed2_densenet121_matched,chexpert,2,500,492001,unweighted,Cardiomegaly,50,450,local_head,0.9475154192279573,0.7181158562892812,0.05078984103124678,0.017747660180918213,0.17090654272661146,fitted,0.050926188426397984,0.0175034300372948,0.17138269149770496,True,189,29,1571,211,0.8669724770642202,0.8815937149270483,True,199,19,1466,316,0.9128440366972477,0.8226711560044894
chexpert_nall_seed2_densenet121_matched,chexpert,2,500,492001,unweighted,Pleural_Effusion,27,473,local_head,0.9794129346512658,0.7959794615303531,0.014009255011625843,0.0066477344053315745,0.04920113138379036,fitted,0.01396070244227013,0.006792450613307812,0.0494998102670658,True,63,6,1872,59,0.9130434782608696,0.9694458829621958,True,67,2,1692,239,0.9710144927536232,0.8762299326773693
chexpert_nall_seed2_densenet121_matched,chexpert,2,500,492001,unweighted,Consolidation,7,493,local_head,0.8873305505863646,0.47976278444749565,0.02550265614327716,0.022040984353578683,0.11232091563461848,fitted,0.023466211972518185,0.010193114658082683,0.09390665259983892,True,52,13,1714,221,0.8,0.8857881136950905,True,63,2,217,1718,0.9692307692307692,0.11214470284237726
chexpert_nall_seed2_densenet121_matched,chexpert,2,500,492001,balanced,Cardiomegaly,50,450,local_head,0.9397671928252967,0.6929982148310825,0.06804404200899802,0.07775036552816585,0.22521564491973775,fitted,0.05412623657823192,0.019051608024178487,0.18152483259136046,True,180,38,1587,195,0.8256880733944953,0.8905723905723906,True,200,18,1418,364,0.9174311926605505,0.7957351290684624
chexpert_nall_seed2_densenet121_matched,chexpert,2,500,492001,balanced,Pleural_Effusion,27,473,local_head,0.9786173717905419,0.7940794017989847,0.019169090856442503,0.023403751413245057,0.06822369727661606,fitted,0.01395530484007303,0.006206492849064165,0.049562505579881816,True,64,5,1866,65,0.927536231884058,0.9663386846193682,True,67,2,1701,230,0.9710144927536232,0.8808907301916106
chexpert_nall_seed2_densenet121_matched,chexpert,2,500,492001,balanced,Consolidation,7,493,local_head,0.8627469687934805,0.4645760655971491,0.022950784572734355,0.012557849327152579,0.10249350908609674,fitted,0.02407528993644253,0.010195419929284587,0.09800861651354009,True,51,14,1645,290,0.7846153846153846,0.8501291989664083,True,63,2,183,1752,0.9692307692307692,0.09457364341085271
chexpert_nall_seed2_densenet121_matched,chexpert,2,500,492002,unweighted,Cardiomegaly,58,442,local_head,0.9571273386258096,0.7491821296016948,0.04711976641981628,0.02226154572347413,0.15935644217318548,fitted,0.04791737959997393,0.021815476504628433,0.15926471205286058,True,183,35,1625,157,0.8394495412844036,0.9118967452300786,True,212,6,1340,442,0.9724770642201834,0.7519640852974186
chexpert_nall_seed2_densenet121_matched,chexpert,2,500,492002,unweighted,Pleural_Effusion,33,467,local_head,0.9785047921404394,0.7843989634072585,0.014085421502262439,0.009423509282917414,0.052932342748914916,fitted,0.013894980020153736,0.005155559017534582,0.05108250541604166,True,59,10,1888,43,0.855072463768116,0.9777317452097359,True,66,3,1749,182,0.9565217391304348,0.905748316934231
chexpert_nall_seed2_densenet121_matched,chexpert,2,500,492002,unweighted,Consolidation,5,495,local_head,0.8894454382826477,0.36995753889219646,0.02922930713455776,0.027669706772362922,0.13975448702015453,fitted,0.025603259333691387,0.012109634391909981,0.1001698853490301,True,59,6,1399,536,0.9076923076923077,0.7229974160206718,True,64,1,326,1609,0.9846153846153847,0.16847545219638244
chexpert_nall_seed2_densenet121_matched,chexpert,2,500,492002,balanced,Cardiomegaly,58,442,local_head,0.9560307457860974,0.7413234981360541,0.07062608196070112,0.09765079896073962,0.2329514393265356,fitted,0.048835022972693744,0.021535871390734287,0.1614378299188914,True,185,33,1624,158,0.8486238532110092,0.9113355780022446,True,212,6,1373,409,0.9724770642201834,0.7704826038159371
chexpert_nall_seed2_densenet121_matched,chexpert,2,500,492002,balanced,Pleural_Effusion,33,467,local_head,0.9755326893777347,0.7676261795334048,0.022476342860113442,0.03741478049932479,0.08792386714958149,fitted,0.014338506376169348,0.006845055628755342,0.053004066083994786,True,58,11,1882,49,0.8405797101449275,0.9746245468669084,True,66,3,1754,177,0.9565217391304348,0.9083376488865873
chexpert_nall_seed2_densenet121_matched,chexpert,2,500,492002,balanced,Consolidation,5,495,local_head,0.8739892665474062,0.35034415090158877,0.02678696520927695,0.021737991881835395,0.11594361920723756,fitted,0.026238364078997215,0.012833427813279086,0.10406137009373755,True,59,6,912,1023,0.9076923076923077,0.47131782945736433,True,63,2,267,1668,0.9692307692307692,0.13798449612403102
chexpert_nall_seed2_densenet121_matched,chexpert,2,500,492003,unweighted,Cardiomegaly,56,444,local_head,0.9176499963961738,0.6678395475858725,0.05596113582118339,0.012342704431608264,0.1953357493109227,fitted,0.05613942939086419,0.01858774948575669,0.1970176228425051,True,187,31,1431,351,0.8577981651376146,0.803030303030303,True,208,10,1070,712,0.9541284403669725,0.6004489337822672
chexpert_nall_seed2_densenet121_matched,chexpert,2,500,492003,unweighted,Pleural_Effusion,27,473,local_head,0.9690030696717927,0.797733754739343,0.014160101304867041,0.011866307835260102,0.05253062350296362,fitted,0.013895532787957611,0.0069257305462626486,0.05030034911739868,True,60,9,1882,49,0.8695652173913043,0.9746245468669084,True,67,2,1763,168,0.9710144927536232,0.9129984464008286
chexpert_nall_seed2_densenet121_matched,chexpert,2,500,492003,unweighted,Atelectasis,5,495,local_head,0.782069687858349,0.1397315988219235,0.02700794161383551,0.020332108127194985,0.12624128904114942,fitted,0.02635962324373944,0.005572277035029674,0.11303294759512124,True,47,10,1156,787,0.8245614035087719,0.5949562532166752,True,50,7,839,1104,0.8771929824561404,0.43180648481729283
chexpert_nall_seed2_densenet121_matched,chexpert,2,500,492003,balanced,Cardiomegaly,56,444,local_head,0.9114256736580897,0.6571185433528587,0.07298550685863406,0.07393023043092171,0.24662307359584756,fitted,0.05737325547818575,0.016177785681657036,0.20231784487541568,True,187,31,1428,354,0.8577981651376146,0.8013468013468014,True,208,10,1048,734,0.9541284403669725,0.5881032547699214
chexpert_nall_seed2_densenet121_matched,chexpert,2,500,492003,balanced,Pleural_Effusion,27,473,local_head,0.9694984201322435,0.8043360608355908,0.01873687844990956,0.029481758793609616,0.0800519561333189,fitted,0.013948605153626158,0.007492882945771901,0.050791605025410066,True,60,9,1884,47,0.8695652173913043,0.9756602796478508,True,67,2,1746,185,0.9710144927536232,0.9041947177628172
chexpert_nall_seed2_densenet121_matched,chexpert,2,500,492003,balanced,Atelectasis,5,495,local_head,0.744833003765203,0.11809193216657134,0.03224818382166915,0.024017460832674465,0.1330738493155311,fitted,0.026669762682258232,0.007726082227913723,0.11713080726959392,True,46,11,1092,851,0.8070175438596492,0.56201749871333,True,52,5,567,1376,0.9122807017543859,0.29181677817807516
chexpert_nall_seed2_densenet121_matched,chexpert,2,1000,492001,unweighted,Cardiomegaly,108,892,local_head,0.9542931867090888,0.7551118665344975,0.047263272428930324,0.019590873815062023,0.15993786186501271,fitted,0.047718821131838514,0.014019685754166957,0.15990616556646794,True,196,22,1579,203,0.8990825688073394,0.8860830527497194,True,203,15,1496,286,0.9311926605504587,0.8395061728395061
chexpert_nall_seed2_densenet121_matched,chexpert,2,1000,492001,unweighted,Pleural_Effusion,52,948,local_head,0.9771463310292032,0.8328343564020911,0.012398872012460002,0.008246248173900617,0.04675790063953066,fitted,0.012447273327738408,0.006578417968044692,0.0467807409400303,True,60,9,1875,56,0.8695652173913043,0.9709994821336095,True,66,3,1755,176,0.9565217391304348,0.9088555152770585
chexpert_nall_seed2_densenet121_matched,chexpert,2,1000,492001,unweighted,Atelectasis,5,995,local_head,0.8576897725528438,0.20480454738583342,0.027618915146342557,0.026680321985134352,0.1502424994640535,fitted,0.025493392796583473,0.011004944855707254,0.09967041705425478,True,46,11,1543,400,0.8070175438596492,0.7941327843540916,True,55,2,270,1673,0.9649122807017544,0.13896037056098817
chexpert_nall_seed2_densenet121_matched,chexpert,2,1000,492001,unweighted,Consolidation,13,987,local_head,0.8658079904591532,0.4009880905193787,0.026828126636230933,0.02372155289844464,0.12657865835047816,fitted,0.024741518690761907,0.00772991593338414,0.10073026667357278,True,48,17,1710,225,0.7384615384615385,0.8837209302325582,True,62,3,284,1651,0.9538461538461538,0.1467700258397933
chexpert_nall_seed2_densenet121_matched,chexpert,2,1000,492001,balanced,Cardiomegaly,108,892,local_head,0.9518863456172324,0.7445384247037158,0.06991933540074484,0.09270691901590832,0.2307227882444144,fitted,0.04912881073757986,0.017386468569809785,0.1644758053222618,True,185,33,1595,187,0.8486238532110092,0.8950617283950617,True,197,21,1526,256,0.9036697247706422,0.856341189674523
chexpert_nall_seed2_densenet121_matched,chexpert,2,1000,492001,balanced,Pleural_Effusion,52,948,local_head,0.9771763522692305,0.8354299725618834,0.018032390430211757,0.020322053952544994,0.06388642699612383,fitted,0.012223100051872927,0.00648480548386069,0.04627882677791928,True,60,9,1877,54,0.8695652173913043,0.972035214914552,True,66,3,1782,149,0.9565217391304348,0.9228379078197825
chexpert_nall_seed2_densenet121_matched,chexpert,2,1000,492001,balanced,Atelectasis,5,995,local_head,0.8515950194580635,0.19435756959875625,0.029366940438461206,0.026860700901038072,0.1407765827446388,fitted,0.0256430484834888,0.010846468967264681,0.1015503421706095,True,45,12,1540,403,0.7894736842105263,0.7925887802367473,True,55,2,196,1747,0.9649122807017544,0.10087493566649511
chexpert_nall_seed2_densenet121_matched,chexpert,2,1000,492001,balanced,Consolidation,13,987,local_head,0.8371934009143311,0.3687535552079709,0.026612663536003167,0.015509570205008927,0.1182051459171337,fitted,0.025602029185834284,0.007125994122869021,0.10665232370410746,True,44,21,1664,271,0.676923076923077,0.8599483204134367,True,61,4,225,1710,0.9384615384615385,0.11627906976744186
chexpert_nall_seed2_densenet121_matched,chexpert,2,1000,492002,unweighted,Cardiomegaly,112,888,local_head,0.9587207446534664,0.7519464616270344,0.046754605987070375,0.014449872292564994,0.1559997326859658,fitted,0.0475870617483299,0.018704189011120774,0.1571568489308752,True,185,33,1598,184,0.8486238532110092,0.8967452300785634,True,214,4,1358,424,0.981651376146789,0.7620650953984287
chexpert_nall_seed2_densenet121_matched,chexpert,2,1000,492002,unweighted,Pleural_Effusion,50,950,local_head,0.9721628051846682,0.7426434645874914,0.015486984219015001,0.006831884871784228,0.05658695378394946,fitted,0.015547465649256019,0.007346799363138969,0.056741538946036445,True,53,16,1895,36,0.7681159420289855,0.9813568099430346,True,67,2,1595,336,0.9710144927536232,0.8259968928016572
chexpert_nall_seed2_densenet121_matched,chexpert,2,1000,492002,unweighted,Atelectasis,5,995,local_head,0.8667370949246506,0.1844185540252353,0.027669014098345136,0.02521307359881698,0.1296530521451627,fitted,0.026577979335818402,0.008767382642179815,0.10317535484954486,True,49,8,1552,391,0.8596491228070176,0.7987647967061245,True,53,4,951,992,0.9298245614035088,0.4894493051981472
chexpert_nall_seed2_densenet121_matched,chexpert,2,1000,492002,unweighted,Consolidation,7,993,local_head,0.8871317829457365,0.39785968518908454,0.029043488494136318,0.027901683473302474,0.1432025718983313,fitted,0.02491839687487659,0.007659952303755834,0.09828110188358836,True,55,10,1585,350,0.8461538461538461,0.8191214470284238,True,64,1,252,1683,0.9846153846153847,0.13023255813953488
chexpert_nall_seed2_densenet121_matched,chexpert,2,1000,492002,balanced,Cardiomegaly,112,888,local_head,0.957047539616347,0.744795190343254,0.0658442188036958,0.08076599396786772,0.21881459760998404,fitted,0.048628332665222145,0.01906441328772219,0.16021860817356753,True,188,30,1592,190,0.8623853211009174,0.8933782267115601,True,215,3,1302,480,0.9862385321100917,0.7306397306397306
chexpert_nall_seed2_densenet121_matched,chexpert,2,1000,492002,balanced,Pleural_Effusion,50,950,local_head,0.9674344598803654,0.7191386037727443,0.022319791350043715,0.0281882424777601,0.08340799847794023,fitted,0.01630923098050571,0.007249068202875047,0.06022526434251666,True,53,16,1885,46,0.7681159420289855,0.9761781460383221,True,65,4,1616,315,0.9420289855072463,0.8368720870015536
chexpert_nall_seed2_densenet121_matched,chexpert,2,1000,492002,balanced,Atelectasis,5,995,local_head,0.8565882023638612,0.16178084612953264,0.033093361520248415,0.024424104167638048,0.13011537667171927,fitted,0.026945578123175083,0.009995941232978214,0.1066029991540793,True,48,9,1500,443,0.8421052631578947,0.7720020586721564,True,53,4,839,1104,0.9298245614035088,0.43180648481729283
chexpert_nall_seed2_densenet121_matched,chexpert,2,1000,492002,balanced,Consolidation,7,993,local_head,0.8747922878155436,0.3758826241712674,0.02560989250905808,0.01865333880158402,0.11732945928967707,fitted,0.025410324317567776,0.0072562933410972325,0.10130397105576588,True,55,10,1539,396,0.8461538461538461,0.7953488372093023,True,64,1,199,1736,0.9846153846153847,0.10284237726098192
chexpert_nall_seed2_densenet121_matched,chexpert,2,1000,492003,unweighted,Cardiomegaly,117,883,local_head,0.9435331912396132,0.7376524030728282,0.04966280971962715,0.01915035394389355,0.16979108550936134,fitted,0.050135982820698415,0.01954707735400607,0.17131513852178384,True,182,36,1577,205,0.8348623853211009,0.8849607182940517,True,200,18,1439,343,0.9174311926605505,0.8075196408529742
chexpert_nall_seed2_densenet121_matched,chexpert,2,1000,492003,unweighted,Pleural_Effusion,46,954,local_head,0.9697986325325166,0.8355970461391931,0.01245686592955368,0.008117449410633724,0.0468118448535033,fitted,0.012391083168777108,0.008691193556457491,0.046773406013944356,True,57,12,1896,35,0.8260869565217391,0.981874676333506,True,64,5,1839,92,0.927536231884058,0.9523562920766442
chexpert_nall_seed2_densenet121_matched,chexpert,2,1000,492003,unweighted,Atelectasis,8,992,local_head,0.852380565412502,0.1794754594780036,0.02696802600070405,0.02164371739930361,0.12285596121328149,fitted,0.025930509256808794,0.00759800635481792,0.10351340065220267,True,51,6,1135,808,0.8947368421052632,0.584148224395265,True,51,6,1018,925,0.8947368421052632,0.5239320638188368
chexpert_nall_seed2_densenet121_matched,chexpert,2,1000,492003,unweighted,Consolidation,8,992,local_head,0.8865593321407276,0.4173783819577731,0.026483038163229645,0.022359094992089722,0.11937283644784004,fitted,0.023961068733941267,0.008692163307729293,0.09551560704932646,True,53,12,1642,293,0.8153846153846154,0.8485788113695091,True,62,3,265,1670,0.9538461538461538,0.13695090439276486
chexpert_nall_seed2_densenet121_matched,chexpert,2,1000,492003,balanced,Cardiomegaly,117,883,local_head,0.9396796713310476,0.7250538681652945,0.07183148871102779,0.08758763291098703,0.23422055735573852,fitted,0.051798183954091345,0.02137756617167026,0.176529139311502,True,181,37,1571,211,0.8302752293577982,0.8815937149270483,True,196,22,1462,320,0.8990825688073394,0.8204264870931538
chexpert_nall_seed2_densenet121_matched,chexpert,2,1000,492003,balanced,Pleural_Effusion,46,954,local_head,0.9712246414338144,0.8270385734828647,0.016973411665770825,0.022130682629088627,0.06714230718126404,fitted,0.012718333831575397,0.007697664174144958,0.047750622161877414,True,58,11,1892,39,0.8405797101449275,0.9798032107716209,True,64,5,1843,88,0.927536231884058,0.9544277576385293
chexpert_nall_seed2_densenet121_matched,chexpert,2,1000,492003,balanced,Atelectasis,8,992,local_head,0.8270263925382163,0.14211472555573124,0.02993516279358122,0.01804679836626418,0.11802437248940303,fitted,0.026426302174681365,0.00573235533840293,0.10911220359756212,True,51,6,1039,904,0.8947368421052632,0.534740092640247,True,52,5,755,1188,0.9122807017543859,0.3885743695316521
chexpert_nall_seed2_densenet121_matched,chexpert,2,1000,492003,balanced,Consolidation,8,992,local_head,0.8762393162393162,0.39658185553984837,0.026508854596545832,0.0163356777132765,0.11190015840909255,fitted,0.024577421391405226,0.009165690948768866,0.09905872723988472,True,53,12,1591,344,0.8153846153846154,0.8222222222222222,True,62,3,318,1617,0.9538461538461538,0.16434108527131783
chexpert_nall_seed2_densenet121_matched,chexpert,2,2000,492001,unweighted,Cardiomegaly,236,1764,local_head,0.9569188315365686,0.7560818741780096,0.04708154932034684,0.014957645102449846,0.15696602491040346,fitted,0.047839247288965485,0.016634276927342442,0.15828303650375677,True,181,37,1630,152,0.8302752293577982,0.9147025813692481,True,205,13,1496,286,0.9403669724770642,0.8395061728395061
chexpert_nall_seed2_densenet121_matched,chexpert,2,2000,492001,unweighted,Pleural_Effusion,100,1900,local_head,0.9698061378425236,0.8345582662624731,0.012350716683486744,0.005817527218648532,0.04806850695940092,fitted,0.0123120730837445,0.005394831226338929,0.04816394027966199,True,57,12,1886,45,0.8260869565217391,0.9766960124287933,True,66,3,1779,152,0.9565217391304348,0.9212843086483687
chexpert_nall_seed2_densenet121_matched,chexpert,2,2000,492001,unweighted,Atelectasis,9,1991,local_head,0.8571660752498849,0.17597958153973126,0.027408576043917242,0.02415595957824275,0.13543514893151473,fitted,0.02599042750845869,0.005734931770240776,0.10487609685746402,True,51,6,1197,746,0.8947368421052632,0.6160576428203809,True,54,3,830,1113,0.9473684210526316,0.4271744724652599
chexpert_nall_seed2_densenet121_matched,chexpert,2,2000,492001,unweighted,Consolidation,21,1979,local_head,0.879173126614987,0.4464629090985258,0.0260269320241497,0.024062404279583546,0.12329869967093865,fitted,0.02369949524049985,0.009270643366984969,0.0964108292536394,True,51,14,1668,267,0.7846153846153846,0.862015503875969,True,62,3,208,1727,0.9538461538461538,0.10749354005167959
chexpert_nall_seed2_densenet121_matched,chexpert,2,2000,492001,balanced,Cardiomegaly,236,1764,local_head,0.9519635704650995,0.7347392464736487,0.07118367773529534,0.09142969109471903,0.23447608585476576,fitted,0.05030605257286603,0.019026638394270757,0.16669015337191787,True,181,37,1616,166,0.8302752293577982,0.9068462401795735,True,198,20,1528,254,0.908256880733945,0.8574635241301908
chexpert_nall_seed2_densenet121_matched,chexpert,2,2000,492001,balanced,Pleural_Effusion,100,1900,local_head,0.9672243112001742,0.8219198015547559,0.01984454544054162,0.02575305361122474,0.07357799868383744,fitted,0.01279882178424031,0.006857226217242236,0.04992344167884635,True,58,11,1888,43,0.8405797101449275,0.9777317452097359,True,66,3,1804,127,0.9565217391304348,0.9342309684101502
chexpert_nall_seed2_densenet121_matched,chexpert,2,2000,492001,balanced,Atelectasis,9,1991,local_head,0.7905301080802882,0.13422226836196877,0.029791707849234142,0.022082625043114264,0.12538713455093167,fitted,0.026468142273453548,0.005204589863284071,0.11310248561134285,True,51,6,783,1160,0.8947368421052632,0.40298507462686567,True,53,4,650,1293,0.9298245614035088,0.33453422542460115
chexpert_nall_seed2_densenet121_matched,chexpert,2,2000,492001,balanced,Consolidation,21,1979,local_head,0.8582707215265355,0.41528868717262396,0.024931098369297203,0.016787545872763664,0.11578075097795842,fitted,0.024613188619963828,0.007719506149857255,0.1015405625381398,True,52,13,1545,390,0.8,0.7984496124031008,True,62,3,233,1702,0.9538461538461538,0.12041343669250645
chexpert_nall_seed2_densenet121_matched,chexpert,2,2000,492002,unweighted,Cardiomegaly,244,1756,local_head,0.9561388605731113,0.7520667017900385,0.04757558676552229,0.010306770887818053,0.15835366626804637,fitted,0.04805422310214766,0.016585995383749285,0.159241646311901,True,192,26,1583,199,0.8807339449541285,0.888327721661055,True,203,15,1470,312,0.9311926605504587,0.8249158249158249
chexpert_nall_seed2_densenet121_matched,chexpert,2,2000,492002,unweighted,Pleural_Effusion,94,1906,local_head,0.9714498007340194,0.7908155150339992,0.014153277920432241,0.00677448310188051,0.05233846922024121,fitted,0.014047787856864793,0.00616183467019715,0.05224013997589164,True,58,11,1884,47,0.8405797101449275,0.9756602796478508,True,65,4,1701,230,0.9420289855072463,0.8808907301916106
chexpert_nall_seed2_densenet121_matched,chexpert,2,2000,492002,unweighted,Atelectasis,7,1993,local_head,0.8672246751722332,0.192204708531798,0.027405280263927495,0.02494474636390373,0.1384738165582548,fitted,0.025586547084421603,0.0074032594534197286,0.1028758344825632,True,54,3,1066,877,0.9473684210526316,0.5486361296963459,True,55,2,962,981,0.9649122807017544,0.49511065362840967
chexpert_nall_seed2_densenet121_matched,chexpert,2,2000,492002,unweighted,Consolidation,16,1984,local_head,0.8903518187239118,0.44949143434032174,0.0275432614197256,0.02565682754609665,0.1267382847663543,fitted,0.023348285970267498,0.007460958869256056,0.09390170319026302,True,54,11,1605,330,0.8307692307692307,0.8294573643410853,True,62,3,546,1389,0.9538461538461538,0.28217054263565894
chexpert_nall_seed2_densenet121_matched,chexpert,2,2000,492002,balanced,Cardiomegaly,244,1756,local_head,0.9545300095758812,0.7446302187108236,0.06795381842849423,0.0838950809489777,0.22566244567803886,fitted,0.049021252362595996,0.017792374261386166,0.1622075707004505,True,190,28,1583,199,0.8715596330275229,0.888327721661055,True,203,15,1481,301,0.9311926605504587,0.8310886644219978
chexpert_nall_seed2_densenet121_matched,chexpert,2,2000,492002,balanced,Pleural_Effusion,94,1906,local_head,0.9663461899293749,0.7642438653712003,0.022462669119720183,0.028641339424155893,0.08587802206515303,fitted,0.01475808997766416,0.006365442345468311,0.05568881363136586,True,57,12,1885,46,0.8260869565217391,0.9761781460383221,True,65,4,1709,222,0.9420289855072463,0.8850336613153806
chexpert_nall_seed2_densenet121_matched,chexpert,2,2000,492002,balanced,Atelectasis,7,1993,local_head,0.8105750738142319,0.15178722433724157,0.028461322197999156,0.01969463979077334,0.12337372459381896,fitted,0.02609881862229717,0.005793652073262391,0.11060177699777864,True,53,4,885,1058,0.9298245614035088,0.4554812146165723,True,55,2,472,1471,0.9649122807017544,0.24292331446217189
chexpert_nall_seed2_densenet121_matched,chexpert,2,2000,492002,balanced,Consolidation,16,1984,local_head,0.8704114490161002,0.4249810264584408,0.024631001326970395,0.017180036782359517,0.10926888365107994,fitted,0.024084616719218115,0.00883416374611592,0.09889097566429401,True,50,15,1584,351,0.7692307692307692,0.8186046511627907,True,62,3,652,1283,0.9538461538461538,0.33695090439276487
chexpert_nall_seed2_densenet121_matched,chexpert,2,2000,492003,unweighted,Cardiomegaly,241,1759,local_head,0.9540769571350612,0.7479065516603366,0.048145782577793346,0.017213723954673823,0.1606741459631746,fitted,0.04878730358716391,0.01732650901085961,0.16206400076463132,True,185,33,1617,165,0.8486238532110092,0.9074074074074074,True,206,12,1454,328,0.944954128440367,0.8159371492704826
chexpert_nall_seed2_densenet121_matched,chexpert,2,2000,492003,unweighted,Pleural_Effusion,92,1908,local_head,0.9737164043560819,0.8274964537040149,0.01279518398232166,0.00799634284343979,0.04850048134949513,fitted,0.012837958527873547,0.006748085716981594,0.04849545674469074,True,57,12,1893,38,0.8260869565217391,0.9803210771620922,True,62,7,1862,69,0.8985507246376812,0.9642672190574831
chexpert_nall_seed2_densenet121_matched,chexpert,2,2000,492003,unweighted,Atelectasis,9,1991,local_head,0.8475769970474307,0.16642734345853735,0.027607114743150564,0.024962882942044788,0.13651684957978572,fitted,0.026774480672261732,0.009615197270539975,0.10619500832241485,True,47,10,1440,503,0.8245614035087719,0.7411219763252702,True,50,7,1085,858,0.8771929824561404,0.5584148224395266
chexpert_nall_seed2_densenet121_matched,chexpert,2,2000,492003,unweighted,Consolidation,18,1982,local_head,0.8889842973563903,0.46405306739475105,0.025650304462827657,0.022782764497814256,0.1177228363484666,fitted,0.023224265201955533,0.010351746579935085,0.09332651472250168,True,52,13,1610,325,0.8,0.8320413436692506,True,62,3,335,1600,0.9538461538461538,0.1731266149870801
chexpert_nall_seed2_densenet121_matched,chexpert,2,2000,492003,balanced,Cardiomegaly,241,1759,local_head,0.949492375333354,0.7287063761034371,0.06960711075354362,0.08627660438233635,0.228257209415384,fitted,0.051172547504710494,0.018925754835666907,0.16948283007724857,True,181,37,1614,168,0.8302752293577982,0.9057239057239057,True,204,14,1432,350,0.9357798165137614,0.8035914702581369
chexpert_nall_seed2_densenet121_matched,chexpert,2,2000,492003,balanced,Pleural_Effusion,92,1908,local_head,0.9730634423854878,0.8094412037680228,0.019677552678866745,0.022231031943485708,0.07213233983354313,fitted,0.013474130419088706,0.0062374405507003286,0.050708118277065846,True,58,11,1895,36,0.8405797101449275,0.9813568099430346,True,60,9,1868,63,0.8695652173913043,0.9673744174003107
chexpert_nall_seed2_densenet121_matched,chexpert,2,2000,492003,balanced,Atelectasis,9,1991,local_head,0.8138526965896471,0.12841105638491093,0.030572781200404194,0.02068980053804932,0.12643115015783898,fitted,0.02696056614501909,0.007024777146673317,0.11173747945115751,True,46,11,1217,726,0.8070175438596492,0.6263510036026763,True,53,4,836,1107,0.9298245614035088,0.43026248069994855
chexpert_nall_seed2_densenet121_matched,chexpert,2,2000,492003,balanced,Consolidation,18,1982,local_head,0.872454780361757,0.43842676201839037,0.02526217584864666,0.01752579025395569,0.1111757129512065,fitted,0.02391766580297287,0.009000944419224987,0.09731180813309828,True,55,10,1422,513,0.8461538461538461,0.7348837209302326,True,62,3,396,1539,0.9538461538461538,0.20465116279069767
nih_nall_seed2_densenet121_matched,nih,2,250,492001,unweighted,Cardiomegaly,28,222,local_head,0.9368249261215622,0.6493758028641792,0.05661321296185698,0.02436153405798392,0.1863859097195097,fitted,0.05709692276844093,0.0250291477693129,0.1883731018427835,True,174,44,1634,148,0.7981651376146789,0.9169472502805837,True,197,21,1460,322,0.9036697247706422,0.819304152637486
nih_nall_seed2_densenet121_matched,nih,2,250,492001,unweighted,Pleural_Effusion,10,240,local_head,0.9666388970196415,0.7395936456073824,0.016985724006180092,0.011119205289386293,0.0644102147738605,fitted,0.016100888852431505,0.008416735262113837,0.06158486206908212,True,55,14,1860,71,0.7971014492753623,0.9632314862765406,True,66,3,1720,211,0.9565217391304348,0.8907301916105644
nih_nall_seed2_densenet121_matched,nih,2,250,492001,balanced,Cardiomegaly,28,222,local_head,0.9360501034812961,0.6523118715345999,0.06721551266345856,0.07384425993524393,0.22539773105016148,fitted,0.05702204174279836,0.025096486258037995,0.1890443833062842,True,177,41,1631,151,0.8119266055045872,0.9152637485970819,True,198,20,1419,363,0.908256880733945,0.7962962962962963
nih_nall_seed2_densenet121_matched,nih,2,250,492001,balanced,Pleural_Effusion,10,240,local_head,0.9649652128881183,0.7259969147994835,0.020524755380522147,0.024959611248033406,0.07532662141968748,fitted,0.016440197529751475,0.010230822664575675,0.06305536386306965,True,54,15,1859,72,0.782608695652174,0.9627136198860694,True,66,3,1708,223,0.9565217391304348,0.8845157949249094
nih_nall_seed2_densenet121_matched,nih,2,250,492002,unweighted,Cardiomegaly,29,221,local_head,0.9396693746846653,0.6835878914799018,0.05425653888991241,0.02605581561087803,0.18388892251336905,fitted,0.054482285446656786,0.017477294219286805,0.18189212883283648,True,180,38,1549,233,0.8256880733944953,0.8692480359147026,True,201,17,1445,337,0.9220183486238532,0.8108866442199776
nih_nall_seed2_densenet121_matched,nih,2,250,492002,unweighted,Pleural_Effusion,14,236,local_head,0.97393405834628,0.6973686934724918,0.017663372573531493,0.013829034566507241,0.06747620731929302,fitted,0.017305718874392396,0.00709751771936058,0.063123159651012,True,58,11,1823,108,0.8405797101449275,0.944070429829104,True,69,0,1449,482,1.0,0.7503883997928534
nih_nall_seed2_densenet121_matched,nih,2,250,492002,balanced,Cardiomegaly,29,221,local_head,0.9391236524264047,0.679172402643013,0.0778259534455985,0.10865438004963045,0.25415745625583175,fitted,0.05475673323206397,0.020769085848834922,0.18278900361184328,True,193,25,1509,273,0.8853211009174312,0.8468013468013468,True,201,17,1427,355,0.9220183486238532,0.8007856341189674
nih_nall_seed2_densenet121_matched,nih,2,250,492002,balanced,Pleural_Effusion,14,236,local_head,0.9694458829621957,0.6537568386201046,0.029090287211519242,0.05382471325729614,0.10733078512174972,fitted,0.018471264306478836,0.00911390682893621,0.06776965063140483,True,59,10,1793,138,0.855072463768116,0.9285344381149664,True,68,1,1384,547,0.9855072463768116,0.7167270844122217
nih_nall_seed2_densenet121_matched,nih,2,250,492003,unweighted,Cardiomegaly,28,222,local_head,0.9221779466427784,0.6133641608788826,0.06253810442757496,0.025978683918737318,0.20465145957049224,fitted,0.06210278109878179,0.017541028274969412,0.20352680918934873,True,201,17,1368,414,0.9220183486238532,0.7676767676767676,True,211,7,1088,694,0.9678899082568807,0.6105499438832772
nih_nall_seed2_densenet121_matched,nih,2,250,492003,unweighted,Pleural_Effusion,14,236,local_head,0.9738364893161912,0.7309624346929166,0.0164817001333897,0.01433866458091795,0.0634303442523008,fitted,0.01621116249053167,0.00811015860109869,0.0596439449655858,True,60,9,1839,92,0.8695652173913043,0.9523562920766442,True,68,1,1536,395,0.9855072463768116,0.7954427757638529
nih_nall_seed2_densenet121_matched,nih,2,250,492003,balanced,Cardiomegaly,28,222,local_head,0.921990032846302,0.612026483907456,0.06923216294527937,0.06277086016543364,0.22853376974119094,fitted,0.062323164559257106,0.02230302227285171,0.20392811975368166,True,197,21,1402,380,0.9036697247706422,0.7867564534231201,True,211,7,1132,650,0.9678899082568807,0.6352413019079686
nih_nall_seed2_densenet121_matched,nih,2,250,492003,balanced,Pleural_Effusion,14,236,local_head,0.9713522317039306,0.71289180990474,0.026449631423474184,0.050170946203923684,0.09895692091246218,fitted,0.016880439535721777,0.005714825802036209,0.062291381476213756,True,58,11,1844,87,0.8405797101449275,0.9549456240290005,True,68,1,1480,451,0.9855072463768116,0.7664422578974625
nih_nall_seed2_densenet121_matched,nih,2,500,492001,unweighted,Cardiomegaly,50,450,local_head,0.937774791750327,0.6655507519851073,0.05704995744527845,0.019603905556493287,0.1864248275308486,fitted,0.0565780096003103,0.01981075880286826,0.1853027299997896,True,189,29,1533,249,0.8669724770642202,0.8602693602693603,True,200,18,1432,350,0.9174311926605505,0.8035914702581369
nih_nall_seed2_densenet121_matched,nih,2,500,492001,unweighted,Pleural_Effusion,27,473,local_head,0.9748346955470996,0.7270688634928019,0.016792634820944764,0.009892043136842707,0.0607673925145198,fitted,0.016611371179452838,0.010495044478036866,0.05928316867516837,True,58,11,1839,92,0.8405797101449275,0.9523562920766442,True,68,1,1551,380,0.9855072463768116,0.8032107716209218
nih_nall_seed2_densenet121_matched,nih,2,500,492001,unweighted,Consolidation,7,493,local_head,0.8816060425362751,0.40740234886604043,0.026935821782174508,0.022746098948673143,0.11882489113133504,fitted,0.025226529763003918,0.01009759961465104,0.10154395624209221,True,55,10,1482,453,0.8461538461538461,0.765891472868217,True,65,0,189,1746,1.0,0.09767441860465116
nih_nall_seed2_densenet121_matched,nih,2,500,492001,balanced,Cardiomegaly,50,450,local_head,0.9363332612568086,0.6626229567224976,0.06497190490453796,0.05822672799148825,0.21507430839449837,fitted,0.05702444165834794,0.018148396065301185,0.1867887259288219,True,191,27,1504,278,0.8761467889908257,0.8439955106621774,True,200,18,1433,349,0.9174311926605505,0.8041526374859708
nih_nall_seed2_densenet121_matched,nih,2,500,492001,balanced,Pleural_Effusion,27,473,local_head,0.9753600672475776,0.7200783104126292,0.023601469233376776,0.0346874281945463,0.08278764423642655,fitted,0.016729708625837062,0.0056080557405031916,0.05964969104185635,True,59,10,1837,94,0.855072463768116,0.9513205592957017,True,68,1,1526,405,0.9855072463768116,0.7902641118591404
nih_nall_seed2_densenet121_matched,nih,2,500,492001,balanced,Consolidation,7,493,local_head,0.8693460544623336,0.394968610455739,0.026077277010300222,0.015059318860828341,0.10584094807343135,fitted,0.025446297035141903,0.007976775800876749,0.10352502390948498,True,55,10,1359,576,0.8461538461538461,0.7023255813953488,True,65,0,174,1761,1.0,0.08992248062015504
nih_nall_seed2_densenet121_matched,nih,2,500,492002,unweighted,Cardiomegaly,58,442,local_head,0.9476853138932649,0.7189970853133041,0.05191355688386658,0.02251683264631249,0.17225923471982235,fitted,0.052070069214599675,0.017027937909463498,0.1703022139478138,True,188,30,1568,214,0.8623853211009174,0.8799102132435466,True,200,18,1491,291,0.9174311926605505,0.8367003367003367
nih_nall_seed2_densenet121_matched,nih,2,500,492002,unweighted,Pleural_Effusion,33,467,local_head,0.9742793026065941,0.7792767321320652,0.01495723659400064,0.01432635116791588,0.05876996069264101,fitted,0.014642108888154051,0.007102614974482513,0.056101072142738656,True,62,7,1820,111,0.8985507246376812,0.9425168306576903,True,68,1,1394,537,0.9855072463768116,0.7219057483169342
nih_nall_seed2_densenet121_matched,nih,2,500,492002,unweighted,Consolidation,5,495,local_head,0.8886742198370106,0.28975879344687633,0.030143741059406377,0.027563693073239148,0.13725800906785485,fitted,0.027526796950862225,0.013035557918393,0.107884863025668,True,61,4,1010,925,0.9384615384615385,0.5219638242894057,True,65,0,136,1799,1.0,0.0702842377260982
nih_nall_seed2_densenet121_matched,nih,2,500,492002,balanced,Cardiomegaly,58,442,local_head,0.9470083093936305,0.715419828142372,0.07885386188766853,0.1077908232513945,0.25210935788425676,fitted,0.05206983098476549,0.016658251685282746,0.17079605784440388,True,188,30,1578,204,0.8623853211009174,0.8855218855218855,True,201,17,1481,301,0.9220183486238532,0.8310886644219978
nih_nall_seed2_densenet121_matched,nih,2,500,492002,balanced,Pleural_Effusion,33,467,local_head,0.9716224228641764,0.7571788753651093,0.02834964261112676,0.05087850201262687,0.10076597305869128,fitted,0.015356164006806425,0.0067977787586513795,0.05862376450572069,True,60,9,1816,115,0.8695652173913043,0.9404453650958052,True,67,2,1313,618,0.9710144927536232,0.6799585706887623
nih_nall_seed2_densenet121_matched,nih,2,500,492002,balanced,Consolidation,5,495,local_head,0.8840787119856888,0.2838011701998716,0.027524239730852114,0.0188501550929344,0.11319031918081479,fitted,0.027675916051933338,0.013178258172622236,0.1092867236054834,True,61,4,893,1042,0.9384615384615385,0.46149870801033593,True,65,0,156,1779,1.0,0.08062015503875969
nih_nall_seed2_densenet121_matched,nih,2,500,492003,unweighted,Cardiomegaly,56,444,local_head,0.9303946704558326,0.6513836411326267,0.058047240177391504,0.015929902470431346,0.19316619374500044,fitted,0.05823623822913946,0.016226666874862263,0.19325143094833871,True,197,21,1424,358,0.9036697247706422,0.7991021324354658,True,206,12,1291,491,0.944954128440367,0.7244668911335578
nih_nall_seed2_densenet121_matched,nih,2,500,492003,unweighted,Pleural_Effusion,27,473,local_head,0.9789025735708013,0.7719280352148856,0.015011135136696578,0.013134402422317315,0.055947683480272584,fitted,0.015050005408947806,0.0129270607931383,0.0549818637031034,True,62,7,1850,81,0.8985507246376812,0.9580528223718281,True,68,1,1704,227,0.9855072463768116,0.8824443293630243
nih_nall_seed2_densenet121_matched,nih,2,500,492003,unweighted,Atelectasis,5,495,local_head,0.8637754963837798,0.12114734381325278,0.02740636104231833,0.020842211286908132,0.12136144253934074,fitted,0.02692284502668893,0.010310636553620313,0.10679543790272311,True,49,8,1370,573,0.8596491228070176,0.7050952135872363,True,53,4,1144,799,0.9298245614035088,0.588780236747298
nih_nall_seed2_densenet121_matched,nih,2,500,492003,balanced,Cardiomegaly,56,444,local_head,0.9295503454524862,0.6507844666718405,0.06919025063057575,0.058732861221151844,0.2265153102940817,fitted,0.05837663989682665,0.02114116554385052,0.1941200908523322,True,197,21,1426,356,0.9036697247706422,0.8002244668911336,True,205,13,1283,499,0.9403669724770642,0.7199775533108866
nih_nall_seed2_densenet121_matched,nih,2,500,492003,balanced,Pleural_Effusion,27,473,local_head,0.9777842823797837,0.7622765550495484,0.02424741484362402,0.0427311452906711,0.08728762255113952,fitted,0.015532224432799956,0.00866658419325385,0.05667597144666348,True,58,11,1853,78,0.8405797101449275,0.9596064215432418,True,67,2,1692,239,0.9710144927536232,0.8762299326773693
nih_nall_seed2_densenet121_matched,nih,2,500,492003,balanced,Atelectasis,5,495,local_head,0.846087168513151,0.10902036218144387,0.032357288192774905,0.018003209320183906,0.12008190187141171,fitted,0.027154465546014785,0.008264120519712995,0.10981488883596506,True,51,6,1238,705,0.8947368421052632,0.6371590324240864,True,53,4,1109,834,0.9298245614035088,0.570766855378281
nih_nall_seed2_densenet121_matched,nih,2,1000,492001,unweighted,Cardiomegaly,108,892,local_head,0.944918090178029,0.7064190455912672,0.052879508981307624,0.017464581199489067,0.17353419779132387,fitted,0.05332153694360638,0.02185907656161055,0.17514269294813128,True,187,31,1546,236,0.8577981651376146,0.867564534231201,True,195,23,1496,286,0.8944954128440367,0.8395061728395061
nih_nall_seed2_densenet121_matched,nih,2,1000,492001,unweighted,Pleural_Effusion,52,948,local_head,0.9814919055231577,0.7911276528726172,0.014551103975579802,0.004901188672892473,0.05245766848389887,fitted,0.014426908159290206,0.007308545420649775,0.051768406097661944,True,62,7,1845,86,0.8985507246376812,0.9554634904194718,True,68,1,1723,208,0.9855072463768116,0.8922837907819783
nih_nall_seed2_densenet121_matched,nih,2,1000,492001,unweighted,Atelectasis,5,995,local_head,0.857256367888326,0.13716345040240224,0.02802333670364937,0.025903865535689245,0.14898159109269332,fitted,0.02653760674669848,0.010797960341768937,0.10683360550348157,True,48,9,1402,541,0.8421052631578947,0.7215645908389089,True,51,6,1172,771,0.8947368421052632,0.6031909418425115
nih_nall_seed2_densenet121_matched,nih,2,1000,492001,unweighted,Consolidation,13,987,local_head,0.8905744384814153,0.37741944471109345,0.027127867506301855,0.022708094890218307,0.12120878499583465,fitted,0.02571185419887071,0.008967662144743522,0.10292223941944602,True,60,5,1266,669,0.9230769230769231,0.6542635658914728,True,65,0,325,1610,1.0,0.16795865633074936
nih_nall_seed2_densenet121_matched,nih,2,1000,492001,balanced,Cardiomegaly,108,892,local_head,0.9439965403268156,0.6982174008700983,0.0719799150768267,0.07889096178882753,0.23200417857833258,fitted,0.05389184472807302,0.015885470177181654,0.1764229539212591,True,187,31,1541,241,0.8577981651376146,0.8647586980920314,True,200,18,1474,308,0.9174311926605505,0.8271604938271605
nih_nall_seed2_densenet121_matched,nih,2,1000,492001,balanced,Pleural_Effusion,52,948,local_head,0.982272457763868,0.7921764994253269,0.018892675799817085,0.02489178923010375,0.06555539256307512,fitted,0.014350847167090043,0.0055181718025384885,0.05153380761321475,True,60,9,1844,87,0.8695652173913043,0.9549456240290005,True,68,1,1719,212,0.9855072463768116,0.8902123252200932
nih_nall_seed2_densenet121_matched,nih,2,1000,492001,balanced,Atelectasis,5,995,local_head,0.8352159348448321,0.12120501570174054,0.0294455236857542,0.025235414716683502,0.1327581971775569,fitted,0.026849716651044693,0.009885459092605804,0.11042588236394664,True,49,8,1223,720,0.8596491228070176,0.629439011837365,True,51,6,960,983,0.8947368421052632,0.49408131755018014
nih_nall_seed2_densenet121_matched,nih,2,1000,492001,balanced,Consolidation,13,987,local_head,0.8714211886304909,0.35654445566793935,0.027970480872387113,0.018483235972299287,0.11164460796971264,fitted,0.02609797063559872,0.00943608239017824,0.10603925350916049,True,60,5,1088,847,0.9230769230769231,0.5622739018087856,True,64,1,396,1539,0.9846153846153847,0.20465116279069767
nih_nall_seed2_densenet121_matched,nih,2,1000,492002,unweighted,Cardiomegaly,112,888,local_head,0.9541516078213326,0.7385861775386965,0.05014923411123857,0.020802104873939867,0.1623249844382443,fitted,0.050406282807073995,0.013839130776349125,0.16207927157966415,True,195,23,1585,197,0.8944954128440367,0.8894500561167228,True,197,21,1558,224,0.9036697247706422,0.8742985409652076
nih_nall_seed2_densenet121_matched,nih,2,1000,492002,unweighted,Pleural_Effusion,50,950,local_head,0.971900119334429,0.7614531658546498,0.015215792570616823,0.010034625418037926,0.05803349630434792,fitted,0.015417473847313196,0.007961054771111132,0.05813719055248657,True,58,11,1865,66,0.8405797101449275,0.965820818228897,True,65,4,1642,289,0.9420289855072463,0.8503366131538063
nih_nall_seed2_densenet121_matched,nih,2,1000,492002,unweighted,Atelectasis,5,995,local_head,0.8663398073155095,0.1412562789834313,0.02778102756882489,0.024529053839778818,0.13912628468861574,fitted,0.026547155170639585,0.006870285538397482,0.10619360834602196,True,49,8,1412,531,0.8596491228070176,0.7267112712300566,True,52,5,1294,649,0.9122807017543859,0.6659804426145136
nih_nall_seed2_densenet121_matched,nih,2,1000,492002,unweighted,Consolidation,7,993,local_head,0.8957423971377461,0.3390493859413486,0.03022669026653487,0.02790806249311454,0.14253266505487994,fitted,0.027317032304192513,0.012334626744233645,0.10757701102051272,True,63,2,872,1063,0.9692307692307692,0.4506459948320413,True,65,0,260,1675,1.0,0.1343669250645995
nih_nall_seed2_densenet121_matched,nih,2,1000,492002,balanced,Cardiomegaly,112,888,local_head,0.9532557995860749,0.737564300890465,0.07232978105827452,0.0909964915629684,0.23335052535476003,fitted,0.05064979467785672,0.02171950602071203,0.16318034542452284,True,190,28,1588,194,0.8715596330275229,0.8911335578002245,True,200,18,1532,250,0.9174311926605505,0.8597081930415263
nih_nall_seed2_densenet121_matched,nih,2,1000,492002,balanced,Pleural_Effusion,50,950,local_head,0.9685827723114103,0.7193658076428956,0.028347193709042776,0.04456440689924909,0.09930681717640621,fitted,0.01662883054745565,0.005607235224347173,0.06238951866904192,True,58,11,1844,87,0.8405797101449275,0.9549456240290005,True,65,4,1588,343,0.9420289855072463,0.8223718280683584
nih_nall_seed2_densenet121_matched,nih,2,1000,492002,balanced,Atelectasis,5,995,local_head,0.8453377396140892,0.12323402989337306,0.029308438693210207,0.021951140548977354,0.12064695855376459,fitted,0.02682175226149359,0.0066092595236857555,0.10909650106449736,True,51,6,1302,641,0.8947368421052632,0.6700977869274318,True,51,6,1235,708,0.8947368421052632,0.6356150283067421
nih_nall_seed2_densenet121_matched,nih,2,1000,492002,balanced,Consolidation,7,993,local_head,0.8786960842774797,0.310633762545222,0.027919488777787584,0.021797464410729932,0.11941709697694801,fitted,0.02780109322983843,0.009558637223130545,0.11131108604837345,True,64,1,703,1232,0.9846153846153847,0.3633074935400517,True,64,1,376,1559,0.9846153846153847,0.19431524547803616
nih_nall_seed2_densenet121_matched,nih,2,1000,492003,unweighted,Cardiomegaly,117,883,local_head,0.9495593035348386,0.7289007881231655,0.05089746368739808,0.013891924879692825,0.16752022316140658,fitted,0.050779045797888715,0.01120484147495455,0.16686911862828527,True,190,28,1571,211,0.8715596330275229,0.8815937149270483,True,201,17,1487,295,0.9220183486238532,0.8344556677890012
nih_nall_seed2_densenet121_matched,nih,2,1000,492003,unweighted,Pleural_Effusion,46,954,local_head,0.9806813320424199,0.7888515511557553,0.014430173824088675,0.010338647714244344,0.05291109248252975,fitted,0.01463216807290456,0.006664957019437461,0.05338730068778058,True,54,15,1890,41,0.782608695652174,0.9787674779906784,True,65,4,1786,145,0.9420289855072463,0.9249093733816676
nih_nall_seed2_densenet121_matched,nih,2,1000,492003,unweighted,Atelectasis,8,992,local_head,0.8608229271067529,0.12573900356239603,0.02770082469948016,0.023379341535542317,0.12844856867096466,fitted,0.027130202216478317,0.00686722074720061,0.10748168732781953,True,50,7,1277,666,0.8771929824561404,0.6572310859495625,True,54,3,1098,845,0.9473684210526316,0.5651055069480185
nih_nall_seed2_densenet121_matched,nih,2,1000,492003,unweighted,Consolidation,8,992,local_head,0.8097634665076526,0.2967000900290276,0.029634154900168547,0.026138119039096328,0.14436934255504247,fitted,0.027227928680096124,0.007717928481874995,0.1146869840754546,True,49,16,1194,741,0.7538461538461538,0.6170542635658914,True,65,0,115,1820,1.0,0.059431524547803614
nih_nall_seed2_densenet121_matched,nih,2,1000,492003,balanced,Cardiomegaly,117,883,local_head,0.9501075999546947,0.7280130869998243,0.07496545405912315,0.09350362946136971,0.24041911249777403,fitted,0.05076541703555263,0.010653359351343145,0.16615763700327915,True,188,30,1576,206,0.8623853211009174,0.8843995510662177,True,199,19,1508,274,0.9128440366972477,0.8462401795735129
nih_nall_seed2_densenet121_matched,nih,2,1000,492003,balanced,Pleural_Effusion,46,954,local_head,0.9792928496911564,0.769762263988467,0.02226139947599247,0.03360629904135347,0.07899405910833583,fitted,0.015323811823409621,0.007573394246492557,0.05532363868691401,True,53,16,1887,44,0.7681159420289855,0.9772138788192646,True,67,2,1774,157,0.9710144927536232,0.9186949766960124
nih_nall_seed2_densenet121_matched,nih,2,1000,492003,balanced,Atelectasis,8,992,local_head,0.8424844922393476,0.11249962581162211,0.031706180578422505,0.02484026489383815,0.12391670834788981,fitted,0.027439009524221875,0.0063312024266005,0.11091842477948465,True,53,4,1041,902,0.9298245614035088,0.5357694287184765,True,54,3,1010,933,0.9473684210526316,0.5198147195059187
nih_nall_seed2_densenet121_matched,nih,2,1000,492003,balanced,Consolidation,8,992,local_head,0.7730232558139535,0.2641825704228932,0.02823516465442632,0.017759327771185503,0.1309642522832503,fitted,0.027914642216143426,0.00613587794981993,0.11958851458571067,True,52,13,942,993,0.8,0.4868217054263566,True,65,0,217,1718,1.0,0.11214470284237726
nih_nall_seed2_densenet121_matched,nih,2,2000,492001,unweighted,Cardiomegaly,236,1764,local_head,0.9558685736055766,0.756502927041267,0.048413573547986886,0.016646100130513847,0.15732980709930533,fitted,0.04861367097265205,0.011883854515679956,0.1573106941831914,True,194,24,1571,211,0.8899082568807339,0.8815937149270483,True,208,10,1463,319,0.9541284403669725,0.8209876543209876
nih_nall_seed2_densenet121_matched,nih,2,2000,492001,unweighted,Pleural_Effusion,100,1900,local_head,0.9750598548473045,0.7524849540819574,0.015673588987813535,0.007572168799947388,0.058047193139007205,fitted,0.015645090924746717,0.008451001460916647,0.05822450010311535,True,52,17,1880,51,0.7536231884057971,0.9735888140859659,True,65,4,1727,204,0.9420289855072463,0.8943552563438633
nih_nall_seed2_densenet121_matched,nih,2,2000,492001,unweighted,Atelectasis,9,1991,local_head,0.8565520853084847,0.13477830245186503,0.027838240564583,0.025191250311789044,0.14192857742922949,fitted,0.026695426749246486,0.006090748857918035,0.1069229929364449,True,50,7,1297,646,0.8771929824561404,0.667524446731858,True,51,6,1199,744,0.8947368421052632,0.6170869788986104
nih_nall_seed2_densenet121_matched,nih,2,2000,492001,unweighted,Consolidation,21,1979,local_head,0.8664838004372888,0.33779819914381104,0.0280664394665827,0.02465254008333816,0.13565280230066665,fitted,0.026814523271930193,0.008900254325794388,0.10893965485175042,True,57,8,1181,754,0.8769230769230769,0.6103359173126615,True,65,0,454,1481,1.0,0.234625322997416
nih_nall_seed2_densenet121_matched,nih,2,2000,492001,balanced,Cardiomegaly,236,1764,local_head,0.9544270431120584,0.7435390642831843,0.06886563436443108,0.0823706902749633,0.22221445167238163,fitted,0.0495276428120379,0.013849415064245843,0.16018060129926182,True,188,30,1585,197,0.8623853211009174,0.8894500561167228,True,205,13,1488,294,0.9403669724770642,0.835016835016835
nih_nall_seed2_densenet121_matched,nih,2,2000,492001,balanced,Pleural_Effusion,100,1900,local_head,0.9732660857556721,0.734038584316018,0.025387814332529846,0.0331124577855231,0.08814719671409174,fitted,0.015998057394984503,0.008379580458719433,0.06015930536337481,True,51,18,1888,43,0.7391304347826086,0.9777317452097359,True,65,4,1715,216,0.9420289855072463,0.8881408596582082
nih_nall_seed2_densenet121_matched,nih,2,2000,492001,balanced,Atelectasis,9,1991,local_head,0.8109362443679967,0.11030095178887812,0.029800873498771578,0.02088156448113622,0.12822659669231792,fitted,0.027242244332877485,0.007955632991752323,0.11299279362787203,True,49,8,1238,705,0.8596491228070176,0.6371590324240864,True,53,4,799,1144,0.9298245614035088,0.411219763252702
nih_nall_seed2_densenet121_matched,nih,2,2000,492001,balanced,Consolidation,21,1979,local_head,0.8251401311866428,0.3012312301123455,0.029206244290706715,0.02299860145843336,0.13268030588828264,fitted,0.027426572051188345,0.0038182809938492107,0.11473450727678669,True,56,9,1018,917,0.8615384615384616,0.5260981912144703,True,63,2,313,1622,0.9692307692307692,0.16175710594315246
nih_nall_seed2_densenet121_matched,nih,2,2000,492002,unweighted,Cardiomegaly,244,1756,local_head,0.9516907093359692,0.7333608920014184,0.05034788888196993,0.015626995613711447,0.16497603677709247,fitted,0.050482093976481075,0.015115931045241235,0.16473353641536242,True,195,23,1557,225,0.8944954128440367,0.8737373737373737,True,200,18,1517,265,0.9174311926605505,0.8512906846240179
nih_nall_seed2_densenet121_matched,nih,2,2000,492002,unweighted,Pleural_Effusion,94,1906,local_head,0.9697385900524621,0.7562558166577285,0.015032131092000871,0.0067632838176544825,0.0579800176130811,fitted,0.015075118694143647,0.005324267033125779,0.058098423353330965,True,55,14,1870,61,0.7971014492753623,0.9684101501812532,True,64,5,1701,230,0.927536231884058,0.8808907301916106
nih_nall_seed2_densenet121_matched,nih,2,2000,492002,unweighted,Atelectasis,7,1993,local_head,0.8544934131520256,0.14950874871549202,0.027881260048138977,0.025753483157887818,0.14733552191956334,fitted,0.026086533211903358,0.005592334087676478,0.10556435858337435,True,50,7,1303,640,0.8771929824561404,0.6706124549665465,True,50,7,1236,707,0.8771929824561404,0.6361296963458569
nih_nall_seed2_densenet121_matched,nih,2,2000,492002,unweighted,Consolidation,16,1984,local_head,0.873790498906778,0.3424010458766231,0.02871032712447634,0.02607080286154292,0.13958499212551567,fitted,0.026548069856113434,0.011045290434623186,0.10716764028316535,True,60,5,985,950,0.9230769230769231,0.5090439276485789,True,65,0,190,1745,1.0,0.09819121447028424
nih_nall_seed2_densenet121_matched,nih,2,2000,492002,balanced,Cardiomegaly,244,1756,local_head,0.9517705083454319,0.730197493889656,0.07371860090486718,0.09187315665663079,0.2398806056720659,fitted,0.050968531696389936,0.0179686220679749,0.16559102177932422,True,194,24,1559,223,0.8899082568807339,0.8748597081930415,True,198,20,1530,252,0.908256880733945,0.8585858585858586
nih_nall_seed2_densenet121_matched,nih,2,2000,492002,balanced,Pleural_Effusion,94,1906,local_head,0.9647775801379477,0.7201661897695468,0.02499100255077298,0.03443741374264674,0.09062601647517499,fitted,0.016228279683016933,0.005385503708766768,0.06272670320186245,True,55,14,1864,67,0.7971014492753623,0.9653029518384257,True,64,5,1624,307,0.927536231884058,0.8410150181253236
nih_nall_seed2_densenet121_matched,nih,2,2000,492002,balanced,Atelectasis,7,1993,local_head,0.8024035900353044,0.11423405776122869,0.028278998968760932,0.020311507917641927,0.12923355666168163,fitted,0.02682003061344485,0.005458422610267954,0.1128698565318117,True,49,8,1127,816,0.8596491228070176,0.5800308800823469,True,49,8,1089,854,0.8596491228070176,0.5604734945959856
nih_nall_seed2_densenet121_matched,nih,2,2000,492002,balanced,Consolidation,16,1984,local_head,0.8375193798449612,0.30482213756506754,0.028482379225103636,0.02118784421310262,0.12965651263893352,fitted,0.027221995672434843,0.01067334237905069,0.1123669201969376,True,61,4,794,1141,0.9384615384615385,0.4103359173126615,True,65,0,318,1617,1.0,0.16434108527131783
nih_nall_seed2_densenet121_matched,nih,2,2000,492003,unweighted,Cardiomegaly,241,1759,local_head,0.951894068102019,0.7429590197905173,0.04941546110823518,0.011400336649221484,0.16277860464047808,fitted,0.049366215776556276,0.011219648792918823,0.16249286558342227,True,186,32,1592,190,0.8532110091743119,0.8933782267115601,True,198,20,1503,279,0.908256880733945,0.8434343434343434
nih_nall_seed2_densenet121_matched,nih,2,2000,492003,unweighted,Pleural_Effusion,92,1908,local_head,0.9766960124287933,0.7794501831758271,0.014565155450717935,0.0077409305418487465,0.054682137891975346,fitted,0.014526068743849672,0.008246373005157171,0.05447690272248553,True,53,16,1891,40,0.7681159420289855,0.9792853443811497,True,66,3,1733,198,0.9565217391304348,0.8974624546866908
nih_nall_seed2_densenet121_matched,nih,2,2000,492003,unweighted,Atelectasis,9,1991,local_head,0.8592608644617203,0.1253937797950785,0.028014440809011335,0.025521843491104836,0.14304321761483466,fitted,0.027094067050212972,0.006632314624225271,0.10767825676074141,True,47,10,1396,547,0.8245614035087719,0.7184765826042203,True,56,1,945,998,0.9824561403508771,0.4863612969634586
nih_nall_seed2_densenet121_matched,nih,2,2000,492003,unweighted,Consolidation,18,1982,local_head,0.8753408865036773,0.3595231535877316,0.027683036317273462,0.02577557247373833,0.13063755786806372,fitted,0.026047747139310774,0.011134788032425465,0.10546066889257186,True,56,9,1175,760,0.8615384615384616,0.6072351421188631,True,65,0,250,1685,1.0,0.12919896640826872
nih_nall_seed2_densenet121_matched,nih,2,2000,492003,balanced,Cardiomegaly,241,1759,local_head,0.9504962983556255,0.7305407623918789,0.0744767386161806,0.09092422465276662,0.23723982968789092,fitted,0.05038662856904611,0.010215714509100622,0.16536117645602386,True,190,28,1559,223,0.8715596330275229,0.8748597081930415,True,196,22,1519,263,0.8990825688073394,0.8524130190796857
nih_nall_seed2_densenet121_matched,nih,2,2000,492003,balanced,Pleural_Effusion,92,1908,local_head,0.9736788778060477,0.7658844961024972,0.02095560020841249,0.02774534121511269,0.075494857699897,fitted,0.014838612828166705,0.006721975312593907,0.0564682424600059,True,51,18,1895,36,0.7391304347826086,0.9813568099430346,True,66,3,1712,219,0.9565217391304348,0.8865872604867944
nih_nall_seed2_densenet121_matched,nih,2,2000,492003,balanced,Atelectasis,9,1991,local_head,0.8357757492031673,0.10834665064011469,0.030602023936187016,0.024550557386930738,0.13006355573358944,fitted,0.02736719681953719,0.0044652903537277,0.11171262814427879,True,51,6,1152,791,0.8947368421052632,0.5928975810602162,True,56,1,711,1232,0.9824561403508771,0.3659289758106022
nih_nall_seed2_densenet121_matched,nih,2,2000,492003,balanced,Consolidation,18,1982,local_head,0.8410335917312661,0.33514380265683474,0.02832214038643121,0.0225871468500159,0.12417324364674213,fitted,0.02648768449585713,0.00738557521764633,0.11013851083174857,True,56,9,1093,842,0.8615384615384616,0.5648578811369509,True,65,0,134,1801,1.0,0.06925064599483204
chexpert_nall_seed3_densenet121_matched,chexpert,3,250,492001,unweighted,Cardiomegaly,28,222,local_head,0.9434122056446215,0.6970068255672529,0.053753960808555365,0.018557540159836964,0.180203837829659,fitted,0.05363845041266848,0.021932926378256723,0.18072982657725775,True,177,41,1589,193,0.8119266055045872,0.8916947250280584,True,201,17,1400,382,0.9220183486238532,0.7856341189674523
chexpert_nall_seed3_densenet121_matched,chexpert,3,250,492001,unweighted,Pleural_Effusion,10,240,local_head,0.9818296444734649,0.7800942593105393,0.013886803188432198,0.01134566957018417,0.05109315678702008,fitted,0.013838577270799906,0.010429786058554765,0.050914310302141094,True,59,10,1876,55,0.855072463768116,0.9715173485240808,True,68,1,1541,390,0.9855072463768116,0.7980321077162092
chexpert_nall_seed3_densenet121_matched,chexpert,3,250,492001,balanced,Cardiomegaly,28,222,local_head,0.9369227442621939,0.6807403486982267,0.06580264930426277,0.07467495348139454,0.2216749162813299,fitted,0.05529381044047118,0.02528403434566585,0.1873596503710243,True,178,40,1541,241,0.8165137614678899,0.8647586980920314,True,199,19,1416,366,0.9128440366972477,0.7946127946127947
chexpert_nall_seed3_densenet121_matched,chexpert,3,250,492001,balanced,Pleural_Effusion,10,240,local_head,0.9804561727422151,0.7771042376530641,0.019490261066557622,0.02745638190793206,0.0726613986042077,fitted,0.013942822200279925,0.011210841281801614,0.050930676295698335,True,61,8,1884,47,0.8840579710144928,0.9756602796478508,True,68,1,1606,325,0.9855072463768116,0.831693423096841
chexpert_nall_seed3_densenet121_matched,chexpert,3,250,492002,unweighted,Cardiomegaly,29,221,local_head,0.9338260278627252,0.6924654990466369,0.055154180663466335,0.027834461738091208,0.18912002525707908,fitted,0.05537583441442402,0.02082285940719113,0.1867729774964153,True,190,28,1517,265,0.8715596330275229,0.8512906846240179,True,199,19,1347,435,0.9128440366972477,0.7558922558922558
chexpert_nall_seed3_densenet121_matched,chexpert,3,250,492002,unweighted,Pleural_Effusion,14,236,local_head,0.978519802760453,0.7038084046315949,0.017709125285546495,0.012100341390860553,0.06463909345649856,fitted,0.017458096758394843,0.008534318684111532,0.06233073041454671,True,60,9,1846,85,0.8695652173913043,0.955981356809943,True,67,2,1676,255,0.9710144927536232,0.8679440704298291
chexpert_nall_seed3_densenet121_matched,chexpert,3,250,492002,balanced,Cardiomegaly,29,221,local_head,0.9297768716728961,0.6750729453442332,0.07639002166563973,0.10546769334084077,0.2546409157201044,fitted,0.05701552745483298,0.023108482532406306,0.19202540271894533,True,195,23,1447,335,0.8944954128440367,0.8120089786756454,True,199,19,1343,439,0.9128440366972477,0.7536475869809203
chexpert_nall_seed3_densenet121_matched,chexpert,3,250,492002,balanced,Pleural_Effusion,14,236,local_head,0.977063772619128,0.7070193500214331,0.026826766257473177,0.04458381974948261,0.10282256290916612,fitted,0.017527740301693556,0.00824182138675323,0.06294825920461354,True,60,9,1839,92,0.8695652173913043,0.9523562920766442,True,67,2,1685,246,0.9710144927536232,0.8726048679440704
chexpert_nall_seed3_densenet121_matched,chexpert,3,250,492003,unweighted,Cardiomegaly,28,222,local_head,0.9108748030766379,0.6345879247277681,0.06328865777897132,0.02876696801172191,0.2126596529034568,fitted,0.061027941617489506,0.01694900859485722,0.20645292412740554,True,191,27,1402,380,0.8761467889908257,0.7867564534231201,True,197,21,1295,487,0.9036697247706422,0.7267115600448933
chexpert_nall_seed3_densenet121_matched,chexpert,3,250,492003,unweighted,Pleural_Effusion,14,236,local_head,0.9807488798324815,0.751444160322165,0.015816509733617996,0.013325959067259389,0.059101032186481745,fitted,0.015206384749538303,0.0072455441513491784,0.05562872075861536,True,62,7,1827,104,0.8985507246376812,0.9461418953909891,True,66,3,1696,235,0.9565217391304348,0.8783013982392542
chexpert_nall_seed3_densenet121_matched,chexpert,3,250,492003,balanced,Cardiomegaly,28,222,local_head,0.9096469279955518,0.6345154503067396,0.06628326575922164,0.048577579694862934,0.22290893119412217,fitted,0.06106047205245844,0.014035321681581205,0.20713087473965558,True,194,24,1389,393,0.8899082568807339,0.7794612794612794,True,201,17,1235,547,0.9220183486238532,0.6930415263748597
chexpert_nall_seed3_densenet121_matched,chexpert,3,250,492003,balanced,Pleural_Effusion,14,236,local_head,0.9794129346512659,0.7607906589299509,0.025413452298421086,0.046351712064996935,0.09875053239901771,fitted,0.015147274823031088,0.006925943948925788,0.05514254181666846,True,61,8,1840,91,0.8840579710144928,0.9528741584671155,True,66,3,1705,226,0.9565217391304348,0.8829621957534955
chexpert_nall_seed3_densenet121_matched,chexpert,3,500,492001,unweighted,Cardiomegaly,50,450,local_head,0.9394274034946818,0.7120378018793625,0.05257444696024999,0.018220579434103726,0.17857357693370823,fitted,0.051988201469435905,0.021983310943152697,0.17868159533878644,True,175,43,1587,195,0.8027522935779816,0.8905723905723906,True,193,25,1473,309,0.8853211009174312,0.8265993265993266
chexpert_nall_seed3_densenet121_matched,chexpert,3,500,492001,unweighted,Pleural_Effusion,27,473,local_head,0.9811841878128778,0.7404284086686063,0.01552614519968875,0.00909663120365898,0.05350271760134072,fitted,0.015664780315091106,0.009635429756031835,0.05350963344464271,True,60,9,1871,60,0.8695652173913043,0.9689280165717244,True,68,1,1455,476,0.9855072463768116,0.753495598135681
chexpert_nall_seed3_densenet121_matched,chexpert,3,500,492001,unweighted,Consolidation,7,493,local_head,0.9137030411449016,0.5212306907226377,0.02309973071340199,0.019450625116760163,0.09975458044392752,fitted,0.021584445954211808,0.012063184240114908,0.08475395184884282,True,56,9,1693,242,0.8615384615384616,0.8749354005167959,True,64,1,314,1621,0.9846153846153847,0.16227390180878554
chexpert_nall_seed3_densenet121_matched,chexpert,3,500,492001,balanced,Cardiomegaly,50,450,local_head,0.9328118081940712,0.6989856844975698,0.06520082471405704,0.06861047555304921,0.2184221528904081,fitted,0.053218381390076105,0.022673060306324586,0.18454341550385886,True,176,42,1556,226,0.8073394495412844,0.8731762065095399,True,202,16,1363,419,0.926605504587156,0.7648709315375982
chexpert_nall_seed3_densenet121_matched,chexpert,3,500,492001,balanced,Pleural_Effusion,27,473,local_head,0.9803435930921127,0.7246766915578233,0.02211231584489767,0.030402061275571997,0.07879085881434673,fitted,0.016098705109955515,0.007493960785584389,0.05459325751112182,True,62,7,1875,56,0.8985507246376812,0.9709994821336095,True,68,1,1538,393,0.9855072463768116,0.7964785085447954
chexpert_nall_seed3_densenet121_matched,chexpert,3,500,492001,balanced,Consolidation,7,493,local_head,0.9020075531703439,0.5198974487379875,0.023338496349512846,0.015094983457310661,0.0971371922127666,fitted,0.021857789488401152,0.012277062869343422,0.08699589813500365,True,58,7,1566,369,0.8923076923076922,0.8093023255813954,True,62,3,286,1649,0.9538461538461538,0.14780361757105942
chexpert_nall_seed3_densenet121_matched,chexpert,3,500,492002,unweighted,Cardiomegaly,58,442,local_head,0.9589961799441922,0.7485137481454599,0.048214725842707334,0.027711474959665965,0.16242424769932093,fitted,0.048830137844847625,0.020120801407093034,0.1583153347854347,True,180,38,1661,121,0.8256880733944953,0.9320987654320988,True,208,10,1457,325,0.9541284403669725,0.8176206509539843
chexpert_nall_seed3_densenet121_matched,chexpert,3,500,492002,unweighted,Pleural_Effusion,33,467,local_head,0.9811466612628436,0.7370543419547299,0.015255298787987367,0.010024185591282236,0.05622739829543353,fitted,0.015286375254378539,0.006651193859330651,0.05500907818621283,True,60,9,1868,63,0.8695652173913043,0.9673744174003107,True,68,1,1517,414,0.9855072463768116,0.785603314344899
chexpert_nall_seed3_densenet121_matched,chexpert,3,500,492002,unweighted,Consolidation,5,495,local_head,0.9164539852911946,0.3634739992693944,0.029364939731747114,0.027733258698835514,0.13436478567809587,fitted,0.02543872000713157,0.01443903915291448,0.096893464333502,True,58,7,1570,365,0.8923076923076922,0.8113695090439277,True,65,0,250,1685,1.0,0.12919896640826872
chexpert_nall_seed3_densenet121_matched,chexpert,3,500,492002,balanced,Cardiomegaly,58,442,local_head,0.958198189849566,0.7473861761174819,0.0708345462449008,0.10416188341178721,0.23402540165995458,fitted,0.0493256584683146,0.02154832025712101,0.15965850877152882,True,177,41,1659,123,0.8119266055045872,0.930976430976431,True,208,10,1439,343,0.9541284403669725,0.8075196408529742
chexpert_nall_seed3_densenet121_matched,chexpert,3,500,492002,balanced,Pleural_Effusion,33,467,local_head,0.9807188585924542,0.7329066461776785,0.023478659457827775,0.03881498690369263,0.08980345768416495,fitted,0.015519269683596243,0.007783375644357128,0.05579399726705627,True,60,9,1863,68,0.8695652173913043,0.9647850854479544,True,67,2,1573,358,0.9710144927536232,0.8146038322112895
chexpert_nall_seed3_densenet121_matched,chexpert,3,500,492002,balanced,Consolidation,5,495,local_head,0.9028026237328564,0.3424281536662313,0.026937663192891755,0.02131713929503546,0.11099697244282308,fitted,0.026107441625919554,0.01484077982449554,0.10094699763475233,True,57,8,1387,548,0.8769230769230769,0.716795865633075,True,65,0,194,1741,1.0,0.10025839793281653
chexpert_nall_seed3_densenet121_matched,chexpert,3,500,492003,unweighted,Cardiomegaly,56,444,local_head,0.9119430801387988,0.6691302846598076,0.05736354512053687,0.016772099915158285,0.2002960240667406,fitted,0.057525220401273384,0.019552712962291927,0.20225212452008465,True,185,33,1447,335,0.8486238532110092,0.8120089786756454,True,199,19,1251,531,0.9128440366972477,0.702020202020202
chexpert_nall_seed3_densenet121_matched,chexpert,3,500,492003,unweighted,Pleural_Effusion,27,473,local_head,0.9850869490164291,0.7882368170665024,0.014426786605048337,0.01250116322785707,0.051023977456568254,fitted,0.01416696048636293,0.009532990925927777,0.04999691135215923,True,63,6,1874,57,0.9130434782608696,0.9704816157431383,True,68,1,1656,275,0.9855072463768116,0.8575867426204039
chexpert_nall_seed3_densenet121_matched,chexpert,3,500,492003,unweighted,Atelectasis,5,495,local_head,0.831784814584067,0.18139587280246922,0.0265960986354918,0.01936981563422853,0.1192832796971779,fitted,0.0256734560627736,0.009875914942302284,0.10546115575155426,True,45,12,1465,478,0.7894736842105263,0.7539886773031395,True,55,2,298,1645,0.9649122807017544,0.15337107565620176
chexpert_nall_seed3_densenet121_matched,chexpert,3,500,492003,balanced,Cardiomegaly,56,444,local_head,0.9090239808894245,0.6651150231134949,0.0742689491655943,0.07861931953228361,0.24967517337453718,fitted,0.057759282554560504,0.02349019809118774,0.20454282582369604,True,178,40,1500,282,0.8165137614678899,0.8417508417508418,True,198,20,1264,518,0.908256880733945,0.7093153759820426
chexpert_nall_seed3_densenet121_matched,chexpert,3,500,492003,balanced,Pleural_Effusion,27,473,local_head,0.9858299747071053,0.785182994242493,0.021516743587160207,0.031734967949600006,0.08019325003755347,fitted,0.01433983725714307,0.007987179066148719,0.05079826093128322,True,59,10,1875,56,0.855072463768116,0.9709994821336095,True,67,2,1752,179,0.9710144927536232,0.9073019161056447
chexpert_nall_seed3_densenet121_matched,chexpert,3,500,492003,balanced,Atelectasis,5,495,local_head,0.8135908479381676,0.15072620846689935,0.0313300382304702,0.019922634180174405,0.12265245674857085,fitted,0.02599354097423531,0.007278613928946486,0.1095524773284983,True,48,9,1159,784,0.8421052631578947,0.5965002573340196,True,55,2,373,1570,0.9649122807017544,0.19197117858980958
chexpert_nall_seed3_densenet121_matched,chexpert,3,1000,492001,unweighted,Cardiomegaly,108,892,local_head,0.9454869798906497,0.7353364749532146,0.0500110237476712,0.01933270933023386,0.1687662853975213,fitted,0.05050807423188607,0.02279800922682056,0.17036054522592703,True,180,38,1598,184,0.8256880733944953,0.8967452300785634,True,198,20,1439,343,0.908256880733945,0.8075196408529742
chexpert_nall_seed3_densenet121_matched,chexpert,3,1000,492001,unweighted,Pleural_Effusion,52,948,local_head,0.9822649524538611,0.7671156826873613,0.014865814901414946,0.006881928676078422,0.052266311341938786,fitted,0.014815457568425108,0.008272943151393774,0.05206993595781025,True,58,11,1879,52,0.8405797101449275,0.9730709476954945,True,68,1,1512,419,0.9855072463768116,0.7830139823925427
chexpert_nall_seed3_densenet121_matched,chexpert,3,1000,492001,unweighted,Atelectasis,5,995,local_head,0.8315319951964316,0.23231286018286632,0.027222452655244627,0.02646751095968252,0.1611739017260584,fitted,0.02476632770955032,0.009374237899714748,0.09961548205632272,True,49,8,1281,662,0.8596491228070176,0.6592897581060216,True,53,4,239,1704,0.9298245614035088,0.12300566134843026
chexpert_nall_seed3_densenet121_matched,chexpert,3,1000,492001,unweighted,Consolidation,13,987,local_head,0.9197853309481216,0.45695556853420866,0.025392650568387055,0.02365889534899099,0.11146198459240034,fitted,0.023128789159219735,0.010413395236446221,0.08959805065771322,True,58,7,1614,321,0.8923076923076922,0.834108527131783,True,61,4,1274,661,0.9384615384615385,0.6583979328165375
chexpert_nall_seed3_densenet121_matched,chexpert,3,1000,492001,balanced,Cardiomegaly,108,892,local_head,0.943105880414749,0.7262163961887467,0.06740463498650268,0.07845317105701716,0.2226966586386185,fitted,0.05163040943223282,0.021333782235619107,0.17402092859081564,True,178,40,1594,188,0.8165137614678899,0.8945005611672279,True,199,19,1464,318,0.9128440366972477,0.8215488215488216
chexpert_nall_seed3_densenet121_matched,chexpert,3,1000,492001,balanced,Pleural_Effusion,52,948,local_head,0.9819422241235674,0.7600704929144455,0.019724339738718188,0.02211503649380421,0.06884510293552523,fitted,0.015042932158469807,0.007266505822449037,0.052314010574739535,True,58,11,1883,48,0.8405797101449275,0.9751424132573796,True,67,2,1613,318,0.9710144927536232,0.8353184878301398
chexpert_nall_seed3_densenet121_matched,chexpert,3,1000,492001,balanced,Atelectasis,5,995,local_head,0.8233966284728805,0.2265516687613925,0.027565735200688758,0.026111835243439276,0.15337875256506595,fitted,0.0247837227621916,0.009585120440933279,0.1007281975407244,True,48,9,1299,644,0.8421052631578947,0.6685537828100875,True,53,4,239,1704,0.9298245614035088,0.12300566134843026
chexpert_nall_seed3_densenet121_matched,chexpert,3,1000,492001,balanced,Consolidation,13,987,local_head,0.9085827867223216,0.436147668961782,0.024821520329792908,0.01592687833168336,0.1042612439728225,fitted,0.02385366994559807,0.00825918381759541,0.09368667925223913,True,59,6,1487,448,0.9076923076923077,0.7684754521963825,True,61,4,987,948,0.9384615384615385,0.5100775193798449
chexpert_nall_seed3_densenet121_matched,chexpert,3,1000,492002,unweighted,Cardiomegaly,112,888,local_head,0.9579304770436268,0.7319635541168537,0.047964988821995874,0.01860294552318518,0.15925998446775935,fitted,0.04883179329641634,0.01844703543858692,0.15979931238637038,True,193,25,1591,191,0.8853211009174312,0.8928170594837261,True,208,10,1443,339,0.9541284403669725,0.8097643097643098
chexpert_nall_seed3_densenet121_matched,chexpert,3,1000,492002,unweighted,Pleural_Effusion,50,950,local_head,0.9690781227718611,0.7006768350553743,0.01695155531916383,0.007482662020637089,0.06081180411811701,fitted,0.016887178654643065,0.007336362479405164,0.06070903978149815,True,58,11,1868,63,0.8405797101449275,0.9673744174003107,True,66,3,1628,303,0.9565217391304348,0.8430864836872087
chexpert_nall_seed3_densenet121_matched,chexpert,3,1000,492002,unweighted,Atelectasis,5,995,local_head,0.8539245695298462,0.18030143469311224,0.02723215639351811,0.023479475481327193,0.13137068607378954,fitted,0.026626149680586762,0.009219642751503991,0.10454981105507156,True,52,5,1129,814,0.9122807017543859,0.5810602161605765,True,53,4,929,1014,0.9298245614035088,0.4781266083376222
chexpert_nall_seed3_densenet121_matched,chexpert,3,1000,492002,unweighted,Consolidation,7,993,local_head,0.9122003577817532,0.3713859513598007,0.02974524097731453,0.028555221421449967,0.13997036072003846,fitted,0.02520989440512176,0.011439250798234534,0.09668567138953402,True,58,7,1565,370,0.8923076923076922,0.8087855297157622,True,65,0,294,1641,1.0,0.15193798449612403
chexpert_nall_seed3_densenet121_matched,chexpert,3,1000,492002,balanced,Cardiomegaly,112,888,local_head,0.9559921333621639,0.7184700629132331,0.06635165021724339,0.0830214479657053,0.22220575099049328,fitted,0.050162209516210414,0.017914781594625413,0.16368255947212912,True,199,19,1545,237,0.9128440366972477,0.867003367003367,True,212,6,1387,395,0.9724770642201834,0.7783389450056116
chexpert_nall_seed3_densenet121_matched,chexpert,3,1000,492002,balanced,Pleural_Effusion,50,950,local_head,0.9666088757796141,0.6708798256155263,0.02333792672863252,0.028885528624585394,0.08657938113588133,fitted,0.01777948051185435,0.007429524539022392,0.06342598173630354,True,59,10,1868,63,0.855072463768116,0.9673744174003107,True,65,4,1684,247,0.9420289855072463,0.8720870015535992
chexpert_nall_seed3_densenet121_matched,chexpert,3,1000,492002,balanced,Atelectasis,5,995,local_head,0.8291663280692725,0.1506449166421667,0.031281384011006545,0.021425918152999088,0.12375357593508625,fitted,0.026876632517571154,0.007694355147510842,0.10932931738696117,True,47,10,1252,691,0.8245614035087719,0.6443643849716932,True,53,4,611,1332,0.9298245614035088,0.31446217189912506
chexpert_nall_seed3_densenet121_matched,chexpert,3,1000,492002,balanced,Consolidation,7,993,local_head,0.8901371496720334,0.3460613373575974,0.026660217821561586,0.0215284480787195,0.11502819321192197,fitted,0.02614138758007494,0.012518720294875703,0.10267874072532175,True,57,8,1468,467,0.8769230769230769,0.758656330749354,True,65,0,264,1671,1.0,0.13643410852713178
chexpert_nall_seed3_densenet121_matched,chexpert,3,1000,492003,unweighted,Cardiomegaly,117,883,local_head,0.9413708954993358,0.7261577078316953,0.0503763583417042,0.013748528508383722,0.17262073801697558,fitted,0.05108396360062683,0.019481301812161254,0.1752871513130285,True,173,45,1635,147,0.7935779816513762,0.9175084175084175,True,202,16,1389,393,0.926605504587156,0.7794612794612794
chexpert_nall_seed3_densenet121_matched,chexpert,3,1000,492003,unweighted,Pleural_Effusion,46,954,local_head,0.9840662268555003,0.8124716191768002,0.013292554913374093,0.008638096400462796,0.048229088859471476,fitted,0.01329196352843661,0.008212190203664637,0.048251325456894104,True,59,10,1887,44,0.855072463768116,0.9772138788192646,True,68,1,1677,254,0.9855072463768116,0.8684619368203004
chexpert_nall_seed3_densenet121_matched,chexpert,3,1000,492003,unweighted,Atelectasis,8,992,local_head,0.8486153623895043,0.20187591293555962,0.02686596443137818,0.022018981490216055,0.12423142662859533,fitted,0.02546740332059841,0.011273941435483653,0.10189643348150927,True,51,6,1340,603,0.8947368421052632,0.6896551724137931,True,54,3,372,1571,0.9473684210526316,0.1914565105506948
chexpert_nall_seed3_densenet121_matched,chexpert,3,1000,492003,unweighted,Consolidation,8,992,local_head,0.919483204134367,0.4803372281185083,0.025264536169382255,0.022597238294569773,0.10845011903251231,fitted,0.022510747891880213,0.009649085060284331,0.08785306117937063,True,54,11,1612,323,0.8307692307692307,0.8330749354005168,True,64,1,446,1489,0.9846153846153847,0.23049095607235143
chexpert_nall_seed3_densenet121_matched,chexpert,3,1000,492003,balanced,Cardiomegaly,117,883,local_head,0.939038705093751,0.7219417029063075,0.06787617693511266,0.08073936069502986,0.22642054311554027,fitted,0.05173541525456312,0.023675591901728018,0.17837097840788188,True,171,47,1626,156,0.7844036697247706,0.9124579124579124,True,205,13,1348,434,0.9403669724770642,0.7564534231200898
chexpert_nall_seed3_densenet121_matched,chexpert,3,1000,492003,balanced,Pleural_Effusion,46,954,local_head,0.9855522782368527,0.8051830104776733,0.018349324679496713,0.021447800073528124,0.06466178351402337,fitted,0.013577182182512184,0.007905035320551482,0.04902749909113743,True,58,11,1887,44,0.8405797101449275,0.9772138788192646,True,65,4,1780,151,0.9420289855072463,0.92180217503884
chexpert_nall_seed3_densenet121_matched,chexpert,3,1000,492003,balanced,Atelectasis,8,992,local_head,0.8323085118870258,0.17626001837288596,0.02819972725747291,0.014416045440237243,0.11260347006646955,fitted,0.02577125003659153,0.008049216650649265,0.10616021447831303,True,51,6,1131,812,0.8947368421052632,0.582089552238806,True,53,4,422,1521,0.9298245614035088,0.21718991250643335
chexpert_nall_seed3_densenet121_matched,chexpert,3,1000,492003,balanced,Consolidation,8,992,local_head,0.9076048499304313,0.4492710290865943,0.024577414666928938,0.015948354056907303,0.09955279745011356,fitted,0.023354788850495047,0.012898465755250502,0.0918428615072372,True,55,10,1534,401,0.8461538461538461,0.7927648578811369,True,63,2,560,1375,0.9692307692307692,0.28940568475452194
chexpert_nall_seed3_densenet121_matched,chexpert,3,2000,492001,unweighted,Cardiomegaly,236,1764,local_head,0.9456079654856414,0.7288109538419189,0.051606826144928994,0.013780854434448661,0.17041944748993654,fitted,0.052296412156310645,0.021425275284303297,0.17297502185743582,True,179,39,1618,164,0.8211009174311926,0.9079685746352413,True,205,13,1387,395,0.9403669724770642,0.7783389450056116
chexpert_nall_seed3_densenet121_matched,chexpert,3,2000,492001,unweighted,Pleural_Effusion,100,1900,local_head,0.9693333033120932,0.73606406943591,0.016141672614935876,0.008236359363939894,0.05755802805668794,fitted,0.016117855343252368,0.008272541636554975,0.057501089288332946,True,59,10,1875,56,0.855072463768116,0.9709994821336095,True,64,5,1829,102,0.927536231884058,0.9471776281719316
chexpert_nall_seed3_densenet121_matched,chexpert,3,2000,492001,unweighted,Atelectasis,9,1991,local_head,0.8294642937761284,0.21532225922948997,0.027452195324873578,0.024800307329573466,0.141003545347849,fitted,0.025531950959833367,0.007797086483152858,0.10585914491400039,True,51,6,1027,916,0.8947368421052632,0.5285640761708698,True,55,2,231,1712,0.9649122807017544,0.1188883170355121
chexpert_nall_seed3_densenet121_matched,chexpert,3,2000,492001,unweighted,Consolidation,21,1979,local_head,0.9250486980719539,0.4623348562132841,0.025101430901806665,0.023200370602534142,0.11362851284476562,fitted,0.0227961417909577,0.006448190028759633,0.08882151760361454,True,60,5,1523,412,0.9230769230769231,0.7870801033591731,True,63,2,1044,891,0.9692307692307692,0.5395348837209303
chexpert_nall_seed3_densenet121_matched,chexpert,3,2000,492001,balanced,Cardiomegaly,236,1764,local_head,0.9408431923722443,0.7117367832187628,0.07044566214485748,0.0768504054941011,0.23363235492295475,fitted,0.0543190570904344,0.024203243757171564,0.1801982007342206,True,178,40,1613,169,0.8165137614678899,0.9051627384960719,True,204,14,1363,419,0.9357798165137614,0.7648709315375982
chexpert_nall_seed3_densenet121_matched,chexpert,3,2000,492001,balanced,Pleural_Effusion,100,1900,local_head,0.9684701926613078,0.7252512200037767,0.022089264637491134,0.02515133755621784,0.08224989266865694,fitted,0.016601984143397627,0.01020074680595907,0.05915004548734938,True,58,11,1876,55,0.8405797101449275,0.9715173485240808,True,63,6,1819,112,0.9130434782608696,0.9419989642672191
chexpert_nall_seed3_densenet121_matched,chexpert,3,2000,492001,balanced,Atelectasis,9,1991,local_head,0.7777988460600807,0.1438312947842765,0.028194412031841486,0.018366419550758503,0.12479704154310994,fitted,0.0263266440992837,0.004465970228635766,0.11407272086548821,True,54,3,468,1475,0.9473684210526316,0.2408646423057128,True,56,1,233,1710,0.9824561403508771,0.11991765311374164
chexpert_nall_seed3_densenet121_matched,chexpert,3,2000,492001,balanced,Consolidation,21,1979,local_head,0.9067700258397933,0.4367423375730456,0.02528993602797275,0.019760184904988556,0.10854408841659498,fitted,0.023436851519090054,0.0096309018168104,0.093581957270003,True,60,5,1275,660,0.9230769230769231,0.6589147286821705,True,61,4,986,949,0.9384615384615385,0.5095607235142119
chexpert_nall_seed3_densenet121_matched,chexpert,3,2000,492002,unweighted,Cardiomegaly,244,1756,local_head,0.9497523656545063,0.7228329447877969,0.05098589935560643,0.020656154739297612,0.1680913785676897,fitted,0.0516467795556669,0.024533134750492527,0.16979146535338857,True,174,44,1618,164,0.7981651376146789,0.9079685746352413,True,211,7,1336,446,0.9678899082568807,0.7497194163860831
chexpert_nall_seed3_densenet121_matched,chexpert,3,2000,492002,unweighted,Pleural_Effusion,94,1906,local_head,0.9711345777137325,0.7275254941674884,0.01650091523384776,0.009539607124357714,0.05849623347974827,fitted,0.01632658458909804,0.009303827642376309,0.05816627361505879,True,62,7,1867,64,0.8985507246376812,0.9668565510098395,True,66,3,1741,190,0.9565217391304348,0.9016053858104609
chexpert_nall_seed3_densenet121_matched,chexpert,3,2000,492002,unweighted,Atelectasis,7,1993,local_head,0.8354236079132469,0.21401164445502588,0.027451282368736774,0.02514420327955561,0.1424616260317332,fitted,0.025233821276261326,0.008920190000464196,0.10344747521445626,True,50,7,965,978,0.8771929824561404,0.496654657745754,True,56,1,361,1582,0.9824561403508771,0.18579516212043232
chexpert_nall_seed3_densenet121_matched,chexpert,3,2000,492002,unweighted,Consolidation,16,1984,local_head,0.9137984496124032,0.34875570036412484,0.02902487120375291,0.02722780302032792,0.13297859879056548,fitted,0.02548310844547155,0.008388627069736995,0.09696916748096714,True,62,3,1325,610,0.9538461538461538,0.6847545219638242,True,63,2,844,1091,0.9692307692307692,0.43617571059431526
chexpert_nall_seed3_densenet121_matched,chexpert,3,2000,492002,balanced,Cardiomegaly,244,1756,local_head,0.9470417734943729,0.7126432328884927,0.07103789508943388,0.08116379048365409,0.2342769857215914,fitted,0.052879230419851236,0.019606755495858053,0.17377991032763482,True,177,41,1597,185,0.8119266055045872,0.8961840628507295,True,213,5,1321,461,0.9770642201834863,0.7413019079685746
chexpert_nall_seed3_densenet121_matched,chexpert,3,2000,492002,balanced,Pleural_Effusion,94,1906,local_head,0.9697235794324485,0.7098599892398381,0.021894874461361156,0.02549200309358076,0.0831620725111594,fitted,0.016924268199789098,0.010026175603954045,0.06043784512404185,True,61,8,1863,68,0.8840579710144928,0.9647850854479544,True,65,4,1759,172,0.9420289855072463,0.9109269808389435
chexpert_nall_seed3_densenet121_matched,chexpert,3,2000,492002,balanced,Atelectasis,7,1993,local_head,0.794168901409468,0.15949442971663685,0.027452651335785293,0.0189053902801437,0.1224126552148613,fitted,0.02606494480858229,0.004150283388114915,0.11155578815332394,True,54,3,593,1350,0.9473684210526316,0.30519814719505917,True,56,1,234,1709,0.9824561403508771,0.1204323211528564
chexpert_nall_seed3_densenet121_matched,chexpert,3,2000,492002,balanced,Consolidation,16,1984,local_head,0.8995348837209303,0.29575992913058025,0.02883143282910563,0.02152022946126425,0.11771600587965468,fitted,0.026795896939169617,0.008641449717509565,0.10314125240968476,True,61,4,1263,672,0.9384615384615385,0.6527131782945736,True,64,1,718,1217,0.9846153846153847,0.3710594315245478
chexpert_nall_seed3_densenet121_matched,chexpert,3,2000,492003,unweighted,Cardiomegaly,241,1759,local_head,0.9452166929231149,0.7210592295304264,0.05105602518377751,0.017049970064700392,0.1712117537286245,fitted,0.05189940577802637,0.01889144897344377,0.17404311939216746,True,175,43,1623,159,0.8027522935779816,0.9107744107744108,True,209,9,1337,445,0.9587155963302753,0.7502805836139169
chexpert_nall_seed3_densenet121_matched,chexpert,3,2000,492003,unweighted,Pleural_Effusion,92,1908,local_head,0.9802610346820376,0.7807167572093466,0.01447431211440399,0.008256478049360303,0.05155164742802648,fitted,0.014369762978075686,0.007433953234830349,0.05113028871359903,True,54,15,1893,38,0.782608695652174,0.9803210771620922,True,64,5,1812,119,0.927536231884058,0.9383738995339203
chexpert_nall_seed3_densenet121_matched,chexpert,3,2000,492003,unweighted,Atelectasis,9,1991,local_head,0.8423761410732183,0.1888067788291723,0.027468497331453293,0.025431458202008175,0.13945579860692978,fitted,0.025522851386606052,0.0090993087261972,0.10261986874654318,True,47,10,1394,549,0.8245614035087719,0.7174472465259908,True,54,3,338,1605,0.9473684210526316,0.17395779722079258
chexpert_nall_seed3_densenet121_matched,chexpert,3,2000,492003,unweighted,Consolidation,18,1982,local_head,0.9241184655138143,0.468658059628627,0.02479591652464709,0.023079065800219782,0.11355322373493555,fitted,0.022690931464914244,0.0053890588854259985,0.08836640587544156,True,61,4,1452,483,0.9384615384615385,0.7503875968992249,True,63,2,695,1240,0.9692307692307692,0.35917312661498707
chexpert_nall_seed3_densenet121_matched,chexpert,3,2000,492003,balanced,Cardiomegaly,241,1759,local_head,0.9412010008340284,0.7037834925982839,0.06975159717949923,0.07873377738838837,0.23039367261586965,fitted,0.053993216434094285,0.0224399943599783,0.1801042384976569,True,175,43,1612,170,0.8027522935779816,0.9046015712682379,True,210,8,1341,441,0.963302752293578,0.7525252525252525
chexpert_nall_seed3_densenet121_matched,chexpert,3,2000,492003,balanced,Pleural_Effusion,92,1908,local_head,0.9798782638716893,0.7680243004734312,0.019346787703766317,0.0228089392475663,0.06942453979366935,fitted,0.015018707081107504,0.007176470372735934,0.052898877747212976,True,56,13,1888,43,0.8115942028985508,0.9777317452097359,True,64,5,1839,92,0.927536231884058,0.9523562920766442
chexpert_nall_seed3_densenet121_matched,chexpert,3,2000,492003,balanced,Atelectasis,9,1991,local_head,0.8221686485900804,0.15749399161859667,0.027778166406839767,0.019821812129603787,0.1203872652750727,fitted,0.026054999432066156,0.00702713268604831,0.108173432372409,True,51,6,1106,837,0.8947368421052632,0.5692228512609367,True,54,3,377,1566,0.9473684210526316,0.19402985074626866
chexpert_nall_seed3_densenet121_matched,chexpert,3,2000,492003,balanced,Consolidation,18,1982,local_head,0.9128205128205129,0.44382504669030565,0.02567694121723229,0.020635094463706528,0.10893648731744009,fitted,0.023349065351959544,0.0058211092279117395,0.0923098958726479,True,61,4,1173,762,0.9384615384615385,0.6062015503875969,True,63,2,564,1371,0.9692307692307692,0.29147286821705426
nih_nall_seed3_densenet121_matched,nih,3,250,492001,unweighted,Cardiomegaly,28,222,local_head,0.9359316920479,0.7095326137949244,0.05458089924872306,0.014367718625601015,0.18276887744596323,fitted,0.054709447108923184,0.019306733794144704,0.1840276381675485,True,188,30,1517,265,0.8623853211009174,0.8512906846240179,True,198,20,1445,337,0.908256880733945,0.8108866442199776
nih_nall_seed3_densenet121_matched,nih,3,250,492001,unweighted,Pleural_Effusion,10,240,local_head,0.9718400768543745,0.7469137574882111,0.016620268947478083,0.010770458383684681,0.06288666390546269,fitted,0.015451310857218032,0.006466710576814473,0.059033737666037936,True,60,9,1804,127,0.8695652173913043,0.9342309684101502,True,61,8,1736,195,0.8840579710144928,0.8990160538581046
nih_nall_seed3_densenet121_matched,nih,3,250,492001,balanced,Cardiomegaly,28,222,local_head,0.9341143339614287,0.7031640847185605,0.06975368342008122,0.07790155743069252,0.2254222808833278,fitted,0.05528350116633655,0.021991181039630096,0.186361937721591,True,191,27,1495,287,0.8761467889908257,0.8389450056116723,True,200,18,1412,370,0.9174311926605505,0.792368125701459
nih_nall_seed3_densenet121_matched,nih,3,250,492001,balanced,Pleural_Effusion,10,240,local_head,0.9720877520845999,0.742758627461978,0.020006551354277678,0.02925755589479067,0.07481765408164401,fitted,0.015608791272110846,0.00555090360700886,0.059406280588631635,True,60,9,1795,136,0.8695652173913043,0.9295701708959089,True,62,7,1748,183,0.8985507246376812,0.9052304505437597
nih_nall_seed3_densenet121_matched,nih,3,250,492002,unweighted,Cardiomegaly,29,221,local_head,0.9288630443064694,0.667060180715329,0.05753177462694991,0.019843330016932566,0.1920519534965927,fitted,0.05798802808297599,0.02295767761874553,0.19465992749585884,True,191,27,1481,301,0.8761467889908257,0.8310886644219978,True,199,19,1367,415,0.9128440366972477,0.7671156004489338
nih_nall_seed3_densenet121_matched,nih,3,250,492002,unweighted,Pleural_Effusion,14,236,local_head,0.9630813800764041,0.6874194982564539,0.01760842791778717,0.010599743124112472,0.06763184181237465,fitted,0.01750473971840412,0.010481719106934257,0.06651850429597747,True,60,9,1792,139,0.8695652173913043,0.928016571724495,True,67,2,1554,377,0.9710144927536232,0.8047643707923355
nih_nall_seed3_densenet121_matched,nih,3,250,492002,balanced,Cardiomegaly,29,221,local_head,0.9277149682348459,0.6649682211704461,0.08068516382269948,0.1000777901777162,0.25573567754948623,fitted,0.05829358052200917,0.02410583560719332,0.1956264469837111,True,191,27,1479,303,0.8761467889908257,0.82996632996633,True,200,18,1362,420,0.9174311926605505,0.7643097643097643
nih_nall_seed3_densenet121_matched,nih,3,250,492002,balanced,Pleural_Effusion,14,236,local_head,0.9609498720344644,0.669649771477692,0.02471127637534501,0.03684260925767462,0.09156411080037248,fitted,0.018050838325524954,0.00801568836317597,0.06846212476472018,True,60,9,1770,161,0.8695652173913043,0.9166235111341274,True,67,2,1536,395,0.9710144927536232,0.7954427757638529
nih_nall_seed3_densenet121_matched,nih,3,250,492003,unweighted,Cardiomegaly,28,222,local_head,0.9160771836612815,0.5999020282240018,0.06277333361977148,0.024229989560299484,0.20726951324157292,fitted,0.06223216388065916,0.025594564848968042,0.20663812794611686,True,189,29,1388,394,0.8669724770642202,0.7789001122334456,True,201,17,1299,483,0.9220183486238532,0.7289562289562289
nih_nall_seed3_densenet121_matched,nih,3,250,492003,unweighted,Pleural_Effusion,14,236,local_head,0.9731535061055697,0.7486719403762652,0.01573961355505905,0.00951577736124675,0.06059275369878847,fitted,0.015630626320037845,0.005267455292995775,0.05884460499635648,True,59,10,1830,101,0.855072463768116,0.9476954945624029,True,68,1,1636,295,0.9855072463768116,0.8472294148109788
nih_nall_seed3_densenet121_matched,nih,3,250,492003,balanced,Cardiomegaly,28,222,local_head,0.914607337390212,0.592086107910566,0.07738889865658945,0.08091948526780189,0.24864316633426978,fitted,0.06280423800452486,0.023748845893509275,0.2082127357785496,True,194,24,1371,411,0.8899082568807339,0.7693602693602694,True,201,17,1285,497,0.9220183486238532,0.7210998877665544
nih_nall_seed3_densenet121_matched,nih,3,250,492003,balanced,Pleural_Effusion,14,236,local_head,0.9721327839446409,0.7426277812786889,0.023871501491013063,0.03875399703649876,0.08669650210133645,fitted,0.015794864721094905,0.006100155401786031,0.059560985091589816,True,60,9,1813,118,0.8695652173913043,0.9388917659243915,True,68,1,1612,319,0.9855072463768116,0.8348006214396686
nih_nall_seed3_densenet121_matched,nih,3,500,492001,unweighted,Cardiomegaly,50,450,local_head,0.9383900163716677,0.697401483435335,0.05547550450194125,0.019814846005483427,0.18309467113306663,fitted,0.054525391416822805,0.019045561166988655,0.1812400004688179,True,182,36,1540,242,0.8348623853211009,0.8641975308641975,True,204,14,1374,408,0.9357798165137614,0.7710437710437711
nih_nall_seed3_densenet121_matched,nih,3,500,492001,unweighted,Pleural_Effusion,27,473,local_head,0.9747446318270176,0.7586893391052713,0.01597566747180797,0.010420080400875916,0.05932762621651594,fitted,0.015597376398376028,0.006444445241847872,0.05769470088161838,True,62,7,1828,103,0.8985507246376812,0.9466597617814604,True,65,4,1786,145,0.9420289855072463,0.9249093733816676
nih_nall_seed3_densenet121_matched,nih,3,500,492001,unweighted,Consolidation,7,493,local_head,0.8942556151858477,0.3543297154686554,0.027794818600261322,0.023133219079301104,0.11659569527366342,fitted,0.025956018167977782,0.015804619242011916,0.10120226999060396,True,56,9,1441,494,0.8615384615384616,0.744702842377261,True,65,0,160,1775,1.0,0.082687338501292
nih_nall_seed3_densenet121_matched,nih,3,500,492001,balanced,Cardiomegaly,50,450,local_head,0.9356176443332407,0.6920565320112754,0.06752641385697811,0.06894787756301059,0.21775186303717683,fitted,0.05524586040436601,0.022187492428257693,0.18387442556244216,True,183,35,1527,255,0.8394495412844036,0.8569023569023569,True,200,18,1411,371,0.9174311926605505,0.7918069584736251
nih_nall_seed3_densenet121_matched,nih,3,500,492001,balanced,Pleural_Effusion,27,473,local_head,0.9740091114463484,0.7462082003763304,0.023184373466361905,0.03655831031158622,0.08248001071695421,fitted,0.01601134638336613,0.008822270188888173,0.05879990926380238,True,62,7,1826,105,0.8985507246376812,0.9456240290005179,True,65,4,1775,156,0.9420289855072463,0.9192128430864837
nih_nall_seed3_densenet121_matched,nih,3,500,492001,balanced,Consolidation,7,493,local_head,0.884221824686941,0.3394693642373941,0.028210858864013134,0.013995645213062787,0.1091610758990486,fitted,0.02631786871799821,0.01577336724661619,0.10348867188271686,True,52,13,1528,407,0.8,0.7896640826873385,True,65,0,172,1763,1.0,0.08888888888888889
nih_nall_seed3_densenet121_matched,nih,3,500,492002,unweighted,Cardiomegaly,58,442,local_head,0.9395844273520114,0.7005812735494421,0.053581131958002154,0.019382496622936472,0.17903182488611982,fitted,0.05416955264865171,0.0233706132656381,0.18183050372174145,True,176,42,1597,185,0.8073394495412844,0.8961840628507295,True,197,21,1487,295,0.9036697247706422,0.8344556677890012
nih_nall_seed3_densenet121_matched,nih,3,500,492002,unweighted,Pleural_Effusion,33,467,local_head,0.9655281111386307,0.7733640524802043,0.015119648037845905,0.013810491447590025,0.060245717453797455,fitted,0.014592556072145513,0.006340423689341017,0.05793077641474004,True,59,10,1839,92,0.855072463768116,0.9523562920766442,True,64,5,1689,242,0.927536231884058,0.8746763335059554
nih_nall_seed3_densenet121_matched,nih,3,500,492002,unweighted,Consolidation,5,495,local_head,0.8923315444245676,0.2644992323170104,0.03088035311824914,0.028549965648351775,0.14540074853813123,fitted,0.027837640589198073,0.018442924064595256,0.10872945283614212,True,62,3,815,1120,0.9538461538461538,0.42118863049095606,True,65,0,6,1929,1.0,0.0031007751937984496
nih_nall_seed3_densenet121_matched,nih,3,500,492002,balanced,Cardiomegaly,58,442,local_head,0.9383514039477342,0.6961998703901917,0.07890334193720369,0.09941565103753888,0.25192081014163265,fitted,0.05457375579551822,0.020953889403936634,0.183167403592668,True,180,38,1572,210,0.8256880733944953,0.8821548821548821,True,200,18,1476,306,0.9174311926605505,0.8282828282828283
nih_nall_seed3_densenet121_matched,nih,3,500,492002,balanced,Pleural_Effusion,33,467,local_head,0.9643272615375378,0.7675128733074105,0.02685466976942178,0.04558862566905026,0.09689553168741212,fitted,0.014656482581891042,0.005723693556840386,0.05830016639019186,True,59,10,1830,101,0.855072463768116,0.9476954945624029,True,64,5,1676,255,0.927536231884058,0.8679440704298291
nih_nall_seed3_densenet121_matched,nih,3,500,492002,balanced,Consolidation,5,495,local_head,0.8878711985688731,0.26232080175516925,0.028722786683469625,0.022478421753297107,0.11643891746659932,fitted,0.027970662417735832,0.018444043776145096,0.10986805302431162,True,61,4,652,1283,0.9384615384615385,0.33695090439276487,True,65,0,11,1924,1.0,0.005684754521963824
nih_nall_seed3_densenet121_matched,nih,3,500,492003,unweighted,Cardiomegaly,56,444,local_head,0.9263918491747238,0.6667221254167242,0.05705091227244985,0.013823782318369716,0.19303664004022153,fitted,0.05724712886149391,0.018982648994720783,0.19571657816716392,True,190,28,1448,334,0.8715596330275229,0.8125701459034792,True,200,18,1345,437,0.9174311926605505,0.754769921436588
nih_nall_seed3_densenet121_matched,nih,3,500,492003,unweighted,Pleural_Effusion,27,473,local_head,0.9802235081320034,0.7776395942898581,0.014562777939545371,0.008246522494441532,0.054796372817919485,fitted,0.014490754955311443,0.005054275966066965,0.053568575875257235,True,58,11,1851,80,0.8405797101449275,0.9585706887622993,True,63,6,1790,141,0.9130434782608696,0.9269808389435525
nih_nall_seed3_densenet121_matched,nih,3,500,492003,unweighted,Atelectasis,5,495,local_head,0.8413558342588329,0.12138751889893497,0.027336778226773967,0.021579454035760094,0.12468500162462892,fitted,0.026588633805682,0.0038636221325276166,0.10891545048461103,True,54,3,1015,928,0.9473684210526316,0.5223880597014925,True,54,3,928,1015,0.9473684210526316,0.47761194029850745
nih_nall_seed3_densenet121_matched,nih,3,500,492003,balanced,Cardiomegaly,56,444,local_head,0.9271435043606298,0.6634729043698113,0.07277862760794265,0.06931693174799307,0.23497631852362444,fitted,0.057105564569892374,0.01868773796574519,0.19508922571065018,True,191,27,1465,317,0.8761467889908257,0.8221099887766554,True,200,18,1362,420,0.9174311926605505,0.7643097643097643
nih_nall_seed3_densenet121_matched,nih,3,500,492003,balanced,Pleural_Effusion,27,473,local_head,0.9805312258422834,0.7806034833337873,0.022108686922519626,0.03497305330051994,0.07813872500076789,fitted,0.014436843689715958,0.005749559674950605,0.05328250951778071,True,60,9,1848,83,0.8695652173913043,0.9570170895908856,True,63,6,1797,134,0.9130434782608696,0.9306059036768514
nih_nall_seed3_densenet121_matched,nih,3,500,492003,balanced,Atelectasis,5,495,local_head,0.8273604753004489,0.10872788352101802,0.030630307281330246,0.01767593604229335,0.11929939490010986,fitted,0.02671135294661729,0.007019021576405442,0.11102806039640523,True,52,5,1034,909,0.9122807017543859,0.5321667524446732,True,55,2,664,1279,0.9649122807017544,0.34173957797220794
nih_nall_seed3_densenet121_matched,nih,3,1000,492001,unweighted,Cardiomegaly,108,892,local_head,0.9425884739340398,0.7037786147383654,0.053388818359644034,0.01271348565152275,0.17491467685254508,fitted,0.05376279355950098,0.01793422677546997,0.1764529629573242,True,186,32,1572,210,0.8532110091743119,0.8821548821548821,True,198,20,1460,322,0.908256880733945,0.819304152637486
nih_nall_seed3_densenet121_matched,nih,3,1000,492001,unweighted,Pleural_Effusion,52,948,local_head,0.9788050045407125,0.7865951521859741,0.01453024005761114,0.008529473899097915,0.05483430223880808,fitted,0.014183896688565803,0.008580053234807684,0.053629836217456706,True,59,10,1859,72,0.855072463768116,0.9627136198860694,True,62,7,1790,141,0.8985507246376812,0.9269808389435525
nih_nall_seed3_densenet121_matched,nih,3,1000,492001,unweighted,Atelectasis,5,995,local_head,0.8262589051114662,0.12420975285499532,0.028049966489505956,0.02607372951286245,0.1553658704985789,fitted,0.026596859607932222,0.010491971930018365,0.11074295075505336,True,51,6,1049,894,0.8947368421052632,0.5398867730313948,True,55,2,408,1535,0.9649122807017544,0.20998455995882656
nih_nall_seed3_densenet121_matched,nih,3,1000,492001,unweighted,Consolidation,13,987,local_head,0.8940011926058438,0.34617247747737756,0.02798677331606501,0.02281460223329373,0.12161814962370614,fitted,0.026222146129890427,0.0077373189703580855,0.10373442969773575,True,57,8,1424,511,0.8769230769230769,0.7359173126614987,True,64,1,391,1544,0.9846153846153847,0.2020671834625323
nih_nall_seed3_densenet121_matched,nih,3,1000,492001,balanced,Cardiomegaly,108,892,local_head,0.9415665317805991,0.7043548388046497,0.07241504015192178,0.0789533260908233,0.23006131985009673,fitted,0.053786909180841135,0.016425619354557056,0.17715036701630202,True,186,32,1571,211,0.8532110091743119,0.8815937149270483,True,196,22,1472,310,0.8990825688073394,0.8260381593714927
nih_nall_seed3_densenet121_matched,nih,3,1000,492001,balanced,Pleural_Effusion,52,948,local_head,0.9788500364007536,0.7894667609432696,0.020194437658782847,0.02980795555395988,0.07155200384914744,fitted,0.014210651683073222,0.008791058986586886,0.053738988978991376,True,60,9,1839,92,0.8695652173913043,0.9523562920766442,True,63,6,1791,140,0.9130434782608696,0.9274987053340238
nih_nall_seed3_densenet121_matched,nih,3,1000,492001,balanced,Atelectasis,5,995,local_head,0.8031530189343662,0.1066916522300188,0.031008735595744717,0.029439383400433627,0.14455271376461695,fitted,0.026840499236239993,0.009382313169747442,0.11421541069343712,True,53,4,836,1107,0.9298245614035088,0.43026248069994855,True,56,1,360,1583,0.9824561403508771,0.18528049408131755
nih_nall_seed3_densenet121_matched,nih,3,1000,492001,balanced,Consolidation,13,987,local_head,0.8753567879149275,0.32439392385260835,0.028408240252530578,0.016622469395521578,0.11163040309307644,fitted,0.026587979384820264,0.0066337130035355515,0.10692071591482469,True,55,10,1346,589,0.8461538461538461,0.6956072351421189,True,64,1,490,1445,0.9846153846153847,0.2532299741602067
nih_nall_seed3_densenet121_matched,nih,3,1000,492002,unweighted,Cardiomegaly,112,888,local_head,0.9468976204450211,0.703388755575709,0.0531557252445012,0.014967685657068675,0.17157330887404926,fitted,0.05407137249658493,0.021803932187103008,0.17399956494910124,True,185,33,1599,183,0.8486238532110092,0.8973063973063973,True,203,15,1476,306,0.9311926605504587,0.8282828282828283
nih_nall_seed3_densenet121_matched,nih,3,1000,492002,unweighted,Pleural_Effusion,50,950,local_head,0.9611074835446078,0.7571559544285827,0.015194760015903567,0.010116321084281538,0.06004531655393241,fitted,0.015240688511386246,0.008210360189400735,0.06030500119707301,True,61,8,1813,118,0.8840579710144928,0.9388917659243915,True,64,5,1600,331,0.927536231884058,0.8285862247540134
nih_nall_seed3_densenet121_matched,nih,3,1000,492002,unweighted,Atelectasis,5,995,local_head,0.869418786286354,0.17127003619422354,0.02754264717552647,0.02441641192210856,0.1335761628870123,fitted,0.02565264251866595,0.009289821571451515,0.1027400557657478,True,54,3,1092,851,0.9473684210526316,0.56201749871333,True,55,2,896,1047,0.9649122807017544,0.4611425630468348
nih_nall_seed3_densenet121_matched,nih,3,1000,492002,unweighted,Consolidation,7,993,local_head,0.8803021268137547,0.24793230791702284,0.03101259605578254,0.028378833266781683,0.14487156554728836,fitted,0.027896807180583145,0.01867922525475295,0.10879739766418002,True,64,1,334,1601,0.9846153846153847,0.17260981912144702,True,65,0,212,1723,1.0,0.10956072351421188
nih_nall_seed3_densenet121_matched,nih,3,1000,492002,balanced,Cardiomegaly,112,888,local_head,0.9466427784470598,0.701351807519076,0.07445588965208663,0.08798554643966999,0.238759411048738,fitted,0.0542682319072948,0.02328313392408996,0.17475204967226757,True,189,29,1592,190,0.8669724770642202,0.8933782267115601,True,202,16,1497,285,0.926605504587156,0.8400673400673401
nih_nall_seed3_densenet121_matched,nih,3,1000,492002,balanced,Pleural_Effusion,50,950,local_head,0.9594488100330985,0.7468012325541828,0.026584345503279885,0.04187813947494122,0.0969593954303555,fitted,0.015676845390111004,0.009512577777999538,0.06192065921341228,True,61,8,1804,127,0.8840579710144928,0.9342309684101502,True,64,5,1546,385,0.927536231884058,0.8006214396685655
nih_nall_seed3_densenet121_matched,nih,3,1000,492002,balanced,Atelectasis,5,995,local_head,0.8509178246697547,0.1747238082071932,0.0274286130127256,0.016137423398166192,0.11180625596568539,fitted,0.025659530594936943,0.011222359995073063,0.10458943321291653,True,52,5,957,986,0.9122807017543859,0.4925373134328358,True,56,1,628,1315,0.9824561403508771,0.32321152856407614
nih_nall_seed3_densenet121_matched,nih,3,1000,492002,balanced,Consolidation,7,993,local_head,0.8608547008547008,0.2156146328882327,0.029421768899012865,0.01780937479925475,0.11876823137964124,fitted,0.02836523682936631,0.015385644349565063,0.1124117243673399,True,62,3,662,1273,0.9538461538461538,0.3421188630490956,True,65,0,126,1809,1.0,0.06511627906976744
nih_nall_seed3_densenet121_matched,nih,3,1000,492003,unweighted,Cardiomegaly,117,883,local_head,0.9449695734099405,0.7329727623694062,0.05037777518620156,0.01365369749693977,0.16954917986636503,fitted,0.05058628069045207,0.018323621619696095,0.17335603097794708,True,181,37,1607,175,0.8302752293577982,0.9017957351290684,True,198,20,1470,312,0.908256880733945,0.8249158249158249
nih_nall_seed3_densenet121_matched,nih,3,1000,492003,unweighted,Pleural_Effusion,46,954,local_head,0.9804636780522219,0.7912931128142408,0.014001648318229625,0.006523916009159766,0.05273684724075894,fitted,0.014043390994465351,0.0054048776852869684,0.05282194877575108,True,57,12,1868,63,0.8260869565217391,0.9673744174003107,True,61,8,1811,120,0.8840579710144928,0.937856033143449
nih_nall_seed3_densenet121_matched,nih,3,1000,492003,unweighted,Atelectasis,8,992,local_head,0.8436582965390832,0.12154082977300737,0.027661748437511964,0.024057689900103065,0.1332969930949731,fitted,0.026629604937555035,0.0099186818158163,0.10902475123168352,True,51,6,1113,830,0.8947368421052632,0.5728255275347401,True,56,1,484,1459,0.9824561403508771,0.24909933093154915
nih_nall_seed3_densenet121_matched,nih,3,1000,492003,unweighted,Consolidation,8,992,local_head,0.8356350626118068,0.22580339199999863,0.0304571835794999,0.025555242331606144,0.14194166455204438,fitted,0.028187713836341544,0.002601823404023047,0.11512042510462282,True,55,10,1226,709,0.8461538461538461,0.6335917312661499,True,62,3,540,1395,0.9538461538461538,0.27906976744186046
nih_nall_seed3_densenet121_matched,nih,3,1000,492003,balanced,Cardiomegaly,117,883,local_head,0.9461125011583728,0.73265792665201,0.0715477013913017,0.08741448625166091,0.22974722136884262,fitted,0.050489474447633076,0.021481096464008486,0.17202497267872607,True,180,38,1597,185,0.8256880733944953,0.8961840628507295,True,199,19,1466,316,0.9128440366972477,0.8226711560044894
nih_nall_seed3_densenet121_matched,nih,3,1000,492003,balanced,Pleural_Effusion,46,954,local_head,0.9813042727729868,0.7937006725028347,0.02066087367129096,0.028990381832249886,0.07199254551878825,fitted,0.013996274175826882,0.00527779524312979,0.05235330862064227,True,57,12,1879,52,0.8260869565217391,0.9730709476954945,True,63,6,1787,144,0.9130434782608696,0.9254272397721388
nih_nall_seed3_densenet121_matched,nih,3,1000,492003,balanced,Atelectasis,8,992,local_head,0.8400104739460591,0.11440643928779494,0.031038813637411643,0.024936840243777538,0.1218662585573856,fitted,0.026689081513200128,0.009233977496155621,0.11032439357099713,True,54,3,795,1148,0.9473684210526316,0.40916109109624293,True,55,2,623,1320,0.9649122807017544,0.32063818836850233
nih_nall_seed3_densenet121_matched,nih,3,1000,492003,balanced,Consolidation,8,992,local_head,0.7892188431723316,0.20265717970390965,0.030409892175775503,0.016609195132891785,0.12941922574165607,fitted,0.028731708940823893,0.0034542675408574435,0.12151434600463128,True,55,10,1136,799,0.8461538461538461,0.5870801033591732,True,61,4,614,1321,0.9384615384615385,0.317312661498708
nih_nall_seed3_densenet121_matched,nih,3,2000,492001,unweighted,Cardiomegaly,236,1764,local_head,0.9480559931630268,0.7277382769256288,0.05143587678955905,0.02073302872722071,0.16813549790243892,fitted,0.05174526072470338,0.017450308337296713,0.16981100002258917,True,174,44,1606,176,0.7981651376146789,0.9012345679012346,True,194,24,1516,266,0.8899082568807339,0.8507295173961841
nih_nall_seed3_densenet121_matched,nih,3,2000,492001,unweighted,Pleural_Effusion,100,1900,local_head,0.9757203221279056,0.7897351689560586,0.013801073300441374,0.00509367746319167,0.053699868185401615,fitted,0.013860169053439784,0.0058054232133366536,0.05398189956662293,True,58,11,1857,74,0.8405797101449275,0.9616778871051269,True,61,8,1747,184,0.8840579710144928,0.9047125841532885
nih_nall_seed3_densenet121_matched,nih,3,2000,492001,unweighted,Atelectasis,9,1991,local_head,0.8610576879667,0.14567125427262823,0.02782033095707354,0.02560887174925004,0.14212777428830548,fitted,0.02619723816332783,0.007810378279697057,0.10637634773302265,True,52,5,1123,820,0.9122807017543859,0.5779722079258878,True,56,1,755,1188,0.9824561403508771,0.3885743695316521
nih_nall_seed3_densenet121_matched,nih,3,2000,492001,unweighted,Consolidation,21,1979,local_head,0.8905346849532897,0.3010029351805805,0.02912004489204244,0.02509495333975283,0.13282598529016765,fitted,0.026853974628763915,0.014370840425414432,0.1057528756926857,True,59,6,1378,557,0.9076923076923077,0.7121447028423773,True,64,1,221,1714,0.9846153846153847,0.11421188630490955
nih_nall_seed3_densenet121_matched,nih,3,2000,492001,balanced,Cardiomegaly,236,1764,local_head,0.9475205675511487,0.7233398901901824,0.06953818013405422,0.07560332922864034,0.22266722406453004,fitted,0.05187108728374565,0.020302908442682146,0.1708944097318083,True,176,42,1605,177,0.8073394495412844,0.9006734006734006,True,204,14,1471,311,0.9357798165137614,0.8254769921436588
nih_nall_seed3_densenet121_matched,nih,3,2000,492001,balanced,Pleural_Effusion,100,1900,local_head,0.9754426256576527,0.7909422904196226,0.022726129136361697,0.03216821828920885,0.07912546102535845,fitted,0.013930486452599887,0.00752834544778633,0.0539954766277675,True,59,10,1844,87,0.855072463768116,0.9549456240290005,True,62,7,1767,164,0.8985507246376812,0.9150699119627136
nih_nall_seed3_densenet121_matched,nih,3,2000,492001,balanced,Atelectasis,9,1991,local_head,0.8274146508835134,0.1306281511629182,0.028660782687940277,0.01998187395231855,0.12276769500565808,fitted,0.026333392675194085,0.005205683918076944,0.10995750524286478,True,52,5,929,1014,0.9122807017543859,0.4781266083376222,True,56,1,376,1567,0.9824561403508771,0.1935151827071539
nih_nall_seed3_densenet121_matched,nih,3,2000,492001,balanced,Consolidation,21,1979,local_head,0.8646074339097595,0.2887224863913104,0.028937393545962756,0.019908835559366102,0.12114275327416822,fitted,0.027183166752125572,0.0057793782195337436,0.11001847016732927,True,58,7,1226,709,0.8923076923076922,0.6335917312661499,True,64,1,319,1616,0.9846153846153847,0.1648578811369509
nih_nall_seed3_densenet121_matched,nih,3,2000,492002,unweighted,Cardiomegaly,244,1756,local_head,0.946158836067093,0.7122745858683501,0.053612994925150495,0.016645815599125275,0.17242946655542632,fitted,0.053931861186439264,0.019208821876224257,0.17440657594029377,True,177,41,1611,171,0.8119266055045872,0.9040404040404041,True,199,19,1514,268,0.9128440366972477,0.8496071829405163
nih_nall_seed3_densenet121_matched,nih,3,2000,492002,unweighted,Pleural_Effusion,94,1906,local_head,0.9711270724037256,0.7828870165995637,0.014420548755255733,0.007176486210642098,0.05509834285137421,fitted,0.014451161672362586,0.0071820038229563924,0.055516331559115124,True,61,8,1848,83,0.8840579710144928,0.9570170895908856,True,64,5,1738,193,0.927536231884058,0.9000517866390472
nih_nall_seed3_densenet121_matched,nih,3,2000,492002,unweighted,Atelectasis,7,1993,local_head,0.8598477666115881,0.1644554326613093,0.02773511856248929,0.025495011284201268,0.1443624387234958,fitted,0.025713468259041996,0.0072435646089266895,0.10482255421740021,True,54,3,1015,928,0.9473684210526316,0.5223880597014925,True,57,0,567,1376,1.0,0.29181677817807516
nih_nall_seed3_densenet121_matched,nih,3,2000,492002,unweighted,Consolidation,16,1984,local_head,0.8867978533094811,0.30001551380075586,0.029845664808490595,0.02652329816691656,0.13618775972065061,fitted,0.026833081025765627,0.012545932211641086,0.10490309909187091,True,57,8,1386,549,0.8769230769230769,0.7162790697674418,True,65,0,161,1774,1.0,0.08320413436692506
nih_nall_seed3_densenet121_matched,nih,3,2000,492002,balanced,Cardiomegaly,244,1756,local_head,0.9454046067195914,0.7092642580851913,0.07311351384677661,0.07892653872868934,0.2352762968364342,fitted,0.05407310645525112,0.018077064864363508,0.17567266609144433,True,176,42,1608,174,0.8073394495412844,0.9023569023569024,True,198,20,1520,262,0.908256880733945,0.8529741863075196
nih_nall_seed3_densenet121_matched,nih,3,2000,492002,balanced,Pleural_Effusion,94,1906,local_head,0.9692207236619907,0.7750445431041928,0.02278499868989776,0.035021877566173566,0.08327298770594561,fitted,0.014667024773999617,0.00854607351767357,0.056446837988911897,True,61,8,1841,90,0.8840579710144928,0.9533920248575868,True,64,5,1741,190,0.927536231884058,0.9016053858104609
nih_nall_seed3_densenet121_matched,nih,3,2000,492002,balanced,Atelectasis,7,1993,local_head,0.825852588238481,0.14661428244985658,0.02762481276720281,0.020919420520260492,0.12152645357315635,fitted,0.026004432584710312,0.006673215688154262,0.10895561382617538,True,55,2,837,1106,0.9649122807017544,0.4307771487390633,True,57,0,433,1510,1.0,0.22285126093669583
nih_nall_seed3_densenet121_matched,nih,3,2000,492002,balanced,Consolidation,16,1984,local_head,0.8605843768634467,0.2760142698463482,0.028596808196269665,0.019671448889627952,0.11767270074802857,fitted,0.027219382616461167,0.007050565361838701,0.10910205754839858,True,54,11,1434,501,0.8307692307692307,0.7410852713178294,True,65,0,259,1676,1.0,0.1338501291989664
nih_nall_seed3_densenet121_matched,nih,3,2000,492003,unweighted,Cardiomegaly,241,1759,local_head,0.9479298592448439,0.72325614169899,0.05127496723980661,0.013112191974349463,0.16822037083371474,fitted,0.05167455775222157,0.01800821307564486,0.17103913854423425,True,176,42,1633,149,0.8073394495412844,0.9163860830527497,True,200,18,1493,289,0.9174311926605505,0.8378226711560045
nih_nall_seed3_densenet121_matched,nih,3,2000,492003,unweighted,Pleural_Effusion,92,1908,local_head,0.9772964372293398,0.8025102385277872,0.013663092273617347,0.005385445273562523,0.05195209412951933,fitted,0.013646227835984895,0.005498490254689685,0.05192801355205692,True,56,13,1885,46,0.8115942028985508,0.9761781460383221,True,65,4,1780,151,0.9420289855072463,0.92180217503884
nih_nall_seed3_densenet121_matched,nih,3,2000,492003,unweighted,Atelectasis,9,1991,local_head,0.8450036568518567,0.12630158689707607,0.02792151186750709,0.025688013877174988,0.1473424660324851,fitted,0.026498824642533145,0.011079174745252636,0.10893761828699347,True,52,5,1087,856,0.9122807017543859,0.5594441585177561,True,56,1,406,1537,0.9824561403508771,0.208955223880597
nih_nall_seed3_densenet121_matched,nih,3,2000,492003,unweighted,Consolidation,18,1982,local_head,0.8876247266944942,0.29652894036303473,0.02905342057965187,0.025572734816626246,0.1315934110107953,fitted,0.026918393562964448,0.008845653805627213,0.10600170312819776,True,61,4,1204,731,0.9384615384615385,0.6222222222222222,True,65,0,209,1726,1.0,0.10801033591731266
nih_nall_seed3_densenet121_matched,nih,3,2000,492003,balanced,Cardiomegaly,241,1759,local_head,0.9474278977337082,0.7182657685615528,0.07169306369173715,0.08186912895078617,0.22917092352856638,fitted,0.05190362385015008,0.014903247839813033,0.17207551668813195,True,181,37,1595,187,0.8302752293577982,0.8950617283950617,True,193,25,1529,253,0.8853211009174312,0.8580246913580247
nih_nall_seed3_densenet121_matched,nih,3,2000,492003,balanced,Pleural_Effusion,92,1908,local_head,0.9768085920788958,0.8003501583022726,0.01995461724669795,0.027668940790512086,0.07178628114059529,fitted,0.013789675731905055,0.00739222804139685,0.05209684206568366,True,57,12,1882,49,0.8260869565217391,0.9746245468669084,True,64,5,1776,155,0.927536231884058,0.9197307094769549
nih_nall_seed3_densenet121_matched,nih,3,2000,492003,balanced,Atelectasis,9,1991,local_head,0.8354145786494027,0.11381444201995311,0.03011664323656216,0.02434463101850484,0.12988558102246622,fitted,0.026608152830365852,0.00805190418015593,0.11114136070328104,True,54,3,703,1240,0.9473684210526316,0.36181163149768397,True,56,1,505,1438,0.9824561403508771,0.25990735975295937
nih_nall_seed3_densenet121_matched,nih,3,2000,492003,balanced,Consolidation,18,1982,local_head,0.8609024050884517,0.275633125185353,0.030124196833765077,0.020334136663723038,0.12243362053509843,fitted,0.027243097603680065,0.006781367927233922,0.10966246484956844,True,54,11,1377,558,0.8307692307692307,0.7116279069767442,True,65,0,338,1597,1.0,0.17467700258397933
