source,head_loss,method,replicate,paired_fits,sensitivity,specificity,fn,fp
chexpert,unweighted,empirical,0,9,-0.056360708534621606,0.02635364520398177,3.888888888888889,-50.888888888888886
chexpert,unweighted,guarded,0,9,-0.04830917874396136,0.28298521203751653,3.3333333333333335,-546.4444444444445
chexpert,unweighted,empirical,1,9,-0.04641350210970466,0.04002544970790678,3.6666666666666665,-76.88888888888889
chexpert,unweighted,guarded,1,9,-0.03094233473980311,0.29226675921105905,2.4444444444444446,-561.4444444444445
chexpert,unweighted,empirical,2,9,-0.06272401433691757,0.021385162252035312,3.888888888888889,-41.44444444444444
chexpert,unweighted,guarded,2,9,-0.03763440860215055,0.0198371746359362,2.3333333333333335,-38.44444444444444
chexpert,unweighted,empirical,3,9,-0.07118055555555555,0.030589990817263532,4.555555555555555,-59.22222222222222
chexpert,unweighted,guarded,3,9,-0.03993055555555555,0.2823691460055096,2.5555555555555554,-546.6666666666666
chexpert,unweighted,empirical,4,9,-0.08763693270735527,0.03726743851160646,6.222222222222222,-71.88888888888889
chexpert,unweighted,guarded,4,9,-0.02503912363067293,0.023961753355221486,1.7777777777777777,-46.22222222222222
chexpert,unweighted,empirical,5,9,-0.05698005698005696,0.030465949820788527,4.444444444444445,-58.55555555555556
chexpert,unweighted,guarded,5,9,-0.011396011396011405,0.010694878020580396,0.8888888888888888,-20.555555555555557
chexpert,unweighted,empirical,6,9,-0.07594936708860762,0.015790386951240624,6.0,-30.333333333333332
chexpert,unweighted,guarded,6,9,-0.06329113924050632,0.28121927236971483,5.0,-540.2222222222222
chexpert,unweighted,empirical,7,9,0.007168458781362025,0.016683866529067788,-0.4444444444444444,-32.333333333333336
chexpert,unweighted,guarded,7,9,-0.05913978494623654,0.29560830180025227,3.6666666666666665,-572.8888888888889
chexpert,unweighted,empirical,8,9,-0.05555555555555555,0.028697952610996107,3.7777777777777777,-55.44444444444444
chexpert,unweighted,guarded,8,9,-0.026143790849673196,0.2828962502875546,1.7777777777777777,-546.5555555555555
chexpert,unweighted,empirical,9,9,-0.10758377425044093,0.05351918774737568,6.777777777777778,-103.66666666666667
chexpert,unweighted,guarded,9,9,-0.044091710758377416,0.28210864452475193,2.7777777777777777,-546.4444444444445
chexpert,unweighted,empirical,10,9,-0.07516339869281048,0.02680009201748332,5.111111111111111,-51.77777777777778
chexpert,unweighted,guarded,10,9,-0.029411764705882346,0.022889348976305506,2.0,-44.22222222222222
chexpert,unweighted,empirical,11,9,-2.4671622769447922e-17,0.013413932066781788,0.0,-25.88888888888889
chexpert,unweighted,guarded,11,9,-0.042857142857142844,0.26816350028785263,3.0,-517.5555555555555
chexpert,unweighted,empirical,12,9,-0.017615176151761534,0.011296489398679147,1.4444444444444444,-21.666666666666668
chexpert,unweighted,guarded,12,9,-0.04878048780487806,0.3024562623102769,4.0,-580.1111111111111
chexpert,unweighted,empirical,13,9,-0.04838709677419357,0.03078775369797045,3.0,-59.666666666666664
chexpert,unweighted,guarded,13,9,-0.035842293906810076,0.03829836027978442,2.2222222222222223,-74.22222222222223
chexpert,unweighted,empirical,14,9,-0.08024691358024688,0.01878745965882891,5.777777777777778,-36.22222222222222
chexpert,unweighted,guarded,14,9,-0.04320987654320992,0.03953434762563393,3.111111111111111,-76.22222222222223
chexpert,unweighted,empirical,15,9,-0.09064327485380116,0.02639177639177639,6.888888888888889,-50.77777777777778
chexpert,unweighted,guarded,15,9,-0.0847953216374269,0.2869022869022869,6.444444444444445,-552.0
chexpert,unweighted,empirical,16,9,-0.08237547892720305,0.020368463210893695,4.777777777777778,-39.55555555555556
chexpert,unweighted,guarded,16,9,-0.06321839080459767,0.017393294427280017,3.6666666666666665,-33.77777777777778
chexpert,unweighted,empirical,17,9,-0.07912457912457913,0.03803286223141443,5.222222222222222,-73.55555555555556
chexpert,unweighted,guarded,17,9,-0.03030303030303029,0.2805354475468229,2.0,-542.5555555555555
chexpert,unweighted,empirical,18,9,-0.04273504273504276,0.01175717362202433,3.888888888888889,-22.444444444444443
chexpert,unweighted,guarded,18,9,-0.04761904761904761,0.27448926139339974,4.333333333333333,-524.0
chexpert,unweighted,empirical,19,9,-0.004761904761904769,0.01479562464018421,0.3333333333333333,-28.555555555555557
chexpert,unweighted,guarded,19,9,-0.03174603174603177,0.025791594703511816,2.2222222222222223,-49.77777777777778
chexpert,unweighted,empirical,20,9,-0.044776119402985065,0.02282002644134045,3.0,-44.111111111111114
chexpert,unweighted,guarded,20,9,-0.06799336650082917,0.0356958096223487,4.555555555555555,-69.0
chexpert,unweighted,empirical,21,9,-0.026315789473684195,0.019808269808269822,2.0,-38.111111111111114
chexpert,unweighted,guarded,21,9,-0.04824561403508768,0.28141603141603144,3.6666666666666665,-541.4444444444445
chexpert,unweighted,empirical,22,9,-0.06296296296296294,0.015578465063001102,3.7777777777777777,-30.22222222222222
chexpert,unweighted,guarded,22,9,-0.014814814814814788,0.03293241695303552,0.8888888888888888,-63.888888888888886
chexpert,unweighted,empirical,23,9,0.03805175038051748,0.011128409156431948,-2.7777777777777777,-21.444444444444443
chexpert,unweighted,guarded,23,9,-0.021308980213089777,0.026984950700570807,1.5555555555555556,-52.0
chexpert,unweighted,empirical,24,9,-0.026881720430107565,0.009402591445935101,1.6666666666666667,-18.22222222222222
chexpert,unweighted,guarded,24,9,-0.0071684587813620375,0.0005159958720330174,0.4444444444444444,-1.0
chexpert,unweighted,empirical,25,9,-0.056410256410256446,0.030203847258110834,3.6666666666666665,-58.44444444444444
chexpert,unweighted,guarded,25,9,-0.034188034188034205,0.010795291415446428,2.2222222222222223,-20.88888888888889
chexpert,unweighted,empirical,26,9,-0.06810035842293904,0.017486526774452466,4.222222222222222,-33.888888888888886
chexpert,unweighted,guarded,26,9,-0.023297491039426514,0.28740970072239425,1.4444444444444444,-557.0
chexpert,unweighted,empirical,27,9,-0.11111111111111113,0.0110763163999072,9.333333333333334,-21.22222222222222
chexpert,unweighted,guarded,27,9,-0.08201058201058202,0.028357689631176044,6.888888888888889,-54.333333333333336
chexpert,unweighted,empirical,28,9,-0.04377104377104382,0.03981385729058941,2.888888888888889,-77.0
chexpert,unweighted,guarded,28,9,-0.05387205387205388,0.30064345627944383,3.5555555555555554,-581.4444444444445
chexpert,unweighted,empirical,29,9,0.07662835249042144,0.0008582217645039833,-4.444444444444445,-1.6666666666666667
chexpert,unweighted,guarded,29,9,-0.013409961685823757,0.012129534271655813,0.7777777777777778,-23.555555555555557
chexpert,unweighted,empirical,30,9,-0.09668109668109665,0.03102790778297799,7.444444444444445,-59.666666666666664
chexpert,unweighted,guarded,30,9,-0.08946608946608947,0.2930606113133414,6.888888888888889,-563.5555555555555
chexpert,unweighted,empirical,31,9,-0.10956790123456793,0.030255878284923918,7.888888888888889,-58.333333333333336
chexpert,unweighted,guarded,31,9,-0.029320987654320993,0.007549562010142896,2.111111111111111,-14.555555555555555
chexpert,unweighted,empirical,32,9,-0.10802469135802467,0.03359843245735367,7.777777777777778,-64.77777777777777
chexpert,unweighted,guarded,32,0,,,,
chexpert,unweighted,empirical,33,9,-0.10654490106544902,0.031078821426512155,7.777777777777778,-59.888888888888886
chexpert,unweighted,guarded,33,9,0.0015220700152207432,0.0009225624171135508,-0.1111111111111111,-1.7777777777777777
chexpert,unweighted,empirical,34,9,-0.07912457912457908,0.04044582327932891,5.222222222222222,-78.22222222222223
chexpert,unweighted,guarded,34,9,-0.12457912457912462,0.28616568999195674,8.222222222222221,-553.4444444444445
chexpert,unweighted,empirical,35,9,-0.07131011608623547,0.025291716962694673,4.777777777777778,-48.888888888888886
chexpert,unweighted,guarded,35,9,-0.05804311774461027,0.28010576536184395,3.888888888888889,-541.4444444444445
chexpert,unweighted,empirical,36,9,-0.11944444444444441,0.03616898148148148,9.555555555555555,-69.44444444444444
chexpert,unweighted,guarded,36,9,-0.04583333333333333,0.30648148148148147,3.6666666666666665,-588.4444444444445
chexpert,unweighted,empirical,37,9,-0.03381642512077295,0.012716496921572014,2.3333333333333335,-24.555555555555557
chexpert,unweighted,guarded,37,9,-0.03703703703703706,0.01731975372576095,2.5555555555555554,-33.44444444444444
chexpert,unweighted,empirical,38,9,-0.020467836257309944,0.022464772464772458,1.5555555555555556,-43.22222222222222
chexpert,unweighted,guarded,38,9,-0.04385964912280698,0.2871332871332871,3.3333333333333335,-552.4444444444445
chexpert,unweighted,empirical,39,9,-0.03198653198653202,0.02694473170171199,2.111111111111111,-52.111111111111114
chexpert,unweighted,guarded,39,9,-0.042087542087542076,0.2775479719636907,2.7777777777777777,-536.7777777777778
chexpert,unweighted,empirical,40,9,-0.02910052910052907,0.0100442628532516,1.2222222222222223,-19.666666666666668
chexpert,unweighted,guarded,40,9,-0.03703703703703704,0.29383724889342866,1.5555555555555556,-575.3333333333334
chexpert,unweighted,empirical,41,9,-0.06456456456456458,0.014364832121841475,4.777777777777778,-27.666666666666668
chexpert,unweighted,guarded,41,9,-0.0885885885885886,0.045632860274604815,6.555555555555555,-87.88888888888889
chexpert,unweighted,empirical,42,9,-0.13450292397660815,0.032166782166782176,10.222222222222221,-61.888888888888886
chexpert,unweighted,guarded,42,9,-0.05701754385964909,0.3069415569415569,4.333333333333333,-590.5555555555555
chexpert,unweighted,empirical,43,9,0.02631578947368418,0.008835758835758859,-2.0,-17.0
chexpert,unweighted,guarded,43,9,-0.027777777777777776,0.2764495264495264,2.111111111111111,-531.8888888888889
chexpert,unweighted,empirical,44,9,0.027777777777777804,0.01886358408097539,-1.8888888888888888,-36.44444444444444
chexpert,unweighted,guarded,44,9,-0.029411764705882346,0.28743961352657005,2.0,-555.3333333333334
chexpert,unweighted,empirical,45,9,-0.10350076103500759,0.023928962693882266,7.555555555555555,-46.111111111111114
chexpert,unweighted,guarded,45,9,-0.09741248097412479,0.045032577985354344,7.111111111111111,-86.77777777777777
chexpert,unweighted,empirical,46,9,-0.04102564102564107,0.035486649440137824,2.6666666666666665,-68.66666666666667
chexpert,unweighted,guarded,46,9,-0.07692307692307693,0.3033017513637669,5.0,-586.8888888888889
chexpert,unweighted,empirical,47,9,-0.059829059829059825,0.030697190426638914,4.666666666666667,-59.0
chexpert,unweighted,guarded,47,9,-0.06695156695156695,0.3147762747138398,5.222222222222222,-605.0
chexpert,unweighted,empirical,48,9,-0.14767932489451477,0.03337382150500318,11.666666666666666,-64.11111111111111
chexpert,unweighted,guarded,48,9,-0.04922644163150488,0.035629591069466136,3.888888888888889,-68.44444444444444
chexpert,unweighted,empirical,49,9,0.010928961748633904,0.001661795885622566,-0.6666666666666666,-3.2222222222222223
chexpert,unweighted,guarded,49,9,0.02185792349726777,0.004641567818463156,-1.3333333333333333,-9.0
chexpert,unweighted,empirical,50,9,-0.021464646464646457,0.009123663412366343,1.8888888888888888,-17.444444444444443
chexpert,unweighted,guarded,50,9,-0.007575757575757606,0.007903300790330069,0.6666666666666666,-15.11111111111111
chexpert,unweighted,empirical,51,9,0.0030030030030030585,0.006922810661128431,-0.2222222222222222,-13.333333333333334
chexpert,unweighted,guarded,51,9,-0.004504504504504496,0.0006345909772701072,0.3333333333333333,-1.2222222222222223
chexpert,unweighted,empirical,52,9,-0.0499194847020934,0.022613499050578315,3.4444444444444446,-43.666666666666664
chexpert,unweighted,guarded,52,9,0.019323671497584554,0.016456643074975557,-1.3333333333333333,-31.77777777777778
chexpert,unweighted,empirical,53,9,-0.03196347031963472,0.034942051548175077,2.3333333333333335,-67.33333333333333
chexpert,unweighted,guarded,53,9,-0.04718417047184171,0.28397624401775934,3.4444444444444446,-547.2222222222222
chexpert,unweighted,empirical,54,9,-0.02421652421652418,0.01942421089143256,1.8888888888888888,-37.333333333333336
chexpert,unweighted,guarded,54,9,-0.017094017094017106,0.005087293328708498,1.3333333333333333,-9.777777777777779
chexpert,unweighted,empirical,55,9,-0.021645021645021627,0.0076269717455364795,1.6666666666666667,-14.666666666666666
chexpert,unweighted,guarded,55,9,-0.07070707070707073,0.29681631709712836,5.444444444444445,-570.7777777777778
chexpert,unweighted,empirical,56,9,-0.0037664783427495564,0.02495849791058448,0.2222222222222222,-48.44444444444444
chexpert,unweighted,guarded,56,9,-0.011299435028248582,0.012937203045394684,0.6666666666666666,-25.11111111111111
chexpert,unweighted,empirical,57,9,-0.028985507246376815,0.005696530295183873,2.0,-11.0
chexpert,unweighted,guarded,57,9,-0.03703703703703704,0.2868404396110248,2.5555555555555554,-553.8888888888889
chexpert,unweighted,empirical,58,9,-0.1481481481481481,0.048682703321878594,8.88888888888889,-94.44444444444444
chexpert,unweighted,guarded,58,9,-0.07777777777777778,0.3154066437571592,4.666666666666667,-611.8888888888889
chexpert,unweighted,empirical,59,9,-0.049549549549549585,0.02503749855774779,3.6666666666666665,-48.22222222222222
chexpert,unweighted,guarded,59,9,-0.07057057057057056,0.2759893850236529,5.222222222222222,-531.5555555555555
chexpert,unweighted,empirical,60,9,-0.023679417122040074,0.02590109449315228,1.4444444444444444,-50.22222222222222
chexpert,unweighted,guarded,60,9,-0.04371584699453553,0.29047046014555034,2.6666666666666665,-563.2222222222222
chexpert,unweighted,empirical,61,9,-0.06699346405228758,0.026455026455026447,4.555555555555555,-51.111111111111114
chexpert,unweighted,guarded,61,9,-0.06209150326797387,0.29457096848401193,4.222222222222222,-569.1111111111111
chexpert,unweighted,empirical,62,9,-0.09444444444444446,0.02748842592592593,7.555555555555555,-52.77777777777778
chexpert,unweighted,guarded,62,9,-0.055555555555555566,0.2701388888888889,4.444444444444445,-518.6666666666666
chexpert,unweighted,empirical,63,9,-0.07468123861566488,0.024869634977938235,4.555555555555555,-48.22222222222222
chexpert,unweighted,guarded,63,9,-0.1129326047358834,0.29413787175520034,6.888888888888889,-570.3333333333334
chexpert,unweighted,empirical,64,9,-0.006259780907668235,0.03173780312193998,0.4444444444444444,-61.22222222222222
chexpert,unweighted,guarded,64,9,0.0015649452269170434,0.0264961695754853,-0.1111111111111111,-51.111111111111114
chexpert,unweighted,empirical,65,9,-0.03825136612021854,0.025156151509942118,2.3333333333333335,-48.77777777777778
chexpert,unweighted,guarded,65,9,-0.045537340619307844,0.2932783221591886,2.7777777777777777,-568.6666666666666
chexpert,unweighted,empirical,66,9,-0.05050505050505051,0.016660921521314473,3.3333333333333335,-32.22222222222222
chexpert,unweighted,guarded,66,9,0.015151515151515174,0.01803975640583704,-1.0,-34.888888888888886
chexpert,unweighted,empirical,67,9,0.037037037037037014,0.011468418626094958,-2.6666666666666665,-22.11111111111111
chexpert,unweighted,guarded,67,9,-0.050925925925925944,0.28083218072844635,3.6666666666666665,-541.4444444444445
chexpert,unweighted,empirical,68,9,-0.06209150326797383,0.02639751552795032,4.222222222222222,-51.0
chexpert,unweighted,guarded,68,9,-0.058823529411764705,0.01823096388313778,4.0,-35.22222222222222
chexpert,unweighted,empirical,69,9,-0.0759259259259259,0.027376861397479954,4.555555555555555,-53.111111111111114
chexpert,unweighted,guarded,69,9,-0.0685185185185185,0.30315005727376865,4.111111111111111,-588.1111111111111
chexpert,unweighted,empirical,70,9,0.012345679012345671,0.01680720472666781,-0.7777777777777778,-32.55555555555556
chexpert,unweighted,guarded,70,9,-0.08994708994708996,0.2802156829002467,5.666666666666667,-542.7777777777778
chexpert,unweighted,empirical,71,9,-0.0478927203065134,0.025060075523515316,2.7777777777777777,-48.666666666666664
chexpert,unweighted,guarded,71,9,-0.053639846743295014,0.28492962581531067,3.111111111111111,-553.3333333333334
chexpert,unweighted,empirical,72,9,1.2335811384723961e-17,0.012818302006092982,0.0,-24.77777777777778
chexpert,unweighted,guarded,72,9,-0.04311774461028189,0.03305167557624879,2.888888888888889,-63.888888888888886
chexpert,unweighted,empirical,73,9,-0.007610350076103544,0.008706682811508944,0.5555555555555556,-16.77777777777778
chexpert,unweighted,guarded,73,9,0.010654490106544932,0.002191085740644626,-0.7777777777777778,-4.222222222222222
chexpert,unweighted,empirical,74,9,0.05246913580246913,0.005878284923928094,-3.7777777777777777,-11.333333333333334
chexpert,unweighted,guarded,74,9,-0.0015432098765432167,0.017634854771784232,0.1111111111111111,-34.0
chexpert,unweighted,empirical,75,9,0.0034188034188034067,0.024863623313235758,-0.2222222222222222,-48.111111111111114
chexpert,unweighted,guarded,75,9,-0.020512820512820537,0.022624174562159025,1.3333333333333333,-43.77777777777778
chexpert,unweighted,empirical,76,9,-0.10598290598290598,0.028481194372667225,6.888888888888889,-55.111111111111114
chexpert,unweighted,guarded,76,9,-0.058119658119658135,0.28699397071490096,3.7777777777777777,-555.3333333333334
chexpert,unweighted,empirical,77,9,-0.05631659056316591,0.027157931153779624,4.111111111111111,-52.333333333333336
chexpert,unweighted,guarded,77,9,-0.018264840182648425,0.2892233177650925,1.3333333333333333,-557.3333333333334
chexpert,unweighted,empirical,78,9,-0.07936507936507933,0.027476624792061033,5.0,-53.22222222222222
chexpert,unweighted,guarded,78,9,-0.0687830687830688,0.2934090517983135,4.333333333333333,-568.3333333333334
chexpert,unweighted,empirical,79,9,-0.07575757575757576,0.021544295070665243,5.0,-41.666666666666664
chexpert,unweighted,guarded,79,9,-0.03367003367003366,0.29346202458922205,2.2222222222222223,-567.5555555555555
chexpert,unweighted,empirical,80,9,-0.06906906906906907,0.029998846198223142,5.111111111111111,-57.77777777777778
chexpert,unweighted,guarded,80,9,-0.031531531531531556,0.023306795892465672,2.3333333333333335,-44.888888888888886
chexpert,unweighted,empirical,81,9,-0.04906204906204903,0.024672097995030895,3.7777777777777777,-47.44444444444444
chexpert,unweighted,guarded,81,9,-0.08658008658008659,0.2974518980759231,6.666666666666667,-572.0
chexpert,unweighted,empirical,82,9,-0.014285714285714297,0.014450201496833601,1.0,-27.88888888888889
chexpert,unweighted,guarded,82,9,-0.0031746031746032,0.009786989061600434,0.2222222222222222,-18.88888888888889
chexpert,unweighted,empirical,83,9,0.0032206119162641045,0.012141089821048383,-0.2222222222222222,-23.444444444444443
chexpert,unweighted,guarded,83,9,-0.02737520128824479,0.045859945911732564,1.8888888888888888,-88.55555555555556
chexpert,unweighted,empirical,84,9,-0.050347222222222224,0.03248393021120296,3.2222222222222223,-62.888888888888886
chexpert,unweighted,guarded,84,9,-0.019097222222222224,0.020833333333333308,1.2222222222222223,-40.333333333333336
chexpert,unweighted,empirical,85,9,-0.0682261208576998,0.0216160576428204,3.888888888888889,-42.0
chexpert,unweighted,guarded,85,9,-0.044834307992202706,0.2704866472236518,2.5555555555555554,-525.5555555555555
chexpert,unweighted,empirical,86,9,-0.07131011608623554,0.006610335115249715,4.777777777777778,-12.777777777777779
chexpert,unweighted,guarded,86,9,-0.061359867330016575,0.3016037247801345,4.111111111111111,-583.0
chexpert,unweighted,empirical,87,9,0.006837606837606801,0.006258972150445019,-0.4444444444444444,-12.11111111111111
chexpert,unweighted,guarded,87,9,-0.008547008547008529,0.008211312087281085,0.5555555555555556,-15.88888888888889
chexpert,unweighted,empirical,88,9,-0.006172839506172843,0.013474934338243674,0.3333333333333333,-26.22222222222222
chexpert,unweighted,guarded,88,9,-0.0802469135802469,0.30998058695900427,4.333333333333333,-603.2222222222222
chexpert,unweighted,empirical,89,9,-0.04184704184704185,0.015080603224128963,3.2222222222222223,-29.0
chexpert,unweighted,guarded,89,9,-0.02886002886002887,0.01623620500375568,2.2222222222222223,-31.22222222222222
chexpert,unweighted,empirical,90,9,-0.11276948590381429,0.024199574639305617,7.555555555555555,-46.77777777777778
chexpert,unweighted,guarded,90,9,-0.01492537313432839,0.0059205610162671824,1.0,-11.444444444444445
chexpert,unweighted,empirical,91,9,-0.09059829059829058,0.029055412001148435,5.888888888888889,-56.22222222222222
chexpert,unweighted,guarded,91,9,-0.056410256410256404,0.2733850129198967,3.6666666666666665,-529.0
chexpert,unweighted,empirical,92,9,-0.08333333333333333,0.029108796296296282,6.666666666666667,-55.888888888888886
chexpert,unweighted,guarded,92,9,-0.08472222222222223,0.2978587962962963,6.777777777777778,-571.8888888888889
chexpert,unweighted,empirical,93,9,-0.11111111111111116,0.028164176541301742,6.555555555555555,-54.666666666666664
chexpert,unweighted,guarded,93,9,-0.04143126177024484,0.029080084721506656,2.4444444444444446,-56.44444444444444
chexpert,unweighted,empirical,94,9,-0.05555555555555555,0.027777777777777804,3.7777777777777777,-53.666666666666664
chexpert,unweighted,guarded,94,9,-0.032679738562091484,0.28623188405797095,2.2222222222222223,-553.0
chexpert,unweighted,empirical,95,9,-0.04786324786324787,0.023083548664944022,3.111111111111111,-44.666666666666664
chexpert,unweighted,guarded,95,9,-0.04786324786324785,0.29589434395635944,3.111111111111111,-572.5555555555555
chexpert,unweighted,empirical,96,9,-0.11111111111111108,0.02172788411795137,7.444444444444445,-42.0
chexpert,unweighted,guarded,96,9,-0.0580431177446103,0.021095591193883958,3.888888888888889,-40.77777777777778
chexpert,unweighted,empirical,97,9,-0.07628524046434497,0.03960452951658333,5.111111111111111,-76.55555555555556
chexpert,unweighted,guarded,97,9,-0.11111111111111109,0.28562395815370467,7.444444444444445,-552.1111111111111
chexpert,unweighted,empirical,98,9,-0.12418300653594769,0.02206259620318112,6.333333333333333,-43.0
chexpert,unweighted,guarded,98,9,-0.09803921568627452,0.2992987857020694,5.0,-583.3333333333334
chexpert,unweighted,empirical,99,9,-0.07042253521126762,0.03398421749899199,5.0,-65.55555555555556
chexpert,unweighted,guarded,99,9,-0.057902973395931125,0.2877714417372271,4.111111111111111,-555.1111111111111
chexpert,unweighted,empirical,100,9,-0.035897435897435916,0.010852713178294567,2.3333333333333335,-21.0
chexpert,unweighted,guarded,100,9,-0.013675213675213689,0.019351134079816243,0.8888888888888888,-37.44444444444444
chexpert,unweighted,empirical,101,9,-0.04629629629629625,0.03722794959908365,2.7777777777777777,-72.22222222222223
chexpert,unweighted,guarded,101,9,-0.029629629629629624,0.27457044673539527,1.7777777777777777,-532.6666666666666
chexpert,unweighted,empirical,102,9,-0.03888888888888891,0.2867697594501718,2.3333333333333335,-556.3333333333334
chexpert,unweighted,guarded,102,9,-0.012962962962962978,0.28195876288659794,0.7777777777777778,-547.0
chexpert,unweighted,empirical,103,9,-0.10694444444444448,0.026851851851851904,8.555555555555555,-51.55555555555556
chexpert,unweighted,guarded,103,9,-0.013888888888888914,0.007349537037037063,1.1111111111111112,-14.11111111111111
chexpert,unweighted,empirical,104,9,-0.09861111111111111,0.03385416666666666,7.888888888888889,-65.0
chexpert,unweighted,guarded,104,9,-0.05000000000000003,0.03935185185185183,4.0,-75.55555555555556
chexpert,unweighted,empirical,105,9,-0.004444444444444386,0.015555555555555557,0.2222222222222222,-30.333333333333332
chexpert,unweighted,guarded,105,9,-0.04666666666666668,0.27356125356125355,2.3333333333333335,-533.4444444444445
chexpert,unweighted,empirical,106,9,-0.055555555555555566,0.02321552321552324,4.222222222222222,-44.666666666666664
chexpert,unweighted,guarded,106,9,-0.07456140350877191,0.2851120351120351,5.666666666666667,-548.5555555555555
chexpert,unweighted,empirical,107,9,-0.07350427350427355,0.028825724949755945,4.777777777777778,-55.77777777777778
chexpert,unweighted,guarded,107,9,-0.027350427350427402,0.014240597186333649,1.7777777777777777,-27.555555555555557
chexpert,unweighted,empirical,108,9,0.01111111111111112,0.021875000000000026,-0.8888888888888888,-42.0
chexpert,unweighted,guarded,108,9,-0.013888888888888864,0.028935185185185182,1.1111111111111112,-55.55555555555556
chexpert,unweighted,empirical,109,9,-0.08623548922056386,0.02017589239524051,5.777777777777778,-39.0
chexpert,unweighted,guarded,109,9,-0.05306799336650081,0.30304075415301485,3.5555555555555554,-585.7777777777778
chexpert,unweighted,empirical,110,9,0.03198653198653196,0.014075606112834637,-2.111111111111111,-27.22222222222222
chexpert,unweighted,guarded,110,9,-0.018518518518518563,0.03722854188210959,1.2222222222222223,-72.0
chexpert,unweighted,empirical,111,9,-0.13615023474178406,0.029433788376245613,9.666666666666666,-56.77777777777778
chexpert,unweighted,guarded,111,9,-0.09233176838810639,0.29980991878348023,6.555555555555555,-578.3333333333334
chexpert,unweighted,empirical,112,9,-0.1054131054131054,0.023470921493814283,8.222222222222221,-45.111111111111114
chexpert,unweighted,guarded,112,9,-0.08974358974358974,0.04636374147300266,7.0,-89.11111111111111
chexpert,unweighted,empirical,113,9,-0.020833333333333322,0.015653460837887125,1.0,-30.555555555555557
chexpert,unweighted,guarded,113,9,-0.04861111111111111,0.29553734061930786,2.3333333333333335,-576.8888888888889
chexpert,unweighted,empirical,114,9,-0.012698412698412678,0.02446747265400119,0.8888888888888888,-47.22222222222222
chexpert,unweighted,guarded,114,9,-2.4671622769447922e-17,0.013126079447323,0.0,-25.333333333333332
chexpert,unweighted,empirical,115,9,-0.04273504273504278,0.004593741027849522,2.7777777777777777,-8.88888888888889
chexpert,unweighted,guarded,115,9,-0.04273504273504274,0.018260120585701985,2.7777777777777777,-35.333333333333336
chexpert,unweighted,empirical,116,9,-0.07103825136612016,0.024067388688327324,4.333333333333333,-46.666666666666664
chexpert,unweighted,guarded,116,9,-0.012750455373406208,0.29276259240158153,0.7777777777777778,-567.6666666666666
chexpert,unweighted,empirical,117,9,-0.13930348258706468,0.030867390929470575,9.333333333333334,-59.666666666666664
chexpert,unweighted,guarded,117,9,-0.048092868988391345,0.27361039259642467,3.2222222222222223,-528.8888888888889
chexpert,unweighted,empirical,118,9,-0.11111111111111108,0.03747500714081688,6.111111111111111,-72.88888888888889
chexpert,unweighted,guarded,118,9,-0.04242424242424244,0.2894030277063696,2.3333333333333335,-562.8888888888889
chexpert,unweighted,empirical,119,9,0.007215007215007218,0.01773848731727047,-0.5555555555555556,-34.111111111111114
chexpert,unweighted,guarded,119,9,0.007215007215007218,-0.0013867221355520825,-0.5555555555555556,2.6666666666666665
chexpert,unweighted,empirical,120,9,7.401486830834377e-17,0.017196456487754006,0.0,-33.0
chexpert,unweighted,guarded,120,9,0.05075445816186556,0.0024318221295814104,-4.111111111111111,-4.666666666666667
chexpert,unweighted,empirical,121,9,-0.07246376811594205,0.02439726106220154,5.0,-47.111111111111114
chexpert,unweighted,guarded,121,9,-0.020933977455716592,0.0035675240232464368,1.4444444444444444,-6.888888888888889
chexpert,unweighted,empirical,122,9,-0.038800705467372104,0.021625652498135736,2.4444444444444446,-41.888888888888886
chexpert,unweighted,guarded,122,9,-0.028218694885361537,0.037973957437044695,1.7777777777777777,-73.55555555555556
chexpert,unweighted,empirical,123,9,-0.028148148148148183,0.016046176046176013,2.111111111111111,-30.88888888888889
chexpert,unweighted,guarded,123,9,-0.05925925925925925,0.28669552669552667,4.444444444444445,-551.8888888888889
chexpert,unweighted,empirical,124,9,-0.12457912457912457,0.023899804665057985,8.222222222222221,-46.22222222222222
chexpert,unweighted,guarded,124,9,-0.006734006734006728,0.0012639319774789826,0.4444444444444444,-2.4444444444444446
chexpert,unweighted,empirical,125,9,-0.07098765432098766,0.04235822959889351,5.111111111111111,-81.66666666666667
chexpert,unweighted,guarded,125,9,-0.054012345679012336,0.2782964499769479,3.888888888888889,-536.5555555555555
chexpert,unweighted,empirical,126,9,-0.08472222222222224,0.02835648148148146,6.777777777777778,-54.44444444444444
chexpert,unweighted,guarded,126,9,-0.051388888888888914,0.03865740740740737,4.111111111111111,-74.22222222222223
chexpert,unweighted,empirical,127,9,-0.08296296296296295,0.022626262626262612,6.222222222222222,-43.55555555555556
chexpert,unweighted,guarded,127,9,-0.06814814814814812,0.04461760461760459,5.111111111111111,-85.88888888888889
chexpert,unweighted,empirical,128,9,-0.10950080515297907,0.03182001265895621,7.555555555555555,-61.44444444444444
chexpert,unweighted,guarded,128,9,-0.04508856682769727,0.27763392600264686,3.111111111111111,-536.1111111111111
chexpert,unweighted,empirical,129,9,-0.010101010101010117,0.007973652279424506,0.7777777777777778,-15.333333333333334
chexpert,unweighted,guarded,129,9,-0.02453102453102454,0.307563413647657,1.8888888888888888,-591.4444444444445
chexpert,unweighted,empirical,130,9,-0.035426731078905024,0.017895160826284603,2.4444444444444446,-34.55555555555556
chexpert,unweighted,guarded,130,9,-0.045088566827697275,0.2657805397318602,3.111111111111111,-513.2222222222222
chexpert,unweighted,empirical,131,9,-0.051282051282051294,0.0030433534309503266,3.3333333333333335,-5.888888888888889
chexpert,unweighted,guarded,131,9,-0.04786324786324787,0.008096468561584821,3.111111111111111,-15.666666666666666
chexpert,unweighted,empirical,132,9,-0.07359307359307357,0.028716704223724496,5.666666666666667,-55.22222222222222
chexpert,unweighted,guarded,132,9,-0.0303030303030303,0.017160686427457137,2.3333333333333335,-33.0
chexpert,unweighted,empirical,133,9,-0.009389671361502323,0.014112090317378022,0.6666666666666666,-27.22222222222222
chexpert,unweighted,guarded,133,9,-0.045383411580594696,0.032544208282933015,3.2222222222222223,-62.77777777777778
chexpert,unweighted,empirical,134,9,-0.07960199004975127,0.02488934873828821,5.333333333333333,-48.111111111111114
chexpert,unweighted,guarded,134,9,-0.06633499170812601,0.0316146462033684,4.444444444444445,-61.111111111111114
chexpert,unweighted,empirical,135,9,0.004566210045662118,0.032520325203252036,-0.3333333333333333,-62.666666666666664
chexpert,unweighted,guarded,135,9,-0.07001522070015218,0.3100962924522863,5.111111111111111,-597.5555555555555
chexpert,unweighted,empirical,136,9,-0.06633499170812607,0.04092659653963328,4.444444444444445,-79.11111111111111
chexpert,unweighted,guarded,136,9,-0.07296849087893863,0.30700695522216476,4.888888888888889,-593.4444444444445
chexpert,unweighted,empirical,137,9,-0.16269841269841268,0.03763627928554861,13.666666666666666,-72.11111111111111
chexpert,unweighted,guarded,137,9,-0.12566137566137567,0.05532359081419628,10.555555555555555,-106.0
chexpert,unweighted,empirical,138,9,-0.09356725146198831,0.02275352275352274,7.111111111111111,-43.77777777777778
chexpert,unweighted,guarded,138,9,-0.027777777777777776,0.26940401940401937,2.111111111111111,-518.3333333333334
chexpert,unweighted,empirical,139,9,-0.023148148148148126,0.00864453665283539,1.6666666666666667,-16.666666666666668
chexpert,unweighted,guarded,139,9,-0.09104938271604937,0.3099354541263255,6.555555555555555,-597.5555555555555
chexpert,unweighted,empirical,140,9,-0.048245614035087724,0.02673827673827673,3.6666666666666665,-51.44444444444444
chexpert,unweighted,guarded,140,9,-0.02046783625730992,0.28840378840378844,1.5555555555555556,-554.8888888888889
chexpert,unweighted,empirical,141,9,-0.09836065573770487,0.047561744312646786,6.0,-92.22222222222223
chexpert,unweighted,guarded,141,9,-0.02914389799635702,0.29281989570798234,1.7777777777777777,-567.7777777777778
chexpert,unweighted,empirical,142,9,-0.016296296296296253,0.020490620490620462,1.2222222222222223,-39.44444444444444
chexpert,unweighted,guarded,142,9,-0.05481481481481481,0.28634920634920635,4.111111111111111,-551.2222222222222
chexpert,unweighted,empirical,143,9,0.02308802308802307,0.012249378864043488,-1.7777777777777777,-23.555555555555557
chexpert,unweighted,guarded,143,9,-0.04184704184704186,0.2937539723811175,3.2222222222222223,-564.8888888888889
chexpert,unweighted,empirical,144,9,-0.07042253521126758,0.02822418063475607,5.0,-54.44444444444444
chexpert,unweighted,guarded,144,9,-0.018779342723004657,0.02096653418581878,1.3333333333333333,-40.44444444444444
chexpert,unweighted,empirical,145,9,-0.05327245053272448,0.013550135501355,3.888888888888889,-26.11111111111111
chexpert,unweighted,guarded,145,9,-0.07914764079147638,0.03799803955486363,5.777777777777778,-73.22222222222223
chexpert,unweighted,empirical,146,9,-0.0808080808080808,0.031836829028716686,6.222222222222222,-61.22222222222222
chexpert,unweighted,guarded,146,9,-0.010101010101010104,0.2858381001906743,0.7777777777777778,-549.6666666666666
chexpert,unweighted,empirical,147,9,-0.06010928961748636,0.03042805569881382,3.6666666666666665,-59.0
chexpert,unweighted,guarded,147,9,-0.07650273224043715,0.29121540312876054,4.666666666666667,-564.6666666666666
chexpert,unweighted,empirical,148,9,-0.17301587301587296,0.02366148531951641,12.11111111111111,-45.666666666666664
chexpert,unweighted,guarded,148,9,-0.10793650793650794,0.3003454231433506,7.555555555555555,-579.6666666666666
chexpert,unweighted,empirical,149,9,-0.10185185185185183,0.036595205163669875,7.333333333333333,-70.55555555555556
chexpert,unweighted,guarded,149,9,-0.04166666666666666,0.29051406177962197,3.0,-560.1111111111111
chexpert,unweighted,empirical,150,9,-0.04225352112676058,0.025689764414492295,3.0,-49.55555555555556
chexpert,unweighted,guarded,150,9,-0.05790297339593114,0.30101952652496977,4.111111111111111,-580.6666666666666
chexpert,unweighted,empirical,151,9,-0.11293260473588346,0.03713254254770504,6.888888888888889,-72.0
chexpert,unweighted,guarded,151,9,-0.07285974499089248,0.03002693255400836,4.444444444444445,-58.22222222222222
chexpert,unweighted,empirical,152,9,-0.11916264090177135,0.029460843546809383,8.222222222222221,-56.888888888888886
chexpert,unweighted,guarded,152,9,-0.09339774557165864,0.01611139881466133,6.444444444444445,-31.11111111111111
chexpert,unweighted,empirical,153,9,0.010709504685408273,0.019069147394656014,-0.8888888888888888,-36.55555555555556
chexpert,unweighted,guarded,153,9,-0.06425702811244977,0.27015591491334834,5.333333333333333,-517.8888888888889
chexpert,unweighted,empirical,154,9,-0.058287795992714005,0.02395278207552571,3.5555555555555554,-46.44444444444444
chexpert,unweighted,guarded,154,9,-0.05464480874316938,0.03753366569251046,3.3333333333333335,-72.77777777777777
chexpert,unweighted,empirical,155,9,-0.08789386401326699,0.03782261309421166,5.888888888888889,-73.11111111111111
chexpert,unweighted,guarded,155,9,-0.03482587064676617,0.29648790021268034,2.3333333333333335,-573.1111111111111
chexpert,unweighted,empirical,156,9,-0.015151515151515162,0.017465241870619264,1.0,-33.77777777777778
chexpert,unweighted,guarded,156,9,-0.018518518518518514,0.017695047684706422,1.2222222222222223,-34.22222222222222
chexpert,unweighted,empirical,157,9,-0.06557377049180327,0.024583118445934353,4.0,-47.666666666666664
chexpert,unweighted,guarded,157,9,-0.0819672131147541,0.271101942582087,5.0,-525.6666666666666
chexpert,unweighted,empirical,158,9,-0.06729264475743352,0.03248660791429067,4.777777777777778,-62.666666666666664
chexpert,unweighted,guarded,158,9,-0.05320813771517996,0.2884626461609354,3.7777777777777777,-556.4444444444445
chexpert,unweighted,empirical,159,9,-0.024305555555555556,0.027892561983471096,1.5555555555555556,-54.0
chexpert,unweighted,guarded,159,9,-0.0625,0.3025711662075299,4.0,-585.7777777777778
chexpert,unweighted,empirical,160,9,-0.08253968253968254,0.01358664363845711,5.777777777777778,-26.22222222222222
chexpert,unweighted,guarded,160,9,-0.047619047619047596,0.2853195164075993,3.3333333333333335,-550.6666666666666
chexpert,unweighted,empirical,161,9,2.4671622769447922e-17,0.017830524022474464,0.0,-34.55555555555556
chexpert,unweighted,guarded,161,9,-0.007168458781362013,0.015250544662309375,0.4444444444444444,-29.555555555555557
chexpert,unweighted,empirical,162,9,-0.022486772486772482,0.029169566225933648,1.8888888888888888,-55.888888888888886
chexpert,unweighted,guarded,162,9,-0.05687830687830689,0.2902458826258409,4.777777777777778,-556.1111111111111
chexpert,unweighted,empirical,163,9,-0.047619047619047575,0.020034542314335116,3.3333333333333335,-38.666666666666664
chexpert,unweighted,guarded,163,9,-0.07460317460317462,0.29815774323546346,5.222222222222222,-575.4444444444445
chexpert,unweighted,empirical,164,9,-0.12206572769953047,0.01347848626231206,8.666666666666666,-26.0
chexpert,unweighted,guarded,164,9,-0.06259780907668233,0.024019353723863855,4.444444444444445,-46.333333333333336
chexpert,unweighted,empirical,165,9,-0.09772423025435079,0.018489538051353387,8.11111111111111,-35.44444444444444
chexpert,unweighted,guarded,165,9,-0.04417670682730923,0.029212310902451775,3.6666666666666665,-56.0
chexpert,unweighted,empirical,166,9,-0.01097393689986285,0.01974407967112504,0.8888888888888888,-37.888888888888886
chexpert,unweighted,guarded,166,9,-0.03017832647462277,0.28232296913901916,2.4444444444444446,-541.7777777777778
chexpert,unweighted,empirical,167,9,-0.10928961748633882,0.03145951521402782,6.666666666666667,-61.0
chexpert,unweighted,guarded,167,9,-0.0837887067395264,0.31883559681393614,5.111111111111111,-618.2222222222222
chexpert,unweighted,empirical,168,9,-0.03407407407407407,0.03053391053391051,2.5555555555555554,-58.77777777777778
chexpert,unweighted,guarded,168,9,-0.022222222222222216,0.2843867243867244,1.6666666666666667,-547.4444444444445
chexpert,unweighted,empirical,169,9,-0.023148148148148164,0.02080451821115718,1.6666666666666667,-40.111111111111114
chexpert,unweighted,guarded,169,9,0.01234567901234566,0.0044951590594744205,-0.8888888888888888,-8.666666666666666
chexpert,unweighted,empirical,170,9,-0.05464480874316936,0.01908200103145954,3.3333333333333335,-37.0
chexpert,unweighted,guarded,170,9,-0.03278688524590164,0.015128072889805753,2.0,-29.333333333333332
chexpert,unweighted,empirical,171,9,-0.12289562289562289,0.029070435482017695,8.11111111111111,-56.22222222222222
chexpert,unweighted,guarded,171,9,-0.05387205387205386,0.2922555440652648,3.5555555555555554,-565.2222222222222
chexpert,unweighted,empirical,172,9,-0.12617702448210924,0.02930906176655791,7.444444444444445,-56.888888888888886
chexpert,unweighted,guarded,172,9,-0.09981167608286254,0.0529509416680978,5.888888888888889,-102.77777777777777
chexpert,unweighted,empirical,173,9,-0.06944444444444445,0.018824609733700617,4.444444444444445,-36.44444444444444
chexpert,unweighted,guarded,173,9,-0.05381944444444445,0.03655876951331497,3.4444444444444446,-70.77777777777777
chexpert,unweighted,empirical,174,9,-0.058823529411764705,0.025312125876517853,3.0,-49.333333333333336
chexpert,unweighted,guarded,174,9,-0.07407407407407407,0.03534576135910153,3.7777777777777777,-68.88888888888889
chexpert,unweighted,empirical,175,9,-0.070242656449553,0.011442179241447402,6.111111111111111,-21.88888888888889
chexpert,unweighted,guarded,175,9,-0.04980842911877397,0.03380379857117963,4.333333333333333,-64.66666666666667
chexpert,unweighted,empirical,176,9,-0.07503607503607503,0.008551453169237888,5.777777777777778,-16.444444444444443
chexpert,unweighted,guarded,176,9,-0.10101010101010101,0.041659444155544,7.777777777777778,-80.11111111111111
chexpert,unweighted,empirical,177,9,-0.08487654320987652,0.02316735822959885,6.111111111111111,-44.666666666666664
chexpert,unweighted,guarded,177,9,-0.06018518518518517,0.278065928999539,4.333333333333333,-536.1111111111111
chexpert,unweighted,empirical,178,9,-0.05873015873015873,0.025791594703511816,4.111111111111111,-49.77777777777778
chexpert,unweighted,guarded,178,9,-0.10952380952380952,0.2869890616004606,7.666666666666667,-553.8888888888889
chexpert,unweighted,empirical,179,9,-0.06543209876543211,0.03089005235602095,5.888888888888889,-59.0
chexpert,unweighted,guarded,179,9,-0.043209876543209874,0.29825479930191967,3.888888888888889,-569.6666666666666
chexpert,unweighted,empirical,180,9,-0.12363067292644761,0.014630493635159225,8.777777777777779,-28.22222222222222
chexpert,unweighted,guarded,180,9,-0.0610328638497653,0.028915385058464374,4.333333333333333,-55.77777777777778
chexpert,unweighted,empirical,181,9,0.0018214936247723029,0.009397742249727817,-0.1111111111111111,-18.22222222222222
chexpert,unweighted,guarded,181,9,0.01275045537340617,0.015987622485817435,-0.7777777777777778,-31.0
chexpert,unweighted,empirical,182,9,-0.02777777777777779,0.020045819014891157,1.6666666666666667,-38.888888888888886
chexpert,unweighted,guarded,182,9,-0.012962962962962978,0.012714776632302423,0.7777777777777778,-24.666666666666668
chexpert,unweighted,empirical,183,9,-0.02150537634408604,0.03009975920192636,1.3333333333333333,-58.333333333333336
chexpert,unweighted,guarded,183,9,-0.030465949820788554,0.033425065932805836,1.8888888888888888,-64.77777777777777
chexpert,unweighted,empirical,184,9,-0.10485133020344287,0.032025804965151755,7.444444444444445,-61.77777777777778
chexpert,unweighted,guarded,184,9,-0.09859154929577464,0.2968722999827199,7.0,-572.6666666666666
chexpert,unweighted,empirical,185,9,-0.028192371475953548,0.026843708685405518,1.8888888888888888,-51.888888888888886
chexpert,unweighted,guarded,185,9,-0.05804311774461027,0.29298154854285224,3.888888888888889,-566.3333333333334
chexpert,unweighted,empirical,186,9,-0.016835016835016883,0.02177410088475234,1.1111111111111112,-42.111111111111114
chexpert,unweighted,guarded,186,9,-0.0824915824915825,0.26898770538894623,5.444444444444445,-520.2222222222222
chexpert,unweighted,empirical,187,9,-0.024024024024024062,0.005884389061959144,1.7777777777777777,-11.333333333333334
chexpert,unweighted,guarded,187,9,-0.01201201201201205,0.011538017768547348,0.8888888888888888,-22.22222222222222
chexpert,unweighted,empirical,188,9,-0.11424100156494522,0.028972985427106763,8.11111111111111,-55.888888888888886
chexpert,unweighted,guarded,188,9,-0.08763693270735523,0.3036691434825183,6.222222222222222,-585.7777777777778
chexpert,unweighted,empirical,189,9,-0.06756756756756759,0.027748932733356373,5.0,-53.44444444444444
chexpert,unweighted,guarded,189,9,-0.018018018018018042,0.015691704165224436,1.3333333333333333,-30.22222222222222
chexpert,unweighted,empirical,190,9,-0.02623456790123456,0.03163900414937762,1.8888888888888888,-61.0
chexpert,unweighted,guarded,190,9,-0.03395061728395061,0.28999538958045185,2.4444444444444446,-559.1111111111111
chexpert,unweighted,empirical,191,9,-0.08235294117647057,0.013693066434580792,7.0,-26.22222222222222
chexpert,unweighted,guarded,191,9,-0.0535947712418301,0.03214389324049897,4.555555555555555,-61.55555555555556
chexpert,unweighted,empirical,192,9,-0.07610350076103498,0.01718272501873948,5.555555555555555,-33.111111111111114
chexpert,unweighted,guarded,192,9,-0.09132420091324198,0.29268292682926833,6.666666666666667,-564.0
chexpert,unweighted,empirical,193,9,0.007824726134585267,0.012614480732676693,-0.5555555555555556,-24.333333333333332
chexpert,unweighted,guarded,193,9,-0.014084507042253502,0.024710558147572108,1.0,-47.666666666666664
chexpert,unweighted,empirical,194,9,-0.06375227686703099,0.036502206177296465,3.888888888888889,-70.77777777777777
chexpert,unweighted,guarded,194,9,-0.010928961748633892,0.291100796515959,0.6666666666666666,-564.4444444444445
chexpert,unweighted,empirical,195,9,-0.0727272727272727,0.027192230791202525,4.0,-52.888888888888886
chexpert,unweighted,guarded,195,9,-0.0040404040404040786,0.01993716081119681,0.2222222222222222,-38.77777777777778
chexpert,unweighted,empirical,196,9,-0.050682261208576995,0.024303768513753057,2.888888888888889,-47.22222222222222
chexpert,unweighted,guarded,196,9,-0.021442495126705645,0.04872190770286497,1.2222222222222223,-94.66666666666667
chexpert,unweighted,empirical,197,9,-0.06259780907668229,0.024710558147572132,4.444444444444445,-47.666666666666664
chexpert,unweighted,guarded,197,9,-0.045383411580594654,0.28708023731351884,3.2222222222222223,-553.7777777777778
chexpert,unweighted,empirical,198,9,-0.11737089201877933,0.03576982892690513,8.333333333333334,-69.0
chexpert,unweighted,guarded,198,9,-0.08450704225352111,0.277172973907033,6.0,-534.6666666666666
chexpert,unweighted,empirical,199,9,-0.07131011608623546,0.010346611484738762,4.777777777777778,-20.0
chexpert,unweighted,guarded,199,9,-0.06633499170812601,0.0332816002759096,4.444444444444445,-64.33333333333333
chexpert,unweighted,empirical,200,9,-0.11437908496732024,0.031055900621118022,7.777777777777778,-60.0
chexpert,unweighted,guarded,200,9,-0.04411764705882351,0.03784219001610304,3.0,-73.11111111111111
chexpert,unweighted,empirical,201,9,-0.05467372134038798,0.030631560832903144,3.4444444444444446,-59.333333333333336
chexpert,unweighted,guarded,201,9,-0.047619047619047644,0.2841736935696667,3.0,-550.4444444444445
chexpert,unweighted,empirical,202,9,-0.10085470085470088,0.025667527993109403,6.555555555555555,-49.666666666666664
chexpert,unweighted,guarded,202,9,-0.09401709401709407,0.04346827447602644,6.111111111111111,-84.11111111111111
chexpert,unweighted,empirical,203,9,-0.10977242302543505,0.02898046716513066,9.11111111111111,-55.55555555555556
chexpert,unweighted,guarded,203,9,-0.030789825970548825,0.01449023358256533,2.5555555555555554,-27.77777777777778
chexpert,unweighted,empirical,204,9,0.01953601953601954,0.0017461148943600266,-1.7777777777777777,-3.3333333333333335
chexpert,unweighted,guarded,204,9,-0.013431013431013458,0.006111402130260155,1.2222222222222223,-11.666666666666666
chexpert,unweighted,empirical,205,9,-0.0418943533697632,0.0027505587072374185,2.5555555555555554,-5.333333333333333
chexpert,unweighted,guarded,205,9,-0.04918032786885244,0.015873015873015865,3.0,-30.77777777777778
chexpert,unweighted,empirical,206,9,-0.009107468123861602,0.011747177812159788,0.5555555555555556,-22.77777777777778
chexpert,unweighted,guarded,206,9,-0.07285974499089252,0.30536931980975307,4.444444444444445,-592.1111111111111
chexpert,unweighted,empirical,207,9,-0.060109289617486295,0.02103031344908599,3.6666666666666665,-40.77777777777778
chexpert,unweighted,guarded,207,9,-0.03460837887067398,0.003953928141653777,2.111111111111111,-7.666666666666667
chexpert,unweighted,empirical,208,9,-0.023909985935302407,0.01104748684134418,1.8888888888888888,-21.22222222222222
chexpert,unweighted,guarded,208,9,-0.05766526019690579,0.03921568627450981,4.555555555555555,-75.33333333333333
chexpert,unweighted,empirical,209,9,-0.10789049919484701,0.025202831002934585,7.444444444444445,-48.666666666666664
chexpert,unweighted,guarded,209,9,0.0,0.002877035502618086,0.0,-5.555555555555555
chexpert,unweighted,empirical,210,9,-0.05472636815920399,0.02701615221015119,3.6666666666666665,-52.22222222222222
chexpert,unweighted,guarded,210,9,-0.06633499170812603,0.30648962464792784,4.444444444444445,-592.4444444444445
chexpert,unweighted,empirical,211,9,-0.0746031746031746,0.02112838226827867,5.222222222222222,-40.77777777777778
chexpert,unweighted,guarded,211,9,-0.10317460317460318,0.29533678756476683,7.222222222222222,-570.0
chexpert,unweighted,empirical,212,9,-0.05555555555555561,0.027777777777777776,3.7777777777777777,-53.666666666666664
chexpert,unweighted,guarded,212,9,-0.08006535947712418,0.27035886818495514,5.444444444444445,-522.3333333333334
chexpert,unweighted,empirical,213,9,-0.09500805152979062,0.0410840669773865,6.555555555555555,-79.33333333333333
chexpert,unweighted,guarded,213,9,-0.020933977455716544,0.02462742390241093,1.4444444444444444,-47.55555555555556
chexpert,unweighted,empirical,214,9,-0.078125,0.03988751147842059,5.0,-77.22222222222223
chexpert,unweighted,guarded,214,9,-0.019097222222222224,0.016241965105601483,1.2222222222222223,-31.444444444444443
chexpert,unweighted,empirical,215,9,-0.022569444444444444,0.021923783287419632,1.4444444444444444,-42.44444444444444
chexpert,unweighted,guarded,215,9,-0.03819444444444445,0.03902662993572083,2.4444444444444446,-75.55555555555556
chexpert,unweighted,empirical,216,9,-0.07181571815718156,0.014366817286525311,5.888888888888889,-27.555555555555557
chexpert,unweighted,guarded,216,9,-0.06504065040650407,0.31097207739543503,5.333333333333333,-596.4444444444445
chexpert,unweighted,empirical,217,9,-0.034825870646766156,0.028453181583031537,2.3333333333333335,-55.0
chexpert,unweighted,guarded,217,9,-0.029850746268656705,0.27907110421337017,2.0,-539.4444444444445
chexpert,unweighted,empirical,218,9,-0.12444444444444445,0.0337085137085137,9.333333333333334,-64.88888888888889
chexpert,unweighted,guarded,218,9,-0.08148148148148147,0.29979797979797973,6.111111111111111,-577.1111111111111
chexpert,unweighted,empirical,219,9,-0.1326164874551971,0.034227726178190525,8.222222222222221,-66.33333333333333
chexpert,unweighted,guarded,219,9,-0.0896057347670251,0.31429881894278183,5.555555555555555,-609.1111111111111
chexpert,unweighted,empirical,220,9,-0.07460317460317462,0.02458261370178468,5.222222222222222,-47.44444444444444
chexpert,unweighted,guarded,220,9,-0.05238095238095239,0.016062176165803115,3.6666666666666665,-31.0
chexpert,unweighted,empirical,221,9,-0.06944444444444448,0.03819444444444442,5.555555555555555,-73.33333333333333
chexpert,unweighted,guarded,221,9,-0.006944444444444457,0.01406249999999999,0.5555555555555556,-27.0
chexpert,unweighted,empirical,222,9,-0.1095679012345679,0.025645458736745015,7.888888888888889,-49.44444444444444
chexpert,unweighted,guarded,222,9,-0.08333333333333331,0.29304979253112035,6.0,-565.0
chexpert,unweighted,empirical,223,9,-0.07936507936507936,0.043219506558040126,6.111111111111111,-83.11111111111111
chexpert,unweighted,guarded,223,9,-0.05772005772005774,0.2770555266655111,4.444444444444445,-532.7777777777778
chexpert,unweighted,empirical,224,9,-0.0348258706467662,0.025866528711846866,2.3333333333333335,-50.0
chexpert,unweighted,guarded,224,9,-0.018242122719734664,0.28407196643099386,1.2222222222222223,-549.1111111111111
chexpert,unweighted,empirical,225,9,-0.06944444444444448,0.031597222222222214,5.555555555555555,-60.666666666666664
chexpert,unweighted,guarded,225,9,-0.0638888888888889,0.2920717592592592,5.111111111111111,-560.7777777777778
chexpert,unweighted,empirical,226,9,-0.018140589569160995,0.018907682669855888,0.8888888888888888,-36.888888888888886
chexpert,unweighted,guarded,226,0,,,,
chexpert,unweighted,empirical,227,9,-0.011627906976744182,0.007314524555903855,1.0,-14.0
chexpert,unweighted,guarded,227,9,-0.050387596899224785,0.028097062579821214,4.333333333333333,-53.77777777777778
chexpert,unweighted,empirical,228,9,-0.07890499194847025,0.025145290292882212,5.444444444444445,-48.55555555555556
chexpert,unweighted,guarded,228,9,-0.035426731078905024,0.034697048161574345,2.4444444444444446,-67.0
chexpert,unweighted,empirical,229,9,-0.014285714285714334,0.030627518710420267,1.0,-59.111111111111114
chexpert,unweighted,guarded,229,9,-0.039682539682539715,0.042429476108232556,2.7777777777777777,-81.88888888888889
chexpert,unweighted,empirical,230,9,-0.12210012210012211,0.04440952214655728,11.11111111111111,-84.77777777777777
chexpert,unweighted,guarded,230,9,-0.09157509157509156,0.2924742448053082,8.333333333333334,-558.3333333333334
chexpert,unweighted,empirical,231,9,0.003367003367003327,0.010054004366310456,-0.2222222222222222,-19.444444444444443
chexpert,unweighted,guarded,231,9,-0.06902356902356901,0.2973112719751809,4.555555555555555,-575.0
chexpert,unweighted,empirical,232,9,-0.06527777777777777,0.009085648148148126,5.222222222222222,-17.444444444444443
chexpert,unweighted,guarded,232,9,-0.07916666666666665,0.03663194444444446,6.333333333333333,-70.33333333333333
chexpert,unweighted,empirical,233,9,-0.13299663299663297,0.026370217166494275,8.777777777777779,-51.0
chexpert,unweighted,guarded,233,9,-0.07407407407407408,0.29978168447661724,4.888888888888889,-579.7777777777778
chexpert,unweighted,empirical,234,9,-0.08771929824561409,0.02644952644952645,6.666666666666667,-50.888888888888886
chexpert,unweighted,guarded,234,9,-0.09064327485380114,0.2990875490875491,6.888888888888889,-575.4444444444445
chexpert,unweighted,empirical,235,9,-0.025316455696202517,0.02244201515414422,2.0,-43.111111111111114
chexpert,unweighted,guarded,235,9,-0.053445850914205346,0.3027358435999769,4.222222222222222,-581.5555555555555
chexpert,unweighted,empirical,236,9,-0.1245210727969349,0.02151275889689895,7.222222222222222,-41.77777777777778
chexpert,unweighted,guarded,236,9,-0.08620689655172416,0.2872182171873212,5.0,-557.7777777777778
chexpert,unweighted,empirical,237,9,-0.12698412698412703,0.035521013241220555,8.88888888888889,-68.55555555555556
chexpert,unweighted,guarded,237,9,-0.02539682539682538,0.2915371329879102,1.7777777777777777,-562.6666666666666
chexpert,unweighted,empirical,238,9,-0.05381944444444445,0.3032024793388429,3.4444444444444446,-587.0
chexpert,unweighted,guarded,238,9,-0.022569444444444444,0.2854683195592286,1.4444444444444444,-552.6666666666666
chexpert,unweighted,empirical,239,9,-0.06153846153846157,0.02383003158196955,4.0,-46.111111111111114
chexpert,unweighted,guarded,239,9,-0.03589743589743594,0.01952339936836061,2.3333333333333335,-37.77777777777778
chexpert,unweighted,empirical,240,9,-0.059259259259259234,0.028282828282828305,4.444444444444445,-54.44444444444444
chexpert,unweighted,guarded,240,9,-0.035555555555555576,0.2825974025974026,2.6666666666666665,-544.0
chexpert,unweighted,empirical,241,9,0.029629629629629686,0.01033189033189034,-2.2222222222222223,-19.88888888888889
chexpert,unweighted,guarded,241,9,2.4671622769447922e-17,0.0009812409812410088,0.0,-1.8888888888888888
chexpert,unweighted,empirical,242,9,-0.24809741248097408,0.019835091967940952,18.11111111111111,-38.22222222222222
chexpert,unweighted,guarded,242,9,-0.08219178082191782,0.020699994233984893,6.0,-39.888888888888886
chexpert,unweighted,empirical,243,9,-0.043402777777777776,0.021464646464646457,2.7777777777777777,-41.55555555555556
chexpert,unweighted,guarded,243,9,-0.017361111111111112,0.003328741965105587,1.1111111111111112,-6.444444444444445
chexpert,unweighted,empirical,244,9,-0.07851851851851853,0.02326118326118319,5.888888888888889,-44.77777777777778
chexpert,unweighted,guarded,244,9,-0.11703703703703702,0.29477633477633475,8.777777777777779,-567.4444444444445
chexpert,unweighted,empirical,245,9,-0.06822612085769982,0.02870703951506833,3.888888888888889,-55.77777777777778
chexpert,unweighted,guarded,245,9,-0.10916179337231968,0.3038256990907532,6.222222222222222,-590.3333333333334
chexpert,unweighted,empirical,246,9,0.009485094850948506,0.008747537944618196,-0.7777777777777778,-16.77777777777778
chexpert,unweighted,guarded,246,9,0.009485094850948493,0.003417912177036254,-0.7777777777777778,-6.555555555555555
chexpert,unweighted,empirical,247,9,-0.023217247097844132,0.005690636316606305,1.5555555555555556,-11.0
chexpert,unweighted,guarded,247,9,-0.043117744610281936,0.3120078174397885,2.888888888888889,-603.1111111111111
chexpert,unweighted,empirical,248,9,-0.031339031339031376,0.043126372991097256,2.4444444444444446,-82.88888888888889
chexpert,unweighted,guarded,248,9,-0.01851851851851854,0.28517747716499015,1.4444444444444444,-548.1111111111111
chexpert,unweighted,empirical,249,9,0.012519561815336434,0.010483267092909402,-0.8888888888888888,-20.22222222222222
chexpert,unweighted,guarded,249,9,-0.03755868544600938,0.30856517481711887,2.6666666666666665,-595.2222222222222
chexpert,unweighted,empirical,250,9,-0.010510510510510489,0.020364601361486115,0.7777777777777778,-39.22222222222222
chexpert,unweighted,guarded,250,9,-0.04354354354354354,0.2575862466828199,3.2222222222222223,-496.1111111111111
chexpert,unweighted,empirical,251,9,-0.10269360269360273,0.024014707572101533,6.777777777777778,-46.44444444444444
chexpert,unweighted,guarded,251,9,-0.008417508417508435,-0.0005745145352177664,0.5555555555555556,1.1111111111111112
chexpert,unweighted,empirical,252,9,-0.08547008547008549,0.03347688774045367,5.555555555555555,-64.77777777777777
chexpert,unweighted,guarded,252,9,-0.05641025641025643,0.039735859890898645,3.6666666666666665,-76.88888888888889
chexpert,unweighted,empirical,253,9,-0.04381846635367762,0.015609699902079352,3.111111111111111,-30.11111111111111
chexpert,unweighted,guarded,253,9,-0.06572769953051645,0.03283221012614484,4.666666666666667,-63.333333333333336
chexpert,unweighted,empirical,254,9,-0.08130081300813005,0.03151430888657166,6.666666666666667,-60.44444444444444
chexpert,unweighted,guarded,254,9,-0.012195121951219511,0.013845440852740162,1.0,-26.555555555555557
chexpert,unweighted,empirical,255,9,-0.13333333333333336,0.04784110535405875,9.333333333333334,-92.33333333333333
chexpert,unweighted,guarded,255,9,-0.06031746031746031,0.2922279792746114,4.222222222222222,-564.0
chexpert,unweighted,empirical,256,9,-0.018018018018018032,0.019153109495788634,1.3333333333333333,-36.888888888888886
chexpert,unweighted,guarded,256,9,-0.07357357357357358,0.2735087112034152,5.444444444444445,-526.7777777777778
chexpert,unweighted,empirical,257,9,-3.700743415417188e-17,0.019499250028845068,0.0,-37.55555555555556
chexpert,unweighted,guarded,257,9,-0.019519519519519492,0.2719510788046614,1.4444444444444444,-523.7777777777778
chexpert,unweighted,empirical,258,9,-0.09427609427609425,0.030104561645409596,6.222222222222222,-58.22222222222222
chexpert,unweighted,guarded,258,9,-0.0016835016835017066,0.0037917959324370834,0.1111111111111111,-7.333333333333333
chexpert,unweighted,empirical,259,9,-0.11481481481481483,0.021878579610538358,6.888888888888889,-42.44444444444444
chexpert,unweighted,guarded,259,9,-0.10925925925925925,0.03974799541809853,6.555555555555555,-77.11111111111111
chexpert,unweighted,empirical,260,9,-0.1272401433691756,0.02677445247104688,7.888888888888889,-51.888888888888886
chexpert,unweighted,guarded,260,9,-0.08243727598566308,0.296238963421626,5.111111111111111,-574.1111111111111
chexpert,unweighted,empirical,261,9,-0.11851851851851852,0.01437229437229437,8.88888888888889,-27.666666666666668
chexpert,unweighted,guarded,261,9,-0.0859259259259259,0.02227994227994227,6.444444444444445,-42.888888888888886
chexpert,unweighted,empirical,262,9,-0.06301824212271973,0.026153934586422938,4.222222222222222,-50.55555555555556
chexpert,unweighted,guarded,262,9,-0.08291873963515753,0.29188940621946313,5.555555555555555,-564.2222222222222
chexpert,unweighted,empirical,263,9,-0.12260536398467428,0.02654765991532213,7.111111111111111,-51.55555555555556
chexpert,unweighted,guarded,263,9,-0.10344827586206896,0.3014646984780867,6.0,-585.4444444444445
chexpert,unweighted,empirical,264,9,-0.02074074074074074,0.023607503607503594,1.5555555555555556,-45.44444444444444
chexpert,unweighted,guarded,264,9,-0.07407407407407406,0.28248196248196245,5.555555555555555,-543.7777777777778
chexpert,unweighted,empirical,265,9,-0.10970464135021095,0.04280178147955349,8.666666666666666,-82.22222222222223
chexpert,unweighted,guarded,265,9,-0.08016877637130802,0.30909827057666717,6.333333333333333,-593.7777777777778
chexpert,unweighted,empirical,266,9,-0.05840455840455846,0.046941842987628636,4.555555555555555,-90.22222222222223
chexpert,unweighted,guarded,266,9,-0.03418803418803419,0.3035032951786334,2.6666666666666665,-583.3333333333334
chexpert,unweighted,empirical,267,9,-0.03259259259259259,0.013968253968253963,2.4444444444444446,-26.88888888888889
chexpert,unweighted,guarded,267,9,-0.07703703703703706,0.045194805194805204,5.777777777777778,-87.0
chexpert,unweighted,empirical,268,9,-0.0084388185654009,0.012551333217652857,0.6666666666666666,-24.11111111111111
chexpert,unweighted,guarded,268,9,-0.047819971870604744,0.03759615940771585,3.7777777777777777,-72.22222222222223
chexpert,unweighted,empirical,269,9,-0.15396825396825398,0.028612550374208387,10.777777777777779,-55.22222222222222
chexpert,unweighted,guarded,269,9,-0.07777777777777778,0.29631548647092687,5.444444444444445,-571.8888888888889
chexpert,unweighted,empirical,270,9,-0.08422939068100363,0.035775713794289676,5.222222222222222,-69.33333333333333
chexpert,unweighted,guarded,270,9,-0.08243727598566308,0.2865497076023392,5.111111111111111,-555.3333333333334
chexpert,unweighted,empirical,271,9,-0.0707070707070707,0.04385508753683479,5.444444444444445,-84.33333333333333
chexpert,unweighted,guarded,271,9,-0.053391053391053406,0.3054255503553476,4.111111111111111,-587.3333333333334
chexpert,unweighted,empirical,272,9,-0.045537340619307795,0.018165148129047078,2.7777777777777777,-35.22222222222222
chexpert,unweighted,guarded,272,9,-0.029143897996357034,0.01621683571142058,1.7777777777777777,-31.444444444444443
chexpert,unweighted,empirical,273,9,-0.03348554033485534,0.01897018970189701,2.4444444444444446,-36.55555555555556
chexpert,unweighted,guarded,273,9,-0.004566210045662082,0.009513924926483334,0.3333333333333333,-18.333333333333332
chexpert,unweighted,empirical,274,9,-0.03858024691358026,0.02103503918856611,2.7777777777777777,-40.55555555555556
chexpert,unweighted,guarded,274,9,-0.08950617283950618,0.26210235131396953,6.444444444444445,-505.3333333333333
chexpert,unweighted,empirical,275,9,-0.04131054131054127,0.024858365128916655,3.2222222222222223,-47.77777777777778
chexpert,unweighted,guarded,275,9,-0.01566951566951564,0.008960573476702476,1.2222222222222223,-17.22222222222222
chexpert,unweighted,empirical,276,9,-0.07777777777777775,0.030756013745704455,4.666666666666667,-59.666666666666664
chexpert,unweighted,guarded,276,9,-0.03703703703703704,0.03333333333333331,2.2222222222222223,-64.66666666666667
chexpert,unweighted,empirical,277,9,-0.037664783427495276,0.021581086496078778,2.2222222222222223,-41.888888888888886
chexpert,unweighted,guarded,277,9,-0.03954802259887006,0.26836109680004583,2.3333333333333335,-520.8888888888889
chexpert,unweighted,empirical,278,9,-0.11640211640211644,0.02896804910227731,7.333333333333333,-56.111111111111114
chexpert,unweighted,guarded,278,9,-0.05467372134038801,0.01812654161647451,3.4444444444444446,-35.111111111111114
chexpert,unweighted,empirical,279,9,-0.07272727272727271,0.027820622679234512,4.0,-54.111111111111114
chexpert,unweighted,guarded,279,9,-0.058585858585858595,0.27037989145958297,3.2222222222222223,-525.8888888888889
chexpert,unweighted,empirical,280,9,-0.1450094161958569,0.03199954204590991,8.555555555555555,-62.111111111111114
chexpert,unweighted,guarded,280,9,-0.06403013182674194,0.03726601408208828,3.7777777777777777,-72.33333333333333
chexpert,unweighted,empirical,281,9,-0.045007032348804495,0.021690091965989935,3.5555555555555554,-41.666666666666664
chexpert,unweighted,guarded,281,9,-0.023909985935302382,0.03366302273121638,1.8888888888888888,-64.66666666666667
chexpert,unweighted,empirical,282,9,0.0076103500761035316,0.013780776105633405,-0.5555555555555556,-26.555555555555557
chexpert,unweighted,guarded,282,9,0.013698630136986308,0.010494147494666421,-1.0,-20.22222222222222
chexpert,unweighted,empirical,283,9,-0.01880341880341881,0.012517944300890038,1.2222222222222223,-24.22222222222222
chexpert,unweighted,guarded,283,9,-0.05811965811965812,0.2782658627619867,3.7777777777777777,-538.4444444444445
chexpert,unweighted,empirical,284,9,-0.06666666666666667,0.019791666666666652,5.333333333333333,-38.0
chexpert,unweighted,guarded,284,9,0.006944444444444444,0.002314814814814819,-0.5555555555555556,-4.444444444444445
chexpert,unweighted,empirical,285,9,-0.07748538011695907,0.028355278355278363,5.888888888888889,-54.55555555555556
chexpert,unweighted,guarded,285,9,-0.029239766081871312,0.017440517440517445,2.2222222222222223,-33.55555555555556
chexpert,unweighted,empirical,286,9,-0.1275045537340619,0.027505587072374073,7.777777777777778,-53.333333333333336
chexpert,unweighted,guarded,286,9,-0.05100182149362474,0.011804481118560535,3.111111111111111,-22.88888888888889
chexpert,unweighted,empirical,287,9,0.05967078189300409,0.00650907845152451,-3.2222222222222223,-12.666666666666666
chexpert,unweighted,guarded,287,9,0.02469135802469138,0.005823912298732458,-1.3333333333333333,-11.333333333333334
chexpert,unweighted,empirical,288,9,0.010416666666666666,0.013142791551882508,-0.6666666666666666,-25.444444444444443
chexpert,unweighted,guarded,288,9,-0.0642361111111111,0.30670339761248855,4.111111111111111,-593.7777777777778
chexpert,unweighted,empirical,289,9,-0.08230452674897121,0.024951467397510568,4.444444444444445,-48.55555555555556
chexpert,unweighted,guarded,289,9,-0.032921810699588515,0.03711316660956945,1.7777777777777777,-72.22222222222223
chexpert,unweighted,empirical,290,9,-0.0013888888888889087,0.021412037037037042,0.1111111111111111,-41.111111111111114
chexpert,unweighted,guarded,290,9,-0.04861111111111111,0.28420138888888885,3.888888888888889,-545.6666666666666
chexpert,unweighted,empirical,291,9,-0.135042735042735,0.01676715475165089,8.777777777777779,-32.44444444444444
chexpert,unweighted,guarded,291,9,-0.04615384615384616,0.0226815963250072,3.0,-43.888888888888886
chexpert,unweighted,empirical,292,9,-0.09305555555555553,0.031249999999999976,7.444444444444445,-60.0
chexpert,unweighted,guarded,292,9,-0.030555555555555544,0.022337962962962962,2.4444444444444446,-42.888888888888886
chexpert,unweighted,empirical,293,9,0.013888888888888914,0.009970032272936826,-1.0,-19.22222222222222
chexpert,unweighted,guarded,293,9,-0.046296296296296315,0.02599124020285848,3.3333333333333335,-50.111111111111114
chexpert,unweighted,empirical,294,9,0.0015649452269170681,0.013075283681815554,-0.1111111111111111,-25.22222222222222
chexpert,unweighted,guarded,294,9,-0.05946791862284822,0.042393871320776495,4.222222222222222,-81.77777777777777
chexpert,unweighted,empirical,295,9,-0.01940035273368605,0.022658177020593164,1.2222222222222223,-43.888888888888886
chexpert,unweighted,guarded,295,9,-0.03703703703703704,0.2897378534962428,2.3333333333333335,-561.2222222222222
chexpert,unweighted,empirical,296,9,-0.10950080515297905,0.01317682260199091,7.555555555555555,-25.444444444444443
chexpert,unweighted,guarded,296,9,-0.054750402576489554,0.016456643074975557,3.7777777777777777,-31.77777777777778
chexpert,unweighted,empirical,297,9,-0.10793650793650794,0.02475532527345999,7.555555555555555,-47.77777777777778
chexpert,unweighted,guarded,297,9,-0.06507936507936507,0.2864133563615429,4.555555555555555,-552.7777777777778
chexpert,unweighted,empirical,298,9,-0.14245014245014243,0.05474621343507919,11.11111111111111,-105.22222222222223
chexpert,unweighted,guarded,298,9,-0.06695156695156695,0.3088796392646549,5.222222222222222,-593.6666666666666
chexpert,unweighted,empirical,299,9,-0.035714285714285726,0.020061728395061706,2.0,-39.0
chexpert,unweighted,guarded,299,9,-0.04761904761904762,0.2898376771833562,2.6666666666666665,-563.4444444444445
chexpert,unweighted,empirical,300,9,-0.034188034188034164,0.0232558139534884,2.2222222222222223,-45.0
chexpert,unweighted,guarded,300,9,-0.020512820512820502,0.2930232558139535,1.3333333333333333,-567.0
chexpert,unweighted,empirical,301,9,0.028806584362139898,0.02055498458376153,-1.5555555555555556,-40.0
chexpert,unweighted,guarded,301,9,-0.00617283950617283,0.02192531688934564,0.3333333333333333,-42.666666666666664
chexpert,unweighted,empirical,302,9,-0.06825396825396829,0.030800230282095553,4.777777777777778,-59.44444444444444
chexpert,unweighted,guarded,302,0,,,,
chexpert,unweighted,empirical,303,9,-0.04957264957264965,0.00935974734424346,3.2222222222222223,-18.11111111111111
chexpert,unweighted,guarded,303,9,-0.09059829059829058,0.319724375538329,5.888888888888889,-618.6666666666666
chexpert,unweighted,empirical,304,9,-0.02188552188552189,0.009536941284614488,1.4444444444444444,-18.444444444444443
chexpert,unweighted,guarded,304,9,-0.05892255892255892,0.29937952430196485,3.888888888888889,-579.0
chexpert,unweighted,empirical,305,9,-0.007936507936507945,0.013145861911293966,0.4444444444444444,-25.555555555555557
chexpert,unweighted,guarded,305,9,-0.02976190476190478,0.02852080475537265,1.6666666666666667,-55.44444444444444
chexpert,unweighted,empirical,306,9,-0.025316455696202556,0.012667013708138115,2.0,-24.333333333333332
chexpert,unweighted,guarded,306,9,-0.11673699015471166,0.04661923766556771,9.222222222222221,-89.55555555555556
chexpert,unweighted,empirical,307,9,-0.06701940035273368,0.0391212069064418,4.222222222222222,-75.77777777777777
chexpert,unweighted,guarded,307,9,-0.06701940035273374,0.04514426662077669,4.222222222222222,-87.44444444444444
chexpert,unweighted,empirical,308,9,-0.11494252873563217,0.033012930541251886,6.666666666666667,-64.11111111111111
chexpert,unweighted,guarded,308,9,-0.06321839080459768,0.050234580615631096,3.6666666666666665,-97.55555555555556
chexpert,unweighted,empirical,309,9,-0.026388888888888906,0.016608796296296253,2.111111111111111,-31.88888888888889
chexpert,unweighted,guarded,309,9,-0.09305555555555556,0.27077546296296295,7.444444444444445,-519.8888888888889
chexpert,unweighted,empirical,310,9,-0.11382113821138212,0.03713358822847871,9.333333333333334,-71.22222222222223
chexpert,unweighted,guarded,310,9,-0.07046070460704607,0.2779515699223728,5.777777777777778,-533.1111111111111
chexpert,unweighted,empirical,311,9,0.012345679012345685,0.014069828035435118,-1.0,-27.0
chexpert,unweighted,guarded,311,9,-0.09327846364883403,0.28492849284928495,7.555555555555555,-546.7777777777778
chexpert,unweighted,empirical,312,9,-0.07575757575757575,0.022431427243142708,6.666666666666667,-42.888888888888886
chexpert,unweighted,guarded,312,9,-0.09090909090909088,0.043526266852626665,8.0,-83.22222222222223
chexpert,unweighted,empirical,313,9,-0.10476190476190478,0.027461139896373072,7.333333333333333,-53.0
chexpert,unweighted,guarded,313,9,-0.11904761904761901,0.2928036845135291,8.333333333333334,-565.1111111111111
chexpert,unweighted,empirical,314,9,-0.10925925925925925,0.030927835051546355,6.555555555555555,-60.0
chexpert,unweighted,guarded,314,9,-0.044444444444444446,0.30784650630011456,2.6666666666666665,-597.2222222222222
chexpert,unweighted,empirical,315,9,-0.12222222222222226,0.026403207331042376,7.333333333333333,-51.22222222222222
chexpert,unweighted,guarded,315,9,-0.09999999999999998,0.27205040091638033,6.0,-527.7777777777778
chexpert,unweighted,empirical,316,9,-0.059829059829059866,0.029367556942999182,4.666666666666667,-56.44444444444444
chexpert,unweighted,guarded,316,9,-0.052706552706552716,0.28159324777430916,4.111111111111111,-541.2222222222222
chexpert,unweighted,empirical,317,9,-0.08097928436911486,0.024615032343007572,4.777777777777778,-47.77777777777778
chexpert,unweighted,guarded,317,9,-0.06026365348399249,0.031999542045909934,3.5555555555555554,-62.111111111111114
chexpert,unweighted,empirical,318,9,-0.020325203252032527,0.009674429382458574,1.6666666666666667,-18.555555555555557
chexpert,unweighted,guarded,318,9,-0.035230352303523005,0.024852276677094245,2.888888888888889,-47.666666666666664
chexpert,unweighted,empirical,319,9,-0.10162601626016259,0.009384775808133461,8.333333333333334,-18.0
chexpert,unweighted,guarded,319,9,-0.06368563685636858,0.015235778009500649,5.222222222222222,-29.22222222222222
chexpert,unweighted,empirical,320,9,0.027777777777777766,0.009739511295527883,-2.0,-18.77777777777778
chexpert,unweighted,guarded,320,9,-0.009259259259259264,0.28002535730751504,0.6666666666666666,-539.8888888888889
chexpert,unweighted,empirical,321,9,-0.12037037037037039,0.036998616874135554,8.666666666666666,-71.33333333333333
chexpert,unweighted,guarded,321,9,-0.08641975308641975,0.047660212079299207,6.222222222222222,-91.88888888888889
chexpert,unweighted,empirical,322,9,-0.16161616161616163,0.02891388320836177,7.111111111111111,-56.55555555555556
chexpert,unweighted,guarded,322,9,-0.0808080808080808,0.2710747557373325,3.5555555555555554,-530.2222222222222
chexpert,unweighted,empirical,323,9,-0.05238095238095239,0.02999424294761082,3.6666666666666665,-57.888888888888886
chexpert,unweighted,guarded,323,9,-0.05238095238095237,0.3058146229130685,3.6666666666666665,-590.2222222222222
chexpert,unweighted,empirical,324,9,-0.10606060606060605,0.0360220613581523,7.0,-69.66666666666667
chexpert,unweighted,guarded,324,9,-0.040404040404040414,0.03671147880041362,2.6666666666666665,-71.0
chexpert,unweighted,empirical,325,9,-0.07017543859649122,0.03176253176253178,5.333333333333333,-61.111111111111114
chexpert,unweighted,guarded,325,9,-0.04824561403508768,0.2931392931392931,3.6666666666666665,-564.0
chexpert,unweighted,empirical,326,9,-0.09950248756218905,0.04655975168132436,6.666666666666667,-90.0
chexpert,unweighted,guarded,326,9,-0.03814262023217247,0.2985572225096281,2.5555555555555554,-577.1111111111111
chexpert,unweighted,empirical,327,9,-0.07610350076103498,0.01971977166580173,5.555555555555555,-38.0
chexpert,unweighted,guarded,327,9,-0.0273972602739726,0.2867439312690998,2.0,-552.5555555555555
chexpert,unweighted,empirical,328,9,-0.14285714285714285,0.015428900402993669,10.0,-29.77777777777778
chexpert,unweighted,guarded,328,9,-0.08571428571428569,0.039263097294185346,6.0,-75.77777777777777
chexpert,unweighted,empirical,329,9,-0.09178743961352658,0.015363369583980657,6.333333333333333,-29.666666666666668
chexpert,unweighted,guarded,329,9,-0.02254428341384862,0.304678059727257,1.5555555555555556,-588.3333333333334
chexpert,unweighted,empirical,330,9,-0.06630824372759857,0.031475748194014476,4.111111111111111,-61.0
chexpert,unweighted,guarded,330,9,0.021505376344086065,0.017314528150441495,-1.3333333333333333,-33.55555555555556
chexpert,unweighted,empirical,331,9,-0.027777777777777776,0.021751606978879692,1.7777777777777777,-42.111111111111114
chexpert,unweighted,guarded,331,9,-0.026041666666666668,0.025022956841138668,1.6666666666666667,-48.44444444444444
chexpert,unweighted,empirical,332,9,-0.1080246913580247,0.025645458736745026,7.777777777777778,-49.44444444444444
chexpert,unweighted,guarded,332,9,-0.03549382716049381,0.2957007837713232,2.5555555555555554,-570.1111111111111
chexpert,unweighted,empirical,333,9,-0.13398692810457513,0.031055900621117984,9.11111111111111,-60.0
chexpert,unweighted,guarded,333,9,-0.14215686274509812,0.051587301587301626,9.666666666666666,-99.66666666666667
chexpert,unweighted,empirical,334,9,-0.07026143790849676,0.021624108580630314,4.777777777777778,-41.77777777777778
chexpert,unweighted,guarded,334,9,0.0016339869281045817,0.020301357257878974,-0.1111111111111111,-39.22222222222222
chexpert,unweighted,empirical,335,9,-0.06565656565656566,0.030334367459496678,4.333333333333333,-58.666666666666664
chexpert,unweighted,guarded,335,9,-0.05892255892255892,0.28719981615534873,3.888888888888889,-555.4444444444445
chexpert,unweighted,empirical,336,9,-0.042962962962962994,0.024704184704184746,3.2222222222222223,-47.55555555555556
chexpert,unweighted,guarded,336,9,-0.0503703703703704,0.28761904761904755,3.7777777777777777,-553.6666666666666
chexpert,unweighted,empirical,337,9,-0.01111111111111112,0.013529073114565316,0.7777777777777778,-26.11111111111111
chexpert,unweighted,guarded,337,9,-0.05396825396825397,0.27645365572826713,3.7777777777777777,-533.5555555555555
chexpert,unweighted,empirical,338,9,-0.11282051282051281,0.021016365202411718,7.333333333333333,-40.666666666666664
chexpert,unweighted,guarded,338,9,-0.05128205128205129,0.03738156761412578,3.3333333333333335,-72.33333333333333
chexpert,unweighted,empirical,339,9,-0.045088566827697255,0.007192588756545246,3.111111111111111,-13.88888888888889
chexpert,unweighted,guarded,339,9,-0.07407407407407408,0.02134760342942636,5.111111111111111,-41.22222222222222
chexpert,unweighted,empirical,340,9,2.4671622769447922e-17,0.015955302113933492,0.0,-30.77777777777778
chexpert,unweighted,guarded,340,9,-0.03755868544600938,0.30580035712228554,2.6666666666666665,-589.8888888888889
chexpert,unweighted,empirical,341,9,-0.15297906602254427,0.02572069739340584,10.555555555555555,-49.666666666666664
chexpert,unweighted,guarded,341,9,-0.017713365539452477,0.020254329938431445,1.2222222222222223,-39.111111111111114
chexpert,unweighted,empirical,342,9,0.03825136612021859,0.013523580310583871,-2.3333333333333335,-26.22222222222222
chexpert,unweighted,guarded,342,9,-0.0036429872495446058,0.03174603174603176,0.2222222222222222,-61.55555555555556
chexpert,unweighted,empirical,343,9,-0.055555555555555566,0.032100046104195444,4.0,-61.888888888888886
chexpert,unweighted,guarded,343,9,-0.03549382716049381,0.28469340710004615,2.5555555555555554,-548.8888888888889
chexpert,unweighted,empirical,344,9,-0.042328042328042326,0.015258417942981698,2.6666666666666665,-29.555555555555557
chexpert,unweighted,guarded,344,9,-0.08289241622574953,0.04388229220443984,5.222222222222222,-85.0
chexpert,unweighted,empirical,345,9,-0.02006172839506172,0.024838635315813748,1.4444444444444444,-47.888888888888886
chexpert,unweighted,guarded,345,9,-0.007716049382716059,0.02149608114338406,0.5555555555555556,-41.44444444444444
chexpert,unweighted,empirical,346,9,-0.056944444444444464,0.022627314814814798,4.555555555555555,-43.44444444444444
chexpert,unweighted,guarded,346,9,-0.030555555555555572,0.28153935185185186,2.4444444444444446,-540.5555555555555
chexpert,unweighted,empirical,347,9,-0.1857638888888889,0.02949954086317725,11.88888888888889,-57.111111111111114
chexpert,unweighted,guarded,347,9,-0.03125,0.3030876951331496,2.0,-586.7777777777778
chexpert,unweighted,empirical,348,9,-0.10956790123456794,0.028930382664822445,7.888888888888889,-55.77777777777778
chexpert,unweighted,guarded,348,9,-0.03549382716049381,0.011583679114799504,2.5555555555555554,-22.333333333333332
chexpert,unweighted,empirical,349,9,-0.024904214559386947,0.00017164435290079668,1.4444444444444444,-0.3333333333333333
chexpert,unweighted,guarded,349,9,-0.04022988505747124,0.011557386428653164,2.3333333333333335,-22.444444444444443
chexpert,unweighted,empirical,350,9,-0.04783950617283951,0.018902720147533407,3.4444444444444446,-36.44444444444444
chexpert,unweighted,guarded,350,9,-0.05246913580246918,0.014177040110650067,3.7777777777777777,-27.333333333333332
chexpert,unweighted,empirical,351,9,-0.12103174603174605,0.023605395518975756,6.777777777777778,-45.888888888888886
chexpert,unweighted,guarded,351,9,-0.09325396825396826,0.3052697759487883,5.222222222222222,-593.4444444444445
chexpert,unweighted,empirical,352,9,-0.050505050505050525,0.02568079972423297,3.3333333333333335,-49.666666666666664
chexpert,unweighted,guarded,352,9,-0.037037037037037014,0.2799034815580834,2.4444444444444446,-541.3333333333334
chexpert,unweighted,empirical,353,9,-0.15204678362573099,0.033453422542460136,8.666666666666666,-65.0
chexpert,unweighted,guarded,353,9,-0.03508771929824561,0.27689140504374676,2.0,-538.0
chexpert,unweighted,empirical,354,9,-0.05946791862284823,0.019353723863832755,4.222222222222222,-37.333333333333336
chexpert,unweighted,guarded,354,9,-0.07981220657276997,0.27918898680951554,5.666666666666667,-538.5555555555555
chexpert,unweighted,empirical,355,9,-0.08701472556894245,0.024633397090361102,7.222222222222222,-47.22222222222222
chexpert,unweighted,guarded,355,9,-0.010709504685408286,0.021213701964875646,0.8888888888888888,-40.666666666666664
chexpert,unweighted,empirical,356,9,-0.06172839506172842,0.02300235186141227,3.888888888888889,-44.55555555555556
chexpert,unweighted,guarded,356,9,-0.07054673721340388,0.3062008833820914,4.444444444444445,-593.1111111111111
chexpert,unweighted,empirical,357,9,-0.009009009009009004,0.014364832121841488,0.6666666666666666,-27.666666666666668
chexpert,unweighted,guarded,357,9,-0.04654654654654659,0.0379023883696781,3.4444444444444446,-73.0
chexpert,unweighted,empirical,358,9,-0.08219178082191785,0.019258490457244974,6.0,-37.111111111111114
chexpert,unweighted,guarded,358,9,-0.0578386605783866,0.2833419823559937,4.222222222222222,-546.0
chexpert,unweighted,empirical,359,9,-0.07407407407407408,0.022256908313099802,5.777777777777778,-42.77777777777778
chexpert,unweighted,guarded,359,9,-0.06837606837606838,0.2914209735229506,5.333333333333333,-560.1111111111111
chexpert,unweighted,empirical,360,9,-0.028571428571428595,0.021013241220495107,2.0,-40.55555555555556
chexpert,unweighted,guarded,360,9,-0.004761904761904745,0.010074841681059309,0.3333333333333333,-19.444444444444443
chexpert,unweighted,empirical,361,9,-0.07762557077625573,0.02929135674335464,5.666666666666667,-56.44444444444444
chexpert,unweighted,guarded,361,9,-0.1035007610350076,0.29741105921697514,7.555555555555555,-573.1111111111111
chexpert,unweighted,empirical,362,9,-0.037037037037037056,0.023628400184416722,2.6666666666666665,-45.55555555555556
chexpert,unweighted,guarded,362,9,-0.06944444444444445,0.2918395573997234,5.0,-562.6666666666666
chexpert,unweighted,empirical,363,9,-0.014336917562724002,0.02230248824676066,0.8888888888888888,-43.22222222222222
chexpert,unweighted,guarded,363,9,-0.05376344086021504,0.29383098268547186,3.3333333333333335,-569.4444444444445
chexpert,unweighted,empirical,364,9,-0.05327245053272445,0.018105287435853084,3.888888888888889,-34.888888888888886
chexpert,unweighted,guarded,364,9,-0.07153729071537289,0.30750158565415436,5.222222222222222,-592.5555555555555
chexpert,unweighted,empirical,365,9,-0.016975308641975335,0.021726602120792964,1.2222222222222223,-41.888888888888886
chexpert,unweighted,guarded,365,9,-0.04012345679012346,0.3072268326417704,2.888888888888889,-592.3333333333334
chexpert,unweighted,empirical,366,9,-0.056140350877192984,0.026888305628463092,5.333333333333333,-51.22222222222222
chexpert,unweighted,guarded,366,9,-0.04561403508771928,0.27599883347914844,4.333333333333333,-525.7777777777778
chexpert,unweighted,empirical,367,9,-0.05847953216374267,0.024370524370524338,4.444444444444445,-46.888888888888886
chexpert,unweighted,guarded,367,9,-0.0526315789473684,0.290944790944791,4.0,-559.7777777777778
chexpert,unweighted,empirical,368,9,-0.08126036484245441,0.029660286256251056,5.444444444444445,-57.333333333333336
chexpert,unweighted,guarded,368,9,-0.056384742951907096,0.037190320170144245,3.7777777777777777,-71.88888888888889
chexpert,unweighted,empirical,369,9,-0.056384742951907096,0.03546588492268784,3.7777777777777777,-68.55555555555556
chexpert,unweighted,guarded,369,9,-0.024875621890547275,0.28763579927573724,1.6666666666666667,-556.0
chexpert,unweighted,empirical,370,9,-0.07650273224043716,0.0169044753882299,4.666666666666667,-32.77777777777778
chexpert,unweighted,guarded,370,9,-0.08196721311475409,0.30800527190418886,5.0,-597.2222222222222
chexpert,unweighted,empirical,371,9,-0.0663780663780664,0.024729878084012256,5.111111111111111,-47.55555555555556
chexpert,unweighted,guarded,371,9,-0.04184704184704186,0.28710926214826377,3.2222222222222223,-552.1111111111111
chexpert,unweighted,empirical,372,9,-0.08040935672514621,0.03072303072303073,6.111111111111111,-59.111111111111114
chexpert,unweighted,guarded,372,9,-0.020467836257309982,0.021136521136521116,1.5555555555555556,-40.666666666666664
chexpert,unweighted,empirical,373,9,0.020715630885122405,0.008643883450684071,-1.2222222222222223,-16.77777777777778
chexpert,unweighted,guarded,373,9,-0.07156308851224105,0.2782071097372488,4.222222222222222,-540.0
chexpert,unweighted,empirical,374,9,0.01709401709401713,0.007005455067470572,-1.1111111111111112,-13.555555555555555
chexpert,unweighted,guarded,374,9,-0.08205128205128207,0.3064599483204134,5.333333333333333,-593.0
chexpert,unweighted,empirical,375,9,-0.08014571948998177,0.029969629247607585,4.888888888888889,-58.111111111111114
chexpert,unweighted,guarded,375,9,-0.07285974499089252,0.042003323591771245,4.444444444444445,-81.44444444444444
chexpert,unweighted,empirical,376,9,-0.09956709956709957,0.025076558617900282,7.666666666666667,-48.22222222222222
chexpert,unweighted,guarded,376,9,-0.060606060606060615,0.30467440919859023,4.666666666666667,-585.8888888888889
chexpert,unweighted,empirical,377,9,-0.048732943469785545,0.013896037056098801,2.7777777777777777,-27.0
chexpert,unweighted,guarded,377,9,-0.02534113060428853,0.026877108709326938,1.4444444444444444,-52.22222222222222
chexpert,unweighted,empirical,378,9,-0.09856630824372756,0.026086457975002877,6.111111111111111,-50.55555555555556
chexpert,unweighted,guarded,378,9,-0.11648745519713266,0.05245958032335739,7.222222222222222,-101.66666666666667
chexpert,unweighted,empirical,379,9,-0.04126984126984128,0.024985607369027083,2.888888888888889,-48.22222222222222
chexpert,unweighted,guarded,379,9,-0.04920634920634924,0.05497985031663791,3.4444444444444446,-106.11111111111111
chexpert,unweighted,empirical,380,9,-0.035665294924554135,0.02246540443518035,2.888888888888889,-43.111111111111114
chexpert,unweighted,guarded,380,9,-0.027434842249657074,0.2917607550228707,2.2222222222222223,-559.8888888888889
chexpert,unweighted,empirical,381,9,-0.10256410256410259,0.016084873374401107,5.333333333333333,-31.333333333333332
chexpert,unweighted,guarded,381,9,-0.03846153846153847,0.01483002509696554,2.0,-28.88888888888889
chexpert,unweighted,empirical,382,9,-0.06193078324225862,0.019941550627471175,3.7777777777777777,-38.666666666666664
chexpert,unweighted,guarded,382,9,-0.0692167577413479,0.28737608159990835,4.222222222222222,-557.2222222222222
chexpert,unweighted,empirical,383,9,-0.040849673202614394,0.019438693351736844,2.7777777777777777,-37.55555555555556
chexpert,unweighted,guarded,383,9,-0.049019607843137254,0.04112031285944326,3.3333333333333335,-79.44444444444444
chexpert,unweighted,empirical,384,9,-0.12820512820512817,0.025093310364628214,8.333333333333334,-48.55555555555556
chexpert,unweighted,guarded,384,9,-0.023931623931623885,0.005971863336204401,1.5555555555555556,-11.555555555555555
chexpert,unweighted,empirical,385,9,0.042857142857142844,0.008808290155440416,-3.0,-17.0
chexpert,unweighted,guarded,385,9,-0.0634920634920635,0.2896948762233736,4.444444444444445,-559.1111111111111
chexpert,unweighted,empirical,386,9,-0.10136452241715398,0.02716303539772401,5.777777777777778,-52.77777777777778
chexpert,unweighted,guarded,386,9,-0.06042884990253412,0.2886143992680277,3.4444444444444446,-560.7777777777778
chexpert,unweighted,empirical,387,9,-0.06397306397306397,0.010111455819832256,4.222222222222222,-19.555555555555557
chexpert,unweighted,guarded,387,9,-0.07575757575757579,0.29524301964839705,5.0,-571.0
chexpert,unweighted,empirical,388,9,0.015220700152207,0.0034596090641757383,-1.1111111111111112,-6.666666666666667
chexpert,unweighted,guarded,388,0,,,,
chexpert,unweighted,empirical,389,9,-0.04901960784313727,0.024614676788589862,3.3333333333333335,-47.55555555555556
chexpert,unweighted,guarded,389,9,-0.07352941176470587,0.2818035426731079,5.0,-544.4444444444445
chexpert,unweighted,empirical,390,9,-0.18309859154929575,0.04003225620643972,13.0,-77.22222222222223
chexpert,unweighted,guarded,390,9,-0.07355242566510171,0.29796670698692473,5.222222222222222,-574.7777777777778
chexpert,unweighted,empirical,391,9,-0.09090909090909091,0.01999310582557734,6.0,-38.666666666666664
chexpert,unweighted,guarded,391,9,-0.0707070707070707,0.2915661266230036,4.666666666666667,-563.8888888888889
chexpert,unweighted,empirical,392,9,-0.09356725146198833,0.025063525063525088,7.111111111111111,-48.22222222222222
chexpert,unweighted,guarded,392,9,-0.06578947368421052,0.29862554862554863,5.0,-574.5555555555555
chexpert,unweighted,empirical,393,9,0.016949152542372874,0.006182380216383325,-1.0,-12.0
chexpert,unweighted,guarded,393,9,-0.013182674199623379,0.023183925811437404,0.7777777777777778,-45.0
chexpert,unweighted,empirical,394,9,-0.14155251141552508,0.04843452689846047,10.333333333333334,-93.33333333333333
chexpert,unweighted,guarded,394,9,-0.1050228310502283,0.2916450441100156,7.666666666666667,-562.0
chexpert,unweighted,empirical,395,9,-0.10210210210210209,0.02959501557632396,7.555555555555555,-57.0
chexpert,unweighted,guarded,395,9,-0.04354354354354359,0.03957540094611742,3.2222222222222223,-76.22222222222223
chexpert,unweighted,empirical,396,9,-0.031746031746031744,0.02360391479562461,2.2222222222222223,-45.55555555555556
chexpert,unweighted,guarded,396,9,0.003174603174603151,0.004087507196315478,-0.2222222222222222,-7.888888888888889
chexpert,unweighted,empirical,397,9,-0.09178743961352656,0.03141722768858964,6.333333333333333,-60.666666666666664
chexpert,unweighted,guarded,397,9,-0.05314009661835749,0.037459002244087665,3.6666666666666665,-72.33333333333333
chexpert,unweighted,empirical,398,9,-0.0076103500761035186,0.007495819639047441,0.5555555555555556,-14.444444444444445
chexpert,unweighted,guarded,398,9,-0.05631659056316592,0.3119414172865133,4.111111111111111,-601.1111111111111
chexpert,unweighted,empirical,399,9,-0.0577777777777778,0.026204906204906217,4.333333333333333,-50.44444444444444
chexpert,unweighted,guarded,399,9,-0.020740740740740775,0.018239538239538253,1.5555555555555556,-35.111111111111114
chexpert,unweighted,empirical,400,9,-0.10683760683760686,0.0271129610359579,8.333333333333334,-52.111111111111114
chexpert,unweighted,guarded,400,9,-0.0384615384615385,0.03572667360388482,3.0,-68.66666666666667
chexpert,unweighted,empirical,401,9,-0.03755868544600941,0.019699326075686894,2.6666666666666665,-38.0
chexpert,unweighted,guarded,401,9,-0.0625978090766823,0.2820690052416335,4.444444444444445,-544.1111111111111
chexpert,unweighted,empirical,402,9,-0.0064412238325281595,0.02169284768974046,0.4444444444444444,-41.888888888888886
chexpert,unweighted,guarded,402,9,-0.020933977455716554,0.2761378675412855,1.4444444444444444,-533.2222222222222
chexpert,unweighted,empirical,403,9,-0.02508960573476704,0.022302488246760708,1.5555555555555556,-43.22222222222222
chexpert,unweighted,guarded,403,9,-0.04659498207885309,0.03107441807132209,2.888888888888889,-60.22222222222222
chexpert,unweighted,empirical,404,9,-0.054613935969868174,0.028736619153929825,3.2222222222222223,-55.77777777777778
chexpert,unweighted,guarded,404,9,-0.035781544256120505,0.013166180090445949,2.111111111111111,-25.555555555555557
chexpert,unweighted,empirical,405,9,-0.05114638447971779,0.024092238857339576,3.2222222222222223,-46.666666666666664
chexpert,unweighted,guarded,405,9,-0.04938271604938274,0.03281133482475762,3.111111111111111,-63.55555555555556
chexpert,unweighted,empirical,406,9,-0.015669515669515674,0.04110301768990632,1.2222222222222223,-79.0
chexpert,unweighted,guarded,406,9,-0.021367521367521364,0.29980344548502713,1.6666666666666667,-576.2222222222222
chexpert,unweighted,empirical,407,9,-0.07668231611893583,0.022176141927308324,5.444444444444445,-42.77777777777778
chexpert,unweighted,guarded,407,9,-0.07355242566510173,0.2945106848683831,5.222222222222222,-568.1111111111111
chexpert,unweighted,empirical,408,9,-0.08922558922558917,0.01361599448466048,5.888888888888889,-26.333333333333332
chexpert,unweighted,guarded,408,9,-0.10774410774410775,0.30644605308514306,7.111111111111111,-592.6666666666666
chexpert,unweighted,empirical,409,9,-0.07936507936507937,0.038365979083607754,6.111111111111111,-73.77777777777777
chexpert,unweighted,guarded,409,9,-0.03174603174603176,0.2820823944068874,2.4444444444444446,-542.4444444444445
chexpert,unweighted,empirical,410,9,0.00617283950617283,0.006512217611802651,-0.4444444444444444,-12.555555555555555
chexpert,unweighted,guarded,410,9,-0.02314814814814814,0.02138082065467955,1.6666666666666667,-41.22222222222222
chexpert,unweighted,empirical,411,9,-0.004166666666666664,0.014988425925925926,0.3333333333333333,-28.77777777777778
chexpert,unweighted,guarded,411,9,-0.01666666666666668,0.007060185185185166,1.3333333333333333,-13.555555555555555
chexpert,unweighted,empirical,412,9,-0.0829187396351575,0.030694947404724955,5.555555555555555,-59.333333333333336
chexpert,unweighted,guarded,412,9,-0.048092868988391366,0.020175892395240598,3.2222222222222223,-39.0
chexpert,unweighted,empirical,413,9,-0.08922558922558921,0.03383890612432488,5.888888888888889,-65.44444444444444
chexpert,unweighted,guarded,413,9,-0.04713804713804713,0.02447431920027575,3.111111111111111,-47.333333333333336
chexpert,unweighted,empirical,414,9,0.005376344086021525,0.02935443183121204,-0.3333333333333333,-56.888888888888886
chexpert,unweighted,guarded,414,9,-0.0017921146953404632,0.02442380460956311,0.1111111111111111,-47.333333333333336
chexpert,unweighted,empirical,415,9,-0.027417027417027465,0.027503322355116433,2.111111111111111,-52.888888888888886
chexpert,unweighted,guarded,415,9,-0.023088023088023095,0.024787658172993592,1.7777777777777777,-47.666666666666664
chexpert,unweighted,empirical,416,9,-0.11111111111111109,0.02841039797561536,7.555555555555555,-54.888888888888886
chexpert,unweighted,guarded,416,9,-0.07516339869281044,0.2701863354037268,5.111111111111111,-522.0
chexpert,unweighted,empirical,417,9,0.006837606837606813,0.011714039621016371,-0.4444444444444444,-22.666666666666668
chexpert,unweighted,guarded,417,9,-0.046153846153846226,0.021992535170829774,3.0,-42.55555555555556
chexpert,unweighted,empirical,418,9,-0.0342935528120713,0.0147067338312779,2.7777777777777777,-28.22222222222222
chexpert,unweighted,guarded,418,9,-0.07270233196159119,0.05089456314052459,5.888888888888889,-97.66666666666667
chexpert,unweighted,empirical,419,9,-0.0606060606060606,0.016316212800183853,4.0,-31.555555555555557
chexpert,unweighted,guarded,419,9,-0.08080808080808081,0.27886935539469143,5.333333333333333,-539.3333333333334
chexpert,unweighted,empirical,420,9,-0.07885304659498209,0.018518518518518528,4.888888888888889,-35.888888888888886
chexpert,unweighted,guarded,420,9,-0.030465949820788516,0.27783511065244815,1.8888888888888888,-538.4444444444445
chexpert,unweighted,empirical,421,9,-0.12345679012345682,0.02662517289073306,8.88888888888889,-51.333333333333336
chexpert,unweighted,guarded,421,9,-0.026234567901234573,0.00731904103273399,1.8888888888888888,-14.11111111111111
chexpert,unweighted,empirical,422,9,-0.09546165884194056,0.03173780312193995,6.777777777777778,-61.22222222222222
chexpert,unweighted,guarded,422,9,-0.0594679186228482,0.2746961580554116,4.222222222222222,-529.8888888888889
chexpert,unweighted,empirical,423,9,-0.001792114695340488,0.023621144364178406,0.1111111111111111,-45.77777777777778
chexpert,unweighted,guarded,423,9,-0.010752688172043001,0.01272789817681461,0.6666666666666666,-24.666666666666668
chexpert,unweighted,empirical,424,9,-0.10740740740740737,0.03442153493699886,6.444444444444445,-66.77777777777777
chexpert,unweighted,guarded,424,9,-0.09629629629629628,0.3017182130584193,5.777777777777778,-585.3333333333334
chexpert,unweighted,empirical,425,9,-0.08720112517580869,0.030308288507143216,6.888888888888889,-58.22222222222222
chexpert,unweighted,guarded,425,9,-0.07032348804500703,0.2819133553126265,5.555555555555555,-541.5555555555555
chexpert,unweighted,empirical,426,9,-0.09893455098934552,0.03177074323934732,7.222222222222222,-61.22222222222222
chexpert,unweighted,guarded,426,9,-0.07153729071537296,0.020988294989332905,5.222222222222222,-40.44444444444444
chexpert,unweighted,empirical,427,9,-0.0418300653594771,0.03539309544531477,3.5555555555555554,-67.77777777777777
chexpert,unweighted,guarded,427,9,-0.02352941176470587,0.27426747896721787,2.0,-525.2222222222222
chexpert,unweighted,empirical,428,9,-0.060931899641577095,0.01421855291824333,3.7777777777777777,-27.555555555555557
chexpert,unweighted,guarded,428,9,-0.02688172043010754,0.014963880288957725,1.6666666666666667,-29.0
chexpert,unweighted,empirical,429,9,-0.09059829059829058,0.006488659201837499,5.888888888888889,-12.555555555555555
chexpert,unweighted,guarded,429,9,0.01709401709401713,0.010221073786965277,-1.1111111111111112,-19.77777777777778
chexpert,unweighted,empirical,430,9,-0.055555555555555594,0.03177892918825563,3.888888888888889,-61.333333333333336
chexpert,unweighted,guarded,430,9,-0.07301587301587302,0.27524467472654,5.111111111111111,-531.2222222222222
chexpert,unweighted,empirical,431,9,0.024509803921568613,0.00977685760294458,-1.6666666666666667,-18.88888888888889
chexpert,unweighted,guarded,431,9,-0.04738562091503266,0.27714515757994024,3.2222222222222223,-535.4444444444445
chexpert,unweighted,empirical,432,9,-0.07088122605363982,0.030438265247740008,4.111111111111111,-59.111111111111114
chexpert,unweighted,guarded,432,9,-0.1111111111111111,0.2888202311477286,6.444444444444445,-560.8888888888889
chexpert,unweighted,empirical,433,9,-0.04232804232804234,0.014455343314403728,2.6666666666666665,-28.0
chexpert,unweighted,guarded,433,9,-0.012345679012345685,-0.002294498938794224,0.7777777777777778,4.444444444444445
chexpert,unweighted,empirical,434,9,0.006441223832528209,0.012716496921572014,-0.4444444444444444,-24.555555555555557
chexpert,unweighted,guarded,434,9,-0.09178743961352658,0.30485068185741415,6.333333333333333,-588.6666666666666
chexpert,unweighted,empirical,435,9,-0.09465020576131686,0.03167158821145274,7.666666666666667,-60.77777777777778
chexpert,unweighted,guarded,435,9,-0.020576131687242767,0.01459093277748829,1.6666666666666667,-28.0
chexpert,unweighted,empirical,436,9,-0.06196581196581197,0.014544832306639277,3.2222222222222223,-28.333333333333332
chexpert,unweighted,guarded,436,9,-0.027777777777777766,0.2637462924937258,1.4444444444444444,-513.7777777777778
chexpert,unweighted,empirical,437,9,-0.1324200913242009,0.023698322089603898,9.666666666666666,-45.666666666666664
chexpert,unweighted,guarded,437,9,-0.03348554033485539,0.019200830306175427,2.4444444444444446,-37.0
chexpert,unweighted,empirical,438,9,-0.026455026455026436,0.010669420065393224,1.6666666666666667,-20.666666666666668
chexpert,unweighted,guarded,438,9,-0.05114638447971782,0.0352205587104916,3.2222222222222223,-68.22222222222223
chexpert,unweighted,empirical,439,9,-0.0649350649350649,0.035650314901484924,5.0,-68.55555555555556
chexpert,unweighted,guarded,439,9,-0.11832611832611833,0.2875715028601144,9.11111111111111,-553.0
chexpert,unweighted,empirical,440,9,-0.11567732115677318,0.01908551000403617,8.444444444444445,-36.77777777777778
chexpert,unweighted,guarded,440,9,-0.03348554033485534,0.02075765438505449,2.4444444444444446,-40.0
chexpert,unweighted,empirical,441,9,-0.009803921568627404,0.008684149988497807,0.6666666666666666,-16.77777777777778
chexpert,unweighted,guarded,441,9,-0.07352941176470586,0.28163100989187945,5.0,-544.1111111111111
chexpert,unweighted,empirical,442,9,-0.10000000000000003,0.014146620847651725,6.0,-27.444444444444443
chexpert,unweighted,guarded,442,9,-0.06296296296296297,0.021477663230240546,3.7777777777777777,-41.666666666666664
chexpert,unweighted,empirical,443,9,-0.07657657657657657,0.03121033806392062,5.666666666666667,-60.111111111111114
chexpert,unweighted,guarded,443,9,-0.08858858858858862,0.29133494865582094,6.555555555555555,-561.1111111111111
chexpert,unweighted,empirical,444,9,-0.08291873963515756,0.031269759153877114,5.555555555555555,-60.44444444444444
chexpert,unweighted,guarded,444,9,-0.04809286898839141,0.022187733517273114,3.2222222222222223,-42.888888888888886
chexpert,unweighted,empirical,445,9,-0.04629629629629628,0.0199400645458737,3.3333333333333335,-38.44444444444444
chexpert,unweighted,guarded,445,9,-0.06635802469135804,0.2869986168741356,4.777777777777778,-553.3333333333334
chexpert,unweighted,empirical,446,9,-0.10485133020344287,0.02586256552041936,7.444444444444445,-49.888888888888886
chexpert,unweighted,guarded,446,9,-0.08137715179968702,0.29952191694026836,5.777777777777778,-577.7777777777778
chexpert,unweighted,empirical,447,9,-0.046296296296296315,0.03138602520045811,2.7777777777777777,-60.888888888888886
chexpert,unweighted,guarded,447,9,-0.0925925925925926,0.2944444444444444,5.555555555555555,-571.2222222222222
chexpert,unweighted,empirical,448,9,-0.10101010101010105,0.05142427919338994,7.777777777777778,-98.88888888888889
chexpert,unweighted,guarded,448,9,-0.06926406926406929,0.3050788698214595,5.333333333333333,-586.6666666666666
chexpert,unweighted,empirical,449,9,-0.23063973063973067,0.026025508445363665,15.222222222222221,-50.333333333333336
chexpert,unweighted,guarded,449,9,-0.1447811447811448,0.04877628403998616,9.555555555555555,-94.33333333333333
chexpert,unweighted,empirical,450,9,-0.009259259259259252,0.015041493775933544,0.6666666666666666,-29.0
chexpert,unweighted,guarded,450,9,-0.05709876543209876,0.28198478561549106,4.111111111111111,-543.6666666666666
chexpert,unweighted,empirical,451,9,-0.06763285024154589,0.006271937395707466,4.666666666666667,-12.11111111111111
chexpert,unweighted,guarded,451,9,-0.09017713365539452,0.30030496576327753,6.222222222222222,-579.8888888888889
chexpert,unweighted,empirical,452,9,-0.05409356725146202,0.01946176946176946,4.111111111111111,-37.44444444444444
chexpert,unweighted,guarded,452,9,-0.00877192982456143,0.0028875028875029215,0.6666666666666666,-5.555555555555555
chexpert,unweighted,empirical,453,9,-0.05491698595146873,0.024510658070511733,4.777777777777778,-46.888888888888886
chexpert,unweighted,guarded,453,9,-0.029374201787994905,0.012081082650868305,2.5555555555555554,-23.11111111111111
chexpert,unweighted,empirical,454,9,-0.05898491083676268,0.031092582942504783,4.777777777777778,-59.666666666666664
chexpert,unweighted,guarded,454,9,-0.028806584362139922,0.019570378090440647,2.3333333333333335,-37.55555555555556
chexpert,unweighted,empirical,455,9,0.008888888888888872,-0.001443001443001431,-0.6666666666666666,2.7777777777777777
chexpert,unweighted,guarded,455,9,-0.022222222222222254,0.01777777777777783,1.6666666666666667,-34.22222222222222
chexpert,unweighted,empirical,456,9,-0.06456456456456457,0.03461405330564207,4.777777777777778,-66.66666666666667
chexpert,unweighted,guarded,456,9,-0.03603603603603605,0.2804892119533864,2.6666666666666665,-540.2222222222222
chexpert,unweighted,empirical,457,9,-0.010840108401084033,0.02467848453249915,0.8888888888888888,-47.333333333333336
chexpert,unweighted,guarded,457,9,-0.033875338753387566,0.2687985169736995,2.7777777777777777,-515.5555555555555
chexpert,unweighted,empirical,458,9,-0.109347442680776,0.03131991051454135,6.888888888888889,-60.666666666666664
chexpert,unweighted,guarded,458,9,-0.10052910052910052,0.3082085699535364,6.333333333333333,-597.0
chexpert,unweighted,empirical,459,9,0.0018518518518518452,0.015292096219931292,-0.1111111111111111,-29.666666666666668
chexpert,unweighted,guarded,459,9,-0.027777777777777776,0.2920389461626575,1.6666666666666667,-566.5555555555555
chexpert,unweighted,empirical,460,9,-0.06693440428380189,0.02306845186344401,5.555555555555555,-44.22222222222222
chexpert,unweighted,guarded,460,9,-0.052208835341365493,0.03228424042195564,4.333333333333333,-61.888888888888886
chexpert,unweighted,empirical,461,9,-0.036111111111111094,0.026562499999999982,2.888888888888889,-51.0
chexpert,unweighted,guarded,461,9,-0.03472222222222224,0.28304398148148147,2.7777777777777777,-543.4444444444445
chexpert,unweighted,empirical,462,9,0.010709504685408298,0.015185764794528465,-0.8888888888888888,-29.11111111111111
chexpert,unweighted,guarded,462,9,-0.10174029451137884,0.2948472729380398,8.444444444444445,-565.2222222222222
chexpert,unweighted,empirical,463,9,-0.04377104377104376,0.03291968286797653,2.888888888888889,-63.666666666666664
chexpert,unweighted,guarded,463,9,-0.06228956228956231,0.2866827530736527,4.111111111111111,-554.4444444444445
chexpert,unweighted,empirical,464,9,-0.09829059829059827,0.02809573361082211,7.666666666666667,-54.0
chexpert,unweighted,guarded,464,9,-0.037037037037037014,0.28714302231471844,2.888888888888889,-551.8888888888889
chexpert,unweighted,empirical,465,9,-0.08196721311475408,0.03025614577961149,5.0,-58.666666666666664
chexpert,unweighted,guarded,465,9,-0.05282331511839708,0.28479743281187325,3.2222222222222223,-552.2222222222222
chexpert,unweighted,empirical,466,9,-0.0639269406392694,0.033904168828922304,4.666666666666667,-65.33333333333333
chexpert,unweighted,guarded,466,9,-0.021308980213089815,0.2664475580926021,1.5555555555555556,-513.4444444444445
chexpert,unweighted,empirical,467,9,-0.1016949152542373,0.04877211059591272,6.0,-94.66666666666667
chexpert,unweighted,guarded,467,9,-0.02636534839924672,0.2762608048543133,1.5555555555555556,-536.2222222222222
chexpert,unweighted,empirical,468,9,-0.07301587301587303,0.04738054116292456,5.111111111111111,-91.44444444444444
chexpert,unweighted,guarded,468,9,-0.06507936507936508,0.2948186528497409,4.555555555555555,-569.0
chexpert,unweighted,empirical,469,9,-0.07468123861566485,0.033980860695662134,4.555555555555555,-65.88888888888889
chexpert,unweighted,guarded,469,9,-0.041894353369763215,0.296028880866426,2.5555555555555554,-574.0
chexpert,unweighted,empirical,470,9,-0.09230769230769231,0.04415733563020384,6.0,-85.44444444444444
chexpert,unweighted,guarded,470,9,-0.08205128205128204,0.2756244616709733,5.333333333333333,-533.3333333333334
chexpert,unweighted,empirical,471,9,-0.11842105263157895,0.018018018018017994,9.0,-34.666666666666664
chexpert,unweighted,guarded,471,9,-0.06725146198830413,0.024312774312774295,5.111111111111111,-46.77777777777778
chexpert,unweighted,empirical,472,9,-0.04532163742690059,0.02344652344652345,3.4444444444444446,-45.111111111111114
chexpert,unweighted,guarded,472,9,-0.02485380116959062,0.022869022869022888,1.8888888888888888,-44.0
chexpert,unweighted,empirical,473,9,-0.037581699346405255,0.040487692661605665,2.5555555555555554,-78.22222222222223
chexpert,unweighted,guarded,473,9,-0.014705882352941149,0.284219001610306,1.0,-549.1111111111111
chexpert,unweighted,empirical,474,9,-0.05010893246187362,0.03015791574026567,2.5555555555555554,-58.77777777777778
chexpert,unweighted,guarded,474,9,-0.0784313725490196,0.29240066130779313,4.0,-569.8888888888889
chexpert,unweighted,empirical,475,9,-0.035460992907801435,0.016441941173123933,1.6666666666666667,-32.111111111111114
chexpert,unweighted,guarded,475,9,-0.04491725768321512,0.03698014450702625,2.111111111111111,-72.22222222222223
chexpert,unweighted,empirical,476,9,0.02976190476190478,0.013660265203475075,-1.6666666666666667,-26.555555555555557
chexpert,unweighted,guarded,476,9,-0.05753968253968251,0.2864654778235025,3.2222222222222223,-556.8888888888889
chexpert,unweighted,empirical,477,9,-0.06349206349206349,0.030915371329879118,4.444444444444445,-59.666666666666664
chexpert,unweighted,guarded,477,9,-0.1,0.050374208405296446,7.0,-97.22222222222223
chexpert,unweighted,empirical,478,9,-0.09121061359867329,0.31057078806690813,6.111111111111111,-600.3333333333334
chexpert,unweighted,guarded,478,9,-0.05472636815920397,0.29246421796861527,3.6666666666666665,-565.3333333333334
chexpert,unweighted,empirical,479,9,-0.05341880341880342,0.027891854893908316,2.7777777777777777,-54.333333333333336
chexpert,unweighted,guarded,479,9,-0.04914529914529913,0.2940337668263746,2.5555555555555554,-572.7777777777778
chexpert,unweighted,empirical,480,9,-0.012012012012012026,0.02076843198338527,0.8888888888888888,-40.0
chexpert,unweighted,guarded,480,9,-0.049549549549549564,0.2910464982116072,3.6666666666666665,-560.5555555555555
chexpert,unweighted,empirical,481,9,-0.03316749585406304,0.014542737253549425,2.2222222222222223,-28.11111111111111
chexpert,unweighted,guarded,481,9,-0.008291873963515753,0.02287750761625566,0.5555555555555556,-44.22222222222222
chexpert,unweighted,empirical,482,9,-0.1267361111111111,0.017045454545454548,8.11111111111111,-33.0
chexpert,unweighted,guarded,482,9,-0.03125,0.022727272727272707,2.0,-44.0
chexpert,unweighted,empirical,483,9,-0.1212121212121212,0.050442730648386176,6.666666666666667,-98.11111111111111
chexpert,unweighted,guarded,483,9,-0.06464646464646466,0.2874035989717224,3.5555555555555554,-559.0
chexpert,unweighted,empirical,484,9,-0.08126036484245441,0.028625625107777157,5.444444444444445,-55.333333333333336
chexpert,unweighted,guarded,484,9,-0.06301824212271974,0.31281255388860146,4.222222222222222,-604.6666666666666
chexpert,unweighted,empirical,485,9,-0.08781362007168461,0.03290907006077283,5.444444444444445,-63.77777777777778
chexpert,unweighted,guarded,485,9,-0.07168458781362005,0.291136337575966,4.444444444444445,-564.2222222222222
chexpert,unweighted,empirical,486,9,0.004115226337448541,0.0012159110647906744,-0.3333333333333333,-2.3333333333333335
chexpert,unweighted,guarded,486,9,-0.05075445816186557,0.018122864918070754,4.111111111111111,-34.77777777777778
chexpert,unweighted,empirical,487,9,-0.027777777777777776,0.02188727188727187,2.111111111111111,-42.111111111111114
chexpert,unweighted,guarded,487,9,-0.06725146198830406,0.30099330099330096,5.111111111111111,-579.1111111111111
chexpert,unweighted,empirical,488,9,-0.09893455098934546,0.031078821426512145,7.222222222222222,-59.888888888888886
chexpert,unweighted,guarded,488,9,-0.030441400304413963,0.023928962693882252,2.2222222222222223,-46.111111111111114
chexpert,unweighted,empirical,489,9,-0.07017543859649125,0.033552783552783544,5.333333333333333,-64.55555555555556
chexpert,unweighted,guarded,489,9,-0.07309941520467833,0.28978978978978975,5.555555555555555,-557.5555555555555
chexpert,unweighted,empirical,490,9,-0.043209876543209895,0.026550188420691997,2.3333333333333335,-51.666666666666664
chexpert,unweighted,guarded,490,9,-0.05761316872427982,0.2744090441932168,3.111111111111111,-534.0
chexpert,unweighted,empirical,491,9,-0.007824726134585304,0.012384079258107274,0.5555555555555556,-23.88888888888889
chexpert,unweighted,guarded,491,9,-0.012519561815336484,0.032832210126144803,0.8888888888888888,-63.333333333333336
chexpert,unweighted,empirical,492,9,-0.09259259259259259,0.030183276059564723,5.555555555555555,-58.55555555555556
chexpert,unweighted,guarded,492,9,0.009259259259259238,0.025372279495990833,-0.5555555555555556,-49.22222222222222
chexpert,unweighted,empirical,493,9,-0.06349206349206349,0.014283255893994175,4.0,-27.666666666666668
chexpert,unweighted,guarded,493,9,-0.05467372134038801,0.29042620317788104,3.4444444444444446,-562.5555555555555
chexpert,unweighted,empirical,494,9,-0.041666666666666616,0.026337021668971845,3.0,-50.77777777777778
chexpert,unweighted,guarded,494,9,-0.06944444444444446,0.28838174273858924,5.0,-556.0
chexpert,unweighted,empirical,495,9,-0.04761904761904761,0.03427279053583854,4.0,-65.66666666666667
chexpert,unweighted,guarded,495,9,-0.026455026455026485,0.022558571097193243,2.2222222222222223,-43.22222222222222
chexpert,unweighted,empirical,496,9,-0.0722222222222222,0.04656357388316147,4.333333333333333,-90.33333333333333
chexpert,unweighted,guarded,496,9,-0.06111111111111113,0.2923253150057274,3.6666666666666665,-567.1111111111111
chexpert,unweighted,empirical,497,9,-0.14638447971781302,0.030516835885963385,9.222222222222221,-59.111111111111114
chexpert,unweighted,guarded,497,9,-0.05996472663139331,0.026157287902254307,3.7777777777777777,-50.666666666666664
chexpert,unweighted,empirical,498,9,-0.052083333333333336,0.02324380165289259,3.3333333333333335,-45.0
chexpert,unweighted,guarded,498,9,-0.03993055555555555,0.2812786960514233,2.5555555555555554,-544.5555555555555
chexpert,unweighted,empirical,499,9,-0.08812260536398467,0.030094976541938417,5.111111111111111,-58.44444444444444
chexpert,unweighted,guarded,499,9,-0.03065134099616857,0.27640462295457147,1.7777777777777777,-536.7777777777778
chexpert,unweighted,empirical,500,9,-0.06770833333333333,0.008207070707070682,4.333333333333333,-15.88888888888889
chexpert,unweighted,guarded,500,9,-0.04861111111111111,0.3013085399449036,3.111111111111111,-583.3333333333334
chexpert,balanced,empirical,0,9,-0.054750402576489554,0.025317912423039268,3.7777777777777777,-48.888888888888886
chexpert,balanced,guarded,0,9,-0.05475040257648954,0.29282467345647045,3.7777777777777777,-565.4444444444445
chexpert,balanced,empirical,1,9,-0.056258790436005644,0.03910000578402452,4.444444444444445,-75.11111111111111
chexpert,balanced,guarded,1,9,-0.03797468354430381,0.30435537046677075,3.0,-584.6666666666666
chexpert,balanced,empirical,2,9,-0.04838709677419354,0.019550510262584548,3.0,-37.888888888888886
chexpert,balanced,guarded,2,9,-0.05734767025089608,0.021270496502694622,3.5555555555555554,-41.22222222222222
chexpert,balanced,empirical,3,9,-0.08680555555555555,0.027548209366391168,5.555555555555555,-53.333333333333336
chexpert,balanced,guarded,3,9,-0.041666666666666664,0.2921258034894398,2.6666666666666665,-565.5555555555555
chexpert,balanced,empirical,4,9,-0.08137715179968703,0.0353666263464086,5.777777777777778,-68.22222222222223
chexpert,balanced,guarded,4,9,-0.0297339593114241,0.023846552617936778,2.111111111111111,-46.0
chexpert,balanced,empirical,5,9,-0.05698005698005695,0.029136316337148797,4.444444444444445,-56.0
chexpert,balanced,guarded,5,9,-0.017094017094017106,0.011619840443981948,1.3333333333333333,-22.333333333333332
chexpert,balanced,empirical,6,9,-0.07172995780590723,0.013939499103476175,5.666666666666667,-26.77777777777778
chexpert,balanced,guarded,6,9,-0.061884669479606184,0.2863092139510672,4.888888888888889,-550.0
chexpert,balanced,empirical,7,9,-0.012544802867383489,0.016798532278408478,0.7777777777777778,-32.55555555555556
chexpert,balanced,guarded,7,9,-0.06093189964157705,0.30048159614723086,3.7777777777777777,-582.3333333333334
chexpert,balanced,empirical,8,9,-0.03758169934640522,0.02697262479871179,2.5555555555555554,-52.111111111111114
chexpert,balanced,guarded,8,9,-0.03431372549019607,0.2927881297446515,2.3333333333333335,-565.6666666666666
chexpert,balanced,empirical,9,9,-0.10405643738977075,0.052199850857568966,6.555555555555555,-101.11111111111111
chexpert,balanced,guarded,9,9,-0.04938271604938271,0.29369586416566285,3.111111111111111,-568.8888888888889
chexpert,balanced,empirical,10,9,-0.06535947712418302,0.02524729698642742,4.444444444444445,-48.77777777777778
chexpert,balanced,guarded,10,9,-0.024509803921568627,0.019266160570508402,1.6666666666666667,-37.22222222222222
chexpert,balanced,empirical,11,9,0.01904761904761903,0.01065054691997696,-1.3333333333333333,-20.555555555555557
chexpert,balanced,guarded,11,9,-0.052380952380952354,0.27605066206102474,3.6666666666666665,-532.7777777777778
chexpert,balanced,empirical,12,9,-0.018970189701897025,0.010253736531108762,1.5555555555555556,-19.666666666666668
chexpert,balanced,guarded,12,9,-0.04607046070460704,0.30987139381299966,3.7777777777777777,-594.3333333333334
chexpert,balanced,empirical,13,9,-0.04480286738351255,0.029870427703245068,2.7777777777777777,-57.888888888888886
chexpert,balanced,guarded,13,9,-0.03405017921146958,0.03353973168214654,2.111111111111111,-65.0
chexpert,balanced,empirical,14,9,-0.08487654320987653,0.01809589672660208,6.111111111111111,-34.888888888888886
chexpert,balanced,guarded,14,9,-0.04783950617283956,0.03895804518211157,3.4444444444444446,-75.11111111111111
chexpert,balanced,empirical,15,9,-0.09356725146198829,0.02460152460152461,7.111111111111111,-47.333333333333336
chexpert,balanced,guarded,15,9,-0.09502923976608187,0.29539154539154544,7.222222222222222,-568.3333333333334
chexpert,balanced,empirical,16,9,-0.06130268199233716,0.016763931799977125,3.5555555555555554,-32.55555555555556
chexpert,balanced,guarded,16,9,-0.06130268199233714,0.01676393179997711,3.5555555555555554,-32.55555555555556
chexpert,balanced,empirical,17,9,-0.0606060606060606,0.03751579914971845,4.0,-72.55555555555556
chexpert,balanced,guarded,17,9,-0.042087542087542076,0.2904745490060898,2.7777777777777777,-561.7777777777778
chexpert,balanced,empirical,18,9,-0.04151404151404154,0.009429020429544263,3.7777777777777777,-18.0
chexpert,balanced,guarded,18,9,-0.054945054945054944,0.282579593737268,5.0,-539.4444444444445
chexpert,balanced,empirical,19,9,-0.01428571428571431,0.013874496257915949,1.0,-26.77777777777778
chexpert,balanced,guarded,19,9,-0.04285714285714288,0.026482440990213005,3.0,-51.111111111111114
chexpert,balanced,empirical,20,9,-0.0679933665008292,0.02402713111455997,4.555555555555555,-46.44444444444444
chexpert,balanced,guarded,20,9,-0.05804311774461027,0.03063746622980976,3.888888888888889,-59.22222222222222
chexpert,balanced,empirical,21,9,-0.03947368421052629,0.019577269577269588,3.0,-37.666666666666664
chexpert,balanced,guarded,21,9,-0.04824561403508768,0.2945830445830445,3.6666666666666665,-566.7777777777778
chexpert,balanced,empirical,22,9,-0.035185185185185174,0.013001145475372233,2.111111111111111,-25.22222222222222
chexpert,balanced,guarded,22,9,-0.009259259259259238,0.02777777777777779,0.5555555555555556,-53.888888888888886
chexpert,balanced,empirical,23,9,0.03957382039573817,0.008591362509369772,-2.888888888888889,-16.555555555555557
chexpert,balanced,guarded,23,9,-0.022831050228310494,0.024159603298160654,1.6666666666666667,-46.55555555555556
chexpert,balanced,empirical,24,9,-0.028673835125448053,0.009001261323242749,1.7777777777777777,-17.444444444444443
chexpert,balanced,guarded,24,9,-0.010752688172043064,0.0013759889920880422,0.6666666666666666,-2.6666666666666665
chexpert,balanced,empirical,25,9,-0.06837606837606844,0.0279643985070342,4.444444444444445,-54.111111111111114
chexpert,balanced,guarded,25,9,-0.03247863247863251,0.010623026126902073,2.111111111111111,-20.555555555555557
chexpert,balanced,empirical,26,9,-0.05734767025089604,0.014161220043572972,3.5555555555555554,-27.444444444444443
chexpert,balanced,guarded,26,9,-0.034050179211469515,0.2950923059282193,2.111111111111111,-571.8888888888889
chexpert,balanced,empirical,27,9,-0.10714285714285716,0.009046624913013224,9.0,-17.333333333333332
chexpert,balanced,guarded,27,9,-0.06878306878306878,0.025284156808165106,5.777777777777778,-48.44444444444444
chexpert,balanced,empirical,28,9,-0.05218855218855223,0.04061817763989425,3.4444444444444446,-78.55555555555556
chexpert,balanced,guarded,28,9,-0.05555555555555555,0.3071354705274043,3.6666666666666665,-594.0
chexpert,balanced,empirical,29,9,0.0900383141762452,-0.002689094862112317,-5.222222222222222,5.222222222222222
chexpert,balanced,guarded,29,9,-0.013409961685823757,0.011042453369950812,0.7777777777777778,-21.444444444444443
chexpert,balanced,empirical,30,9,-0.08513708513708512,0.03166348876177269,6.555555555555555,-60.888888888888886
chexpert,balanced,guarded,30,9,-0.08225108225108227,0.29774079852082974,6.333333333333333,-572.5555555555555
chexpert,balanced,empirical,31,9,-0.0756172839506173,0.02783540802213,5.444444444444445,-53.666666666666664
chexpert,balanced,guarded,31,9,-0.029320987654321007,0.007952973720608547,2.111111111111111,-15.333333333333334
chexpert,balanced,empirical,32,9,-0.12191358024691357,0.032618718303365664,8.777777777777779,-62.888888888888886
chexpert,balanced,guarded,32,0,,,,
chexpert,balanced,empirical,33,9,-0.0928462709284627,0.027503892060197186,6.777777777777778,-53.0
chexpert,balanced,guarded,33,9,0.0030441400304414496,0.0002306406042784031,-0.2222222222222222,-0.4444444444444444
chexpert,balanced,empirical,34,9,-0.07070707070707066,0.03872227967367568,4.666666666666667,-74.88888888888889
chexpert,balanced,guarded,34,9,-0.1262626262626263,0.29237044697230835,8.333333333333334,-565.4444444444445
chexpert,balanced,empirical,35,9,-0.07628524046434493,0.024544461688796884,5.111111111111111,-47.44444444444444
chexpert,balanced,guarded,35,9,-0.06301824212271973,0.29114215094556534,4.222222222222222,-562.7777777777778
chexpert,balanced,empirical,36,9,-0.12222222222222218,0.033449074074074076,9.777777777777779,-64.22222222222223
chexpert,balanced,guarded,36,9,-0.05833333333333332,0.31221064814814814,4.666666666666667,-599.4444444444445
chexpert,balanced,empirical,37,9,-0.019323671497584516,0.011680764140629499,1.3333333333333333,-22.555555555555557
chexpert,balanced,guarded,37,9,-0.028985507246376854,0.017032050175499136,2.0,-32.888888888888886
chexpert,balanced,empirical,38,9,-0.023391812865497075,0.020674520674520667,1.7777777777777777,-39.77777777777778
chexpert,balanced,guarded,38,9,-0.04678362573099412,0.29723954723954726,3.5555555555555554,-571.8888888888889
chexpert,balanced,empirical,39,9,-0.03703703703703706,0.024704125014362796,2.4444444444444446,-47.77777777777778
chexpert,balanced,guarded,39,9,-0.04882154882154883,0.28714236470182697,3.2222222222222223,-555.3333333333334
chexpert,balanced,empirical,40,9,-0.031746031746031696,0.00760413119963679,1.3333333333333333,-14.88888888888889
chexpert,balanced,guarded,40,9,-0.03703703703703704,0.3023493360572012,1.5555555555555556,-592.0
chexpert,balanced,empirical,41,9,-0.07057057057057059,0.014249451944156031,5.222222222222222,-27.444444444444443
chexpert,balanced,guarded,41,9,-0.09159159159159162,0.044248298142379155,6.777777777777778,-85.22222222222223
chexpert,balanced,empirical,42,9,-0.1301169590643275,0.031300531300531315,9.88888888888889,-60.22222222222222
chexpert,balanced,guarded,42,9,-0.055555555555555546,0.3142180642180642,4.222222222222222,-604.5555555555555
chexpert,balanced,empirical,43,9,0.02046783625730993,0.008893508893508904,-1.5555555555555556,-17.11111111111111
chexpert,balanced,guarded,43,9,-0.03216374269005848,0.28644028644028646,2.4444444444444446,-551.1111111111111
chexpert,balanced,empirical,44,9,0.009803921568627479,0.01731078904991949,-0.6666666666666666,-33.44444444444444
chexpert,balanced,guarded,44,9,-0.032679738562091484,0.2991718426501035,2.2222222222222223,-578.0
chexpert,balanced,empirical,45,9,-0.08828006088280063,0.02162255665109842,6.444444444444445,-41.666666666666664
chexpert,balanced,guarded,45,9,-0.09893455098934552,0.04232255088508333,7.222222222222222,-81.55555555555556
chexpert,balanced,empirical,46,9,-0.04273504273504277,0.03606086706861898,2.7777777777777777,-69.77777777777777
chexpert,balanced,guarded,46,9,-0.07692307692307693,0.3104794717197818,5.0,-600.7777777777778
chexpert,balanced,empirical,47,9,-0.052706552706552695,0.028384784368135036,4.111111111111111,-54.55555555555556
chexpert,balanced,guarded,47,9,-0.06410256410256411,0.32130882182911313,5.0,-617.5555555555555
chexpert,balanced,empirical,48,9,-0.13642756680731363,0.03175429463820927,10.777777777777779,-61.0
chexpert,balanced,guarded,48,9,-0.047819971870604744,0.030308288507143274,3.7777777777777777,-58.22222222222222
chexpert,balanced,empirical,49,9,0.030965391621129348,-0.0012033694344163954,-1.8888888888888888,2.3333333333333335
chexpert,balanced,guarded,49,9,0.034608378870673945,-0.0008595495960116563,-2.111111111111111,1.6666666666666667
chexpert,balanced,empirical,50,9,-0.020202020202020207,0.008426313342631319,1.7777777777777777,-16.11111111111111
chexpert,balanced,guarded,50,9,-0.0012626262626262738,0.00801952580195258,0.1111111111111111,-15.333333333333334
chexpert,balanced,empirical,51,9,0.01201201201201205,0.004615207107418967,-0.8888888888888888,-8.88888888888889
chexpert,balanced,guarded,51,9,-0.006006006006005994,0.00034614053305640863,0.4444444444444444,-0.6666666666666666
chexpert,balanced,empirical,52,9,-0.053140096618357474,0.021865469819897603,3.6666666666666665,-42.22222222222222
chexpert,balanced,guarded,52,9,0.01127214170692433,0.016514183785027916,-0.7777777777777778,-31.88888888888889
chexpert,balanced,empirical,53,9,-0.028919330289193333,0.034192469584270344,2.111111111111111,-65.88888888888889
chexpert,balanced,guarded,53,9,-0.050228310502283095,0.2944703915124258,3.6666666666666665,-567.4444444444445
chexpert,balanced,empirical,54,9,-0.02136752136752133,0.015030639380275193,1.6666666666666667,-28.88888888888889
chexpert,balanced,guarded,54,9,-0.021367521367521364,0.004451381662619923,1.6666666666666667,-8.555555555555555
chexpert,balanced,empirical,55,9,-0.028860028860028846,0.005835788987115009,2.2222222222222223,-11.222222222222221
chexpert,balanced,guarded,55,9,-0.07792207792207793,0.3087767955162651,6.0,-593.7777777777778
chexpert,balanced,empirical,56,9,-0.013182674199623367,0.02347014711775144,0.7777777777777778,-45.55555555555556
chexpert,balanced,guarded,56,9,-0.00941619585687381,0.012937203045394696,0.5555555555555556,-25.11111111111111
chexpert,balanced,empirical,57,9,-0.02415458937198066,0.0030496576327752045,1.6666666666666667,-5.888888888888889
chexpert,balanced,guarded,57,9,-0.043478260869565216,0.29633465676966453,3.0,-572.2222222222222
chexpert,balanced,empirical,58,9,-0.1648148148148148,0.0475372279495991,9.88888888888889,-92.22222222222223
chexpert,balanced,guarded,58,9,-0.07962962962962962,0.32187857961053834,4.777777777777778,-624.4444444444445
chexpert,balanced,empirical,59,9,-0.04654654654654659,0.026018230068074306,3.4444444444444446,-50.111111111111114
chexpert,balanced,guarded,59,9,-0.07657657657657659,0.28418137763932155,5.666666666666667,-547.3333333333334
chexpert,balanced,empirical,60,9,-0.02185792349726776,0.022577502721907085,1.3333333333333333,-43.77777777777778
chexpert,balanced,guarded,60,9,-0.056466302367941715,0.2998682023952782,3.4444444444444446,-581.4444444444445
chexpert,balanced,empirical,61,9,-0.05882352941176472,0.02432712215320909,4.0,-47.0
chexpert,balanced,guarded,61,9,-0.06045751633986929,0.3017023234414539,4.111111111111111,-582.8888888888889
chexpert,balanced,empirical,62,9,-0.09583333333333334,0.026099537037037046,7.666666666666667,-50.111111111111114
chexpert,balanced,guarded,62,9,-0.05833333333333336,0.280324074074074,4.666666666666667,-538.2222222222222
chexpert,balanced,empirical,63,9,-0.07832422586520953,0.0252134548163429,4.777777777777778,-48.888888888888886
chexpert,balanced,guarded,63,9,-0.11839708561020035,0.3017019082001032,7.222222222222222,-585.0
chexpert,balanced,empirical,64,9,-0.018779342723004706,0.03133460054144345,1.3333333333333333,-60.44444444444444
chexpert,balanced,guarded,64,9,0.010954616588419404,0.02234894303323541,-0.7777777777777778,-43.111111111111114
chexpert,balanced,empirical,65,9,-0.03642987249544624,0.020915706836284447,2.2222222222222223,-40.55555555555556
chexpert,balanced,guarded,65,9,-0.04918032786885248,0.3034783106985273,3.0,-588.4444444444445
chexpert,balanced,empirical,66,9,-0.050505050505050525,0.015167183729748346,3.3333333333333335,-29.333333333333332
chexpert,balanced,guarded,66,9,0.013468013468013493,0.01780995059174996,-0.8888888888888888,-34.44444444444444
chexpert,balanced,empirical,67,9,0.030864197530864185,0.010949746426924848,-2.2222222222222223,-21.11111111111111
chexpert,balanced,guarded,67,9,-0.0601851851851852,0.29097510373443985,4.333333333333333,-561.0
chexpert,balanced,empirical,68,9,-0.05882352941176467,0.023924545663676116,4.0,-46.22222222222222
chexpert,balanced,guarded,68,9,-0.062091503267973844,0.01667816885208188,4.222222222222222,-32.22222222222222
chexpert,balanced,empirical,69,9,-0.08518518518518516,0.024799541809851097,5.111111111111111,-48.111111111111114
chexpert,balanced,guarded,69,9,-0.07222222222222222,0.30830469644902636,4.333333333333333,-598.1111111111111
chexpert,balanced,empirical,70,9,0.01940035273368605,0.014053806000114707,-1.2222222222222223,-27.22222222222222
chexpert,balanced,guarded,70,9,-0.09523809523809525,0.2891642287615442,6.0,-560.1111111111111
chexpert,balanced,empirical,71,9,-0.057471264367816084,0.02546057901361714,3.3333333333333335,-49.44444444444444
chexpert,balanced,guarded,71,9,-0.057471264367816084,0.29454170957775483,3.3333333333333335,-572.0
chexpert,balanced,empirical,72,9,0.009950248756218935,0.010978904408806087,-0.6666666666666666,-21.22222222222222
chexpert,balanced,guarded,72,9,-0.02653399668325038,0.027476001609472906,1.7777777777777777,-53.111111111111114
chexpert,balanced,empirical,73,9,0.016742770167427645,0.0057660151069595595,-1.2222222222222223,-11.11111111111111
chexpert,balanced,guarded,73,9,4.9343245538895844e-17,0.003517269215245348,0.0,-6.777777777777778
chexpert,balanced,empirical,74,9,0.054012345679012336,0.00443752881512216,-3.888888888888889,-8.555555555555555
chexpert,balanced,guarded,74,9,0.012345679012345647,0.012390502535730744,-0.8888888888888888,-23.88888888888889
chexpert,balanced,empirical,75,9,0.011965811965811972,0.019753086419753114,-0.7777777777777778,-38.22222222222222
chexpert,balanced,guarded,75,9,-0.020512820512820537,0.02159058283089288,1.3333333333333333,-41.77777777777778
chexpert,balanced,empirical,76,9,-0.09230769230769231,0.026241745621590554,6.0,-50.77777777777778
chexpert,balanced,guarded,76,9,-0.06324786324786326,0.2966982486362331,4.111111111111111,-574.1111111111111
chexpert,balanced,empirical,77,9,-0.07305936073059363,0.02525514616848295,5.333333333333333,-48.666666666666664
chexpert,balanced,guarded,77,9,-0.018264840182648425,0.3015049299429165,1.3333333333333333,-581.0
chexpert,balanced,empirical,78,9,-0.07583774250440915,0.0275339872655309,4.777777777777778,-53.333333333333336
chexpert,balanced,guarded,78,9,-0.0652557319223986,0.3000630987208168,4.111111111111111,-581.2222222222222
chexpert,balanced,empirical,79,9,-0.06397306397306396,0.01890152820866363,4.222222222222222,-36.55555555555556
chexpert,balanced,guarded,79,9,-0.03198653198653197,0.30035619901183497,2.111111111111111,-580.8888888888889
chexpert,balanced,empirical,80,9,-0.07057057057057059,0.027922002999884614,5.222222222222222,-53.77777777777778
chexpert,balanced,guarded,80,9,-0.042042042042042066,0.02249913464866736,3.111111111111111,-43.333333333333336
chexpert,balanced,empirical,81,9,-0.046176046176046176,0.022592014791702735,3.5555555555555554,-43.44444444444444
chexpert,balanced,guarded,81,9,-0.08513708513708515,0.30461662910960885,6.555555555555555,-585.7777777777778
chexpert,balanced,empirical,82,9,-0.015873015873015914,0.012204951065054679,1.1111111111111112,-23.555555555555557
chexpert,balanced,guarded,82,9,0.004761904761904757,0.009729418537708676,-0.3333333333333333,-18.77777777777778
chexpert,balanced,empirical,83,9,0.01288244766505637,0.009264054318430297,-0.8888888888888888,-17.88888888888889
chexpert,balanced,guarded,83,9,-0.04830917874396138,0.045514701651418354,3.3333333333333335,-87.88888888888889
chexpert,balanced,empirical,84,9,-0.06076388888888889,0.033000459136822785,3.888888888888889,-63.888888888888886
chexpert,balanced,guarded,84,9,-0.03298611111111111,0.023473370064279124,2.111111111111111,-45.44444444444444
chexpert,balanced,empirical,85,9,-0.07992202729044835,0.019843312174758383,4.555555555555555,-38.55555555555556
chexpert,balanced,guarded,85,9,-0.05068226120857698,0.28089437868130607,2.888888888888889,-545.7777777777778
chexpert,balanced,empirical,86,9,-0.05472636815920403,0.006725297465080154,3.6666666666666665,-13.0
chexpert,balanced,guarded,86,9,-0.058043117744610274,0.3071793987469104,3.888888888888889,-593.7777777777778
chexpert,balanced,empirical,87,9,-0.010256410256410282,0.005742176284811946,0.6666666666666666,-11.11111111111111
chexpert,balanced,guarded,87,9,-0.015384615384615366,0.006258972150445043,1.0,-12.11111111111111
chexpert,balanced,empirical,88,9,0.020576131687242802,0.0119904076738609,-1.1111111111111112,-23.333333333333332
chexpert,balanced,guarded,88,9,-0.088477366255144,0.31734612310151883,4.777777777777778,-617.5555555555555
chexpert,balanced,empirical,89,9,-0.05772005772005771,0.015080603224128951,4.444444444444445,-29.0
chexpert,balanced,guarded,89,9,-0.027417027417027427,0.016640665626625053,2.111111111111111,-32.0
chexpert,balanced,empirical,90,9,-0.10116086235489224,0.023337357015577414,6.777777777777778,-45.111111111111114
chexpert,balanced,guarded,90,9,-0.014925373134328377,0.006667816290164959,1.0,-12.88888888888889
chexpert,balanced,empirical,91,9,-0.09059829059829062,0.02733275911570486,5.888888888888889,-52.888888888888886
chexpert,balanced,guarded,91,9,-0.061538461538461556,0.28619006603502734,4.0,-553.7777777777778
chexpert,balanced,empirical,92,9,-0.09305555555555557,0.027604166666666666,7.444444444444445,-53.0
chexpert,balanced,guarded,92,9,-0.08611111111111111,0.3013310185185185,6.888888888888889,-578.5555555555555
chexpert,balanced,empirical,93,9,-0.08097928436911489,0.026962047054782754,4.777777777777778,-52.333333333333336
chexpert,balanced,guarded,93,9,-0.024482109227871987,0.025015742171847235,1.4444444444444444,-48.55555555555556
chexpert,balanced,empirical,94,9,-0.08333333333333333,0.02513227513227518,5.666666666666667,-48.55555555555556
chexpert,balanced,guarded,94,9,-0.03594771241830064,0.29531861053600184,2.4444444444444446,-570.5555555555555
chexpert,balanced,empirical,95,9,-0.06666666666666665,0.02141831754234855,4.333333333333333,-41.44444444444444
chexpert,balanced,guarded,95,9,-0.0547008547008547,0.3065173700832615,3.5555555555555554,-593.1111111111111
chexpert,balanced,empirical,96,9,-0.09452736318407956,0.019371155946427538,6.333333333333333,-37.44444444444444
chexpert,balanced,guarded,96,9,-0.05306799336650086,0.0155773984020233,3.5555555555555554,-30.11111111111111
chexpert,balanced,empirical,97,9,-0.08126036484245443,0.037707650744381205,5.444444444444445,-72.88888888888889
chexpert,balanced,guarded,97,9,-0.11111111111111109,0.2897626027476002,7.444444444444445,-560.1111111111111
chexpert,balanced,empirical,98,9,-0.12418300653594772,0.020979419645402175,6.333333333333333,-40.888888888888886
chexpert,balanced,guarded,98,9,-0.10021786492374726,0.30534177070862545,5.111111111111111,-595.1111111111111
chexpert,balanced,empirical,99,9,-0.07355242566510176,0.032601808651575394,5.222222222222222,-62.888888888888886
chexpert,balanced,guarded,99,9,-0.06416275430359936,0.2992339150970566,4.555555555555555,-577.2222222222222
chexpert,balanced,empirical,100,9,-0.02564102564102566,0.009359747344243472,1.6666666666666667,-18.11111111111111
chexpert,balanced,guarded,100,9,0.008547008547008517,0.016135515360321564,-0.5555555555555556,-31.22222222222222
chexpert,balanced,empirical,101,9,-0.0444444444444444,0.03699885452462775,2.6666666666666665,-71.77777777777777
chexpert,balanced,guarded,101,9,-0.033333333333333326,0.28316151202749146,2.0,-549.3333333333334
chexpert,balanced,empirical,102,9,-0.046296296296296315,0.29656357388316146,2.7777777777777777,-575.3333333333334
chexpert,balanced,guarded,102,9,-0.012962962962962978,0.2874570446735395,0.7777777777777778,-557.6666666666666
chexpert,balanced,empirical,103,9,-0.08472222222222225,0.02355324074074076,6.777777777777778,-45.22222222222222
chexpert,balanced,guarded,103,9,-0.018055555555555578,0.007638888888888886,1.4444444444444444,-14.666666666666666
chexpert,balanced,empirical,104,9,-0.08888888888888888,0.031712962962962936,7.111111111111111,-60.888888888888886
chexpert,balanced,guarded,104,9,-0.036111111111111156,0.034548611111111106,2.888888888888889,-66.33333333333333
chexpert,balanced,empirical,105,9,-0.008888888888888835,0.015669515669515674,0.4444444444444444,-30.555555555555557
chexpert,balanced,guarded,105,9,-0.05333333333333333,0.2838746438746439,2.6666666666666665,-553.5555555555555
chexpert,balanced,empirical,106,9,-0.06432748538011696,0.0236775236775237,4.888888888888889,-45.55555555555556
chexpert,balanced,guarded,106,9,-0.07748538011695905,0.29383229383229387,5.888888888888889,-565.3333333333334
chexpert,balanced,empirical,107,9,-0.07008547008547014,0.027160493827160508,4.555555555555555,-52.55555555555556
chexpert,balanced,guarded,107,9,-0.02393162393162397,0.015216767154751683,1.5555555555555556,-29.444444444444443
chexpert,balanced,empirical,108,9,-0.009722222222222212,0.021180555555555584,0.7777777777777778,-40.666666666666664
chexpert,balanced,guarded,108,9,-0.016666666666666632,0.030266203703703698,1.3333333333333333,-58.111111111111114
chexpert,balanced,empirical,109,9,-0.0845771144278607,0.018911306547105808,5.666666666666667,-36.55555555555556
chexpert,balanced,guarded,109,9,-0.05140961857379765,0.3108581939414841,3.4444444444444446,-600.8888888888889
chexpert,balanced,empirical,110,9,0.04377104377104376,0.012811674135355604,-2.888888888888889,-24.77777777777778
chexpert,balanced,guarded,110,9,-0.01178451178451181,0.031828105251062846,0.7777777777777778,-61.55555555555556
chexpert,balanced,empirical,111,9,-0.12206572769953056,0.027014572893266538,8.666666666666666,-52.111111111111114
chexpert,balanced,guarded,111,9,-0.08607198748043818,0.3075859685501987,6.111111111111111,-593.3333333333334
chexpert,balanced,empirical,112,9,-0.11396011396011395,0.020985084980922625,8.88888888888889,-40.333333333333336
chexpert,balanced,guarded,112,9,-0.08404558404558404,0.04335761359694761,6.555555555555555,-83.33333333333333
chexpert,balanced,empirical,113,9,-0.03009259259259256,0.015539617486338845,1.4444444444444444,-30.333333333333332
chexpert,balanced,guarded,113,9,-0.06250000000000001,0.30606785063752273,3.0,-597.4444444444445
chexpert,balanced,empirical,114,9,-0.02063492063492061,0.023431203223949364,1.4444444444444444,-45.22222222222222
chexpert,balanced,guarded,114,9,-0.003174603174603188,0.01318364997121477,0.2222222222222222,-25.444444444444443
chexpert,balanced,empirical,115,9,-0.029059829059829068,0.003100775193798428,1.8888888888888888,-6.0
chexpert,balanced,guarded,115,9,-0.022222222222222206,0.013896066609244905,1.4444444444444444,-26.88888888888889
chexpert,balanced,empirical,116,9,-0.06739526411657557,0.021488739900292257,4.111111111111111,-41.666666666666664
chexpert,balanced,guarded,116,9,-0.027322404371584716,0.30187381811930547,1.6666666666666667,-585.3333333333334
chexpert,balanced,empirical,117,9,-0.12106135986732999,0.02810829453354026,8.11111111111111,-54.333333333333336
chexpert,balanced,guarded,117,9,-0.056384742951907096,0.2844743346554004,3.7777777777777777,-549.8888888888889
chexpert,balanced,empirical,118,9,-0.09696969696969691,0.035247072265067105,5.333333333333333,-68.55555555555556
chexpert,balanced,guarded,118,9,-0.040404040404040414,0.2954013139103113,2.2222222222222223,-574.5555555555555
chexpert,balanced,empirical,119,9,0.0014430014430014558,0.01542728375801699,-0.1111111111111111,-29.666666666666668
chexpert,balanced,guarded,119,9,0.005772005772005774,-0.0018489628474027686,-0.4444444444444444,3.5555555555555554
chexpert,balanced,empirical,120,9,0.0013717421124829334,0.016385849111226907,-0.1111111111111111,-31.444444444444443
chexpert,balanced,guarded,120,9,0.043895747599451314,0.005037345839847175,-3.5555555555555554,-9.666666666666666
chexpert,balanced,empirical,121,9,-0.08373590982286636,0.02393693538178264,5.777777777777778,-46.22222222222222
chexpert,balanced,guarded,121,9,-0.027375201288244763,0.0037976868634559155,1.8888888888888888,-7.333333333333333
chexpert,balanced,empirical,122,9,-0.033509700176366834,0.017610279355245815,2.111111111111111,-34.111111111111114
chexpert,balanced,guarded,122,9,-0.021164021164021163,0.03332759708598635,1.3333333333333333,-64.55555555555556
chexpert,balanced,empirical,123,9,-0.02814814814814817,0.013448773448773425,2.111111111111111,-25.88888888888889
chexpert,balanced,guarded,123,9,-0.06074074074074073,0.2955844155844156,4.555555555555555,-569.0
chexpert,balanced,empirical,124,9,-0.11784511784511784,0.022808227048144274,7.777777777777778,-44.111111111111114
chexpert,balanced,guarded,124,9,-0.01346801346801347,0.0013213834310007568,0.8888888888888888,-2.5555555555555554
chexpert,balanced,empirical,125,9,-0.06481481481481483,0.04224296911018904,4.666666666666667,-81.44444444444444
chexpert,balanced,guarded,125,9,-0.05864197530864198,0.2887851544490549,4.222222222222222,-556.7777777777778
chexpert,balanced,empirical,126,9,-0.07500000000000005,0.025752314814814794,6.0,-49.44444444444444
chexpert,balanced,guarded,126,9,-0.04444444444444446,0.036168981481481476,3.5555555555555554,-69.44444444444444
chexpert,balanced,empirical,127,9,-0.07555555555555554,0.020894660894660893,5.666666666666667,-40.22222222222222
chexpert,balanced,guarded,127,9,-0.07259259259259257,0.040173160173160145,5.444444444444445,-77.33333333333333
chexpert,balanced,empirical,128,9,-0.11916264090177135,0.032683123309741643,8.222222222222221,-63.111111111111114
chexpert,balanced,guarded,128,9,-0.04669887278582932,0.28822141665228146,3.2222222222222223,-556.5555555555555
chexpert,balanced,empirical,129,9,-0.007215007215007218,0.006702490321835095,0.5555555555555556,-12.88888888888889
chexpert,balanced,guarded,129,9,-0.030303030303030314,0.3150170451262495,2.3333333333333335,-605.7777777777778
chexpert,balanced,empirical,130,9,-0.033816425120772986,0.014327636803038144,2.3333333333333335,-27.666666666666668
chexpert,balanced,guarded,130,9,-0.04830917874396136,0.2755049197307095,3.3333333333333335,-532.0
chexpert,balanced,empirical,131,9,-0.027350427350427364,0.001205857019810525,1.7777777777777777,-2.3333333333333335
chexpert,balanced,guarded,131,9,-0.03931623931623932,0.004191788687912701,2.5555555555555554,-8.11111111111111
chexpert,balanced,empirical,132,9,-0.07503607503607501,0.027387762177153736,5.777777777777778,-52.666666666666664
chexpert,balanced,guarded,132,9,-0.033189033189033185,0.017160686427457123,2.5555555555555554,-33.0
chexpert,balanced,empirical,133,9,0.006259780907668248,0.01296008294453082,-0.4444444444444444,-25.0
chexpert,balanced,guarded,133,9,-0.037558685446009404,0.030643396117735144,2.6666666666666665,-59.111111111111114
chexpert,balanced,empirical,134,9,-0.08126036484245441,0.02483186756337298,5.444444444444445,-48.0
chexpert,balanced,guarded,134,9,-0.058043117744610254,0.02805081335862504,3.888888888888889,-54.22222222222222
chexpert,balanced,empirical,135,9,0.0030441400304414123,0.03240500490111284,-0.2222222222222222,-62.44444444444444
chexpert,balanced,guarded,135,9,-0.07001522070015218,0.31568932710603703,5.111111111111111,-608.3333333333334
chexpert,balanced,empirical,136,9,-0.06467661691542291,0.040466747140311544,4.333333333333333,-78.22222222222223
chexpert,balanced,guarded,136,9,-0.07462686567164178,0.31292751623843185,5.0,-604.8888888888889
chexpert,balanced,empirical,137,9,-0.16005291005291003,0.03688239387613084,13.444444444444445,-70.66666666666667
chexpert,balanced,guarded,137,9,-0.12566137566137567,0.0520760844351659,10.555555555555555,-99.77777777777777
chexpert,balanced,empirical,138,9,-0.08771929824561403,0.019808269808269812,6.666666666666667,-38.111111111111114
chexpert,balanced,guarded,138,9,-0.04239766081871345,0.2800300300300301,3.2222222222222223,-538.7777777777778
chexpert,balanced,empirical,139,9,-0.01697530864197531,0.00680036883356383,1.2222222222222223,-13.11111111111111
chexpert,balanced,guarded,139,9,-0.10030864197530863,0.31869525126786535,7.222222222222222,-614.4444444444445
chexpert,balanced,empirical,140,9,-0.05994152046783625,0.024948024948024936,4.555555555555555,-48.0
chexpert,balanced,guarded,140,9,-0.026315789473684195,0.2981635481635482,2.0,-573.6666666666666
chexpert,balanced,empirical,141,9,-0.10200364298724951,0.04515500544381406,6.222222222222222,-87.55555555555556
chexpert,balanced,guarded,141,9,-0.030965391621129323,0.3003839321528852,1.8888888888888888,-582.4444444444445
chexpert,balanced,empirical,142,9,-0.04592592592592589,0.019740259740259725,3.4444444444444446,-38.0
chexpert,balanced,guarded,142,9,-0.05777777777777777,0.29679653679653684,4.333333333333333,-571.3333333333334
chexpert,balanced,empirical,143,9,0.014430014430014397,0.010978216906454076,-1.1111111111111112,-21.11111111111111
chexpert,balanced,guarded,143,9,-0.051948051948051965,0.29912752065638176,4.0,-575.2222222222222
chexpert,balanced,empirical,144,9,-0.07511737089201878,0.025747364783134614,5.333333333333333,-49.666666666666664
chexpert,balanced,guarded,144,9,-0.02816901408450703,0.021657738609527084,2.0,-41.77777777777778
chexpert,balanced,empirical,145,9,-0.042617960426179574,0.013088854292798244,3.111111111111111,-25.22222222222222
chexpert,balanced,guarded,145,9,-0.09132420091324198,0.03430778988640949,6.666666666666667,-66.11111111111111
chexpert,balanced,empirical,146,9,-0.06926406926406928,0.02900560466863116,5.333333333333333,-55.77777777777778
chexpert,balanced,guarded,146,9,-0.012987012987012991,0.29560293522852027,1.0,-568.4444444444445
chexpert,balanced,empirical,147,9,-0.05100182149362479,0.028708956506790444,3.111111111111111,-55.666666666666664
chexpert,balanced,guarded,147,9,-0.07468123861566484,0.2977479800584494,4.555555555555555,-577.3333333333334
chexpert,balanced,empirical,148,9,-0.17460317460317454,0.023316062176165813,12.222222222222221,-45.0
chexpert,balanced,guarded,148,9,-0.10952380952380954,0.30443293033966606,7.666666666666667,-587.5555555555555
chexpert,balanced,empirical,149,9,-0.1111111111111111,0.03832411249423695,8.0,-73.88888888888889
chexpert,balanced,guarded,149,9,-0.041666666666666664,0.29570078377132325,3.0,-570.1111111111111
chexpert,balanced,empirical,150,9,-0.053208137715179994,0.025113760728068663,3.7777777777777777,-48.44444444444444
chexpert,balanced,guarded,150,9,-0.06103286384976525,0.3070099648637751,4.333333333333333,-592.2222222222222
chexpert,balanced,empirical,151,9,-0.09107468123861567,0.03455389375966996,5.555555555555555,-67.0
chexpert,balanced,guarded,151,9,-0.06010928961748631,0.02481233167153745,3.6666666666666665,-48.111111111111114
chexpert,balanced,empirical,152,9,-0.10305958132045089,0.028194947925657427,7.111111111111111,-54.44444444444444
chexpert,balanced,guarded,152,9,-0.09661835748792275,0.01737729443581331,6.666666666666667,-33.55555555555556
chexpert,balanced,empirical,153,9,-0.0013386880856760541,0.015591491334840342,0.1111111111111111,-29.88888888888889
chexpert,balanced,guarded,153,9,-0.06961178045515393,0.27838636758824553,5.777777777777778,-533.6666666666666
chexpert,balanced,empirical,154,9,-0.06193078324225863,0.02332244570511714,3.7777777777777777,-45.22222222222222
chexpert,balanced,guarded,154,9,-0.0564663023679417,0.03231906481003953,3.4444444444444446,-62.666666666666664
chexpert,balanced,empirical,155,9,-0.10116086235489222,0.03678795194573778,6.777777777777778,-71.11111111111111
chexpert,balanced,guarded,155,9,-0.03316749585406301,0.30229349887911705,2.2222222222222223,-584.3333333333334
chexpert,balanced,empirical,156,9,-0.021885521885521914,0.014994829369182986,1.4444444444444444,-29.0
chexpert,balanced,guarded,156,9,-0.02861952861952863,0.015511892450879004,1.8888888888888888,-30.0
chexpert,balanced,empirical,157,9,-0.07285974499089255,0.024640421752335124,4.444444444444445,-47.77777777777778
chexpert,balanced,guarded,157,9,-0.0819672131147541,0.2812446278150249,5.0,-545.3333333333334
chexpert,balanced,empirical,158,9,-0.07511737089201881,0.03035539427452337,5.333333333333333,-58.55555555555556
chexpert,balanced,guarded,158,9,-0.059467918622848205,0.29819710846149416,4.222222222222222,-575.2222222222222
chexpert,balanced,empirical,159,9,-0.03298611111111111,0.02634297520661159,2.111111111111111,-51.0
chexpert,balanced,guarded,159,9,-0.07118055555555555,0.30888429752066116,4.555555555555555,-598.0
chexpert,balanced,empirical,160,9,-0.07936507936507937,0.011226252158894648,5.555555555555555,-21.666666666666668
chexpert,balanced,guarded,160,9,-0.04285714285714283,0.290097869890616,3.0,-559.8888888888889
chexpert,balanced,empirical,161,9,-0.026881720430107503,0.017830524022474464,1.6666666666666667,-34.55555555555556
chexpert,balanced,guarded,161,9,0.0,0.01158124068340786,0.0,-22.444444444444443
chexpert,balanced,empirical,162,9,-0.018518518518518528,0.025342147993504968,1.5555555555555556,-48.55555555555556
chexpert,balanced,guarded,162,9,-0.056878306878306896,0.2955810716771052,4.777777777777778,-566.3333333333334
chexpert,balanced,empirical,163,9,-0.04920634920634917,0.015716753022452543,3.4444444444444446,-30.333333333333332
chexpert,balanced,guarded,163,9,-0.0761904761904762,0.303223949337939,5.333333333333333,-585.2222222222222
chexpert,balanced,empirical,164,9,-0.10172143974960872,0.011635274465756592,7.222222222222222,-22.444444444444443
chexpert,balanced,guarded,164,9,-0.04538341158059468,0.018777720177409148,3.2222222222222223,-36.22222222222222
chexpert,balanced,empirical,165,9,-0.1030789825970549,0.0184895380513534,8.555555555555555,-35.44444444444444
chexpert,balanced,guarded,165,9,-0.028112449799196804,0.02341621746942562,2.3333333333333335,-44.888888888888886
chexpert,balanced,empirical,166,9,-0.010973936899862837,0.016443749638121737,0.8888888888888888,-31.555555555555557
chexpert,balanced,guarded,166,9,-0.02743484224965705,0.2873024144519715,2.2222222222222223,-551.3333333333334
chexpert,balanced,empirical,167,9,-0.10200364298724957,0.029683112715603657,6.222222222222222,-57.55555555555556
chexpert,balanced,guarded,167,9,-0.08561020036429873,0.32399289439000634,5.222222222222222,-628.2222222222222
chexpert,balanced,empirical,168,9,-0.03555555555555556,0.029841269841269794,2.6666666666666665,-57.44444444444444
chexpert,balanced,guarded,168,9,-0.026666666666666655,0.29373737373737374,2.0,-565.4444444444445
chexpert,balanced,empirical,169,9,-0.018518518518518552,0.017865375749193137,1.3333333333333333,-34.44444444444444
chexpert,balanced,guarded,169,9,0.009259259259259226,0.004437528815122185,-0.6666666666666666,-8.555555555555555
chexpert,balanced,empirical,170,9,-0.07468123861566484,0.016388745630622894,4.555555555555555,-31.77777777777778
chexpert,balanced,guarded,170,9,-0.030965391621129337,0.014669646438599507,1.8888888888888888,-28.444444444444443
chexpert,balanced,empirical,171,9,-0.14478114478114476,0.027806503504538664,9.555555555555555,-53.77777777777778
chexpert,balanced,guarded,171,9,-0.062289562289562284,0.3008158106400091,4.111111111111111,-581.7777777777778
chexpert,balanced,empirical,172,9,-0.10734463276836159,0.027648978189936477,6.333333333333333,-53.666666666666664
chexpert,balanced,guarded,172,9,-0.08474576271186442,0.04917282042475243,5.0,-95.44444444444444
chexpert,balanced,empirical,173,9,-0.06076388888888889,0.01750459136822771,3.888888888888889,-33.888888888888886
chexpert,balanced,guarded,173,9,-0.06944444444444445,0.034033516988062465,4.444444444444445,-65.88888888888889
chexpert,balanced,empirical,174,9,-0.05664488017429195,0.021834559033122394,2.888888888888889,-42.55555555555556
chexpert,balanced,guarded,174,9,-0.06971677559912853,0.029758850692662906,3.5555555555555554,-58.0
chexpert,balanced,empirical,175,9,-0.06641123882503192,0.010512865191380616,5.777777777777778,-20.11111111111111
chexpert,balanced,guarded,175,9,-0.0459770114942529,0.03206133472730439,4.0,-61.333333333333336
chexpert,balanced,empirical,176,9,-0.06782106782106782,0.0068758305887791265,5.222222222222222,-13.222222222222221
chexpert,balanced,guarded,176,9,-0.0865800865800866,0.03900156006240252,6.666666666666667,-75.0
chexpert,balanced,empirical,177,9,-0.07716049382716045,0.022014753342554132,5.555555555555555,-42.44444444444444
chexpert,balanced,guarded,177,9,-0.07098765432098764,0.2862494236975565,5.111111111111111,-551.8888888888889
chexpert,balanced,empirical,178,9,-0.05873015873015877,0.027058146229130706,4.111111111111111,-52.22222222222222
chexpert,balanced,guarded,178,9,-0.10793650793650796,0.29441565918249857,7.555555555555555,-568.2222222222222
chexpert,balanced,empirical,179,9,-0.06543209876543207,0.02961023851076208,5.888888888888889,-56.55555555555556
chexpert,balanced,guarded,179,9,-0.04567901234567901,0.3062245491564863,4.111111111111111,-584.8888888888889
chexpert,balanced,empirical,180,9,-0.12050078247261349,0.013593686999596781,8.555555555555555,-26.22222222222222
chexpert,balanced,guarded,180,9,-0.06729264475743352,0.024883359253499222,4.777777777777778,-48.0
chexpert,balanced,empirical,181,9,0.005464480874316934,0.006360667010486518,-0.3333333333333333,-12.333333333333334
chexpert,balanced,guarded,181,9,0.018214936247723117,0.011747177812159762,-1.1111111111111112,-22.77777777777778
chexpert,balanced,empirical,182,9,-0.01666666666666668,0.016151202749140874,1.0,-31.333333333333332
chexpert,balanced,guarded,182,9,-0.014814814814814824,0.01340206185567013,0.8888888888888888,-26.0
chexpert,balanced,empirical,183,9,-0.03763440860215055,0.028379772961816277,2.3333333333333335,-55.0
chexpert,balanced,guarded,183,9,-0.02508960573476704,0.029469097580552654,1.5555555555555556,-57.111111111111114
chexpert,balanced,empirical,184,9,-0.09546165884194052,0.030988998329589297,6.777777777777778,-59.77777777777778
chexpert,balanced,guarded,184,9,-0.09546165884194052,0.3048211508553655,6.777777777777778,-588.0
chexpert,balanced,empirical,185,9,-0.008291873963515741,0.024716905213542566,0.5555555555555556,-47.77777777777778
chexpert,balanced,guarded,185,9,-0.05804311774461027,0.29884462838420417,3.888888888888889,-577.6666666666666
chexpert,balanced,empirical,186,9,-0.02020202020202026,0.01861427094105476,1.3333333333333333,-36.0
chexpert,balanced,guarded,186,9,-0.09595959595959597,0.2796736757439963,6.333333333333333,-540.8888888888889
chexpert,balanced,empirical,187,9,-0.022522522522522563,0.005769008884273674,1.6666666666666667,-11.11111111111111
chexpert,balanced,guarded,187,9,-0.010510510510510563,0.011364947502019144,0.7777777777777778,-21.88888888888889
chexpert,balanced,empirical,188,9,-0.11267605633802817,0.027475375842405423,8.0,-53.0
chexpert,balanced,guarded,188,9,-0.0923317683881064,0.3137492079949311,6.555555555555555,-605.2222222222222
chexpert,balanced,empirical,189,9,-0.06906906906906911,0.02803738317757006,5.111111111111111,-54.0
chexpert,balanced,guarded,189,9,-0.009009009009009052,0.01407638167762779,0.6666666666666666,-27.11111111111111
chexpert,balanced,empirical,190,9,-0.037037037037037014,0.03146611341632092,2.6666666666666665,-60.666666666666664
chexpert,balanced,guarded,190,9,-0.035493827160493825,0.3007146150299677,2.5555555555555554,-579.7777777777778
chexpert,balanced,empirical,191,9,-0.08758169934640525,0.01131418624891208,7.444444444444445,-21.666666666666668
chexpert,balanced,guarded,191,9,-0.05228758169934643,0.02779228314476355,4.444444444444445,-53.22222222222222
chexpert,balanced,empirical,192,9,-0.08675799086757989,0.017989967133713862,6.333333333333333,-34.666666666666664
chexpert,balanced,guarded,192,9,-0.09741248097412479,0.2994868246554806,7.111111111111111,-577.1111111111111
chexpert,balanced,empirical,193,9,0.012519561815336446,0.010598467830194136,-0.8888888888888888,-20.444444444444443
chexpert,balanced,guarded,193,9,-0.0031298904538340994,0.020736132711249338,0.2222222222222222,-40.0
chexpert,balanced,empirical,194,9,-0.0692167577413479,0.037361755773308164,4.222222222222222,-72.44444444444444
chexpert,balanced,guarded,194,9,-0.027322404371584706,0.3018165148129047,1.6666666666666667,-585.2222222222222
chexpert,balanced,empirical,195,9,-0.06464646464646458,0.025078548986003996,3.5555555555555554,-48.77777777777778
chexpert,balanced,guarded,195,9,-0.02222222222222224,0.022793487574978552,1.2222222222222223,-44.333333333333336
chexpert,balanced,empirical,196,9,-0.044834307992202733,0.022874135071767585,2.5555555555555554,-44.44444444444444
chexpert,balanced,guarded,196,9,-0.02729044834307992,0.04792131297535312,1.5555555555555556,-93.11111111111111
chexpert,balanced,empirical,197,9,-0.03912363067292643,0.02211854155866598,2.7777777777777777,-42.666666666666664
chexpert,balanced,guarded,197,9,-0.054773082942097005,0.29618109555901156,3.888888888888889,-571.3333333333334
chexpert,balanced,empirical,198,9,-0.1298904538341158,0.03398421749899199,9.222222222222221,-65.55555555555556
chexpert,balanced,guarded,198,9,-0.081377151799687,0.28218420597891825,5.777777777777778,-544.3333333333334
chexpert,balanced,empirical,199,9,-0.07131011608623547,0.00959935621084096,4.777777777777778,-18.555555555555557
chexpert,balanced,guarded,199,9,-0.06301824212271973,0.02943036155659018,4.222222222222222,-56.888888888888886
chexpert,balanced,empirical,200,9,-0.10620915032679737,0.02990568207959511,7.222222222222222,-57.77777777777778
chexpert,balanced,guarded,200,9,-0.03431372549019608,0.03439153439153439,2.3333333333333335,-66.44444444444444
chexpert,balanced,empirical,201,9,-0.06878306878306874,0.030402110939023713,4.333333333333333,-58.888888888888886
chexpert,balanced,guarded,201,9,-0.05114638447971784,0.2935811392187231,3.2222222222222223,-568.6666666666666
chexpert,balanced,empirical,202,9,-0.10085470085470088,0.025322997416020707,6.555555555555555,-49.0
chexpert,balanced,guarded,202,9,-0.08547008547008549,0.03916164226241747,5.555555555555555,-75.77777777777777
chexpert,balanced,empirical,203,9,-0.11244979919678712,0.02544485017098472,9.333333333333334,-48.77777777777778
chexpert,balanced,guarded,203,9,-0.03480589022757695,0.01193995247203382,2.888888888888889,-22.88888888888889
chexpert,balanced,empirical,204,9,0.004884004884004891,0.002095337873232054,-0.4444444444444444,-4.0
chexpert,balanced,guarded,204,9,-0.028083028083028108,0.006460625109132183,2.5555555555555554,-12.333333333333334
chexpert,balanced,empirical,205,9,-0.06193078324225865,0.0010314595152140444,3.7777777777777777,-2.0
chexpert,balanced,guarded,205,9,-0.04189435336976319,0.010371898458541029,2.5555555555555554,-20.11111111111111
chexpert,balanced,empirical,206,9,-0.003642987249544643,0.009798865394533304,0.2222222222222222,-19.0
chexpert,balanced,guarded,206,9,-0.07103825136612023,0.31029740416022006,4.333333333333333,-601.6666666666666
chexpert,balanced,empirical,207,9,-0.07103825136612017,0.02085840352988365,4.333333333333333,-40.44444444444444
chexpert,balanced,guarded,207,9,-0.0364298724954463,0.004469657899260793,2.2222222222222223,-8.666666666666666
chexpert,balanced,empirical,208,9,-0.009845288326301,0.008444675805425406,0.7777777777777778,-16.22222222222222
chexpert,balanced,guarded,208,9,-0.05344585091420537,0.03620799352189255,4.222222222222222,-69.55555555555556
chexpert,balanced,empirical,209,9,-0.09500805152979065,0.024684964612463316,6.555555555555555,-47.666666666666664
chexpert,balanced,guarded,209,9,0.0016103059581320522,0.004142931123770066,-0.1111111111111111,-8.0
chexpert,balanced,empirical,210,9,-0.06799336650082921,0.027016152210151176,4.555555555555555,-52.22222222222222
chexpert,balanced,guarded,210,9,-0.06965174129353234,0.31476691383571886,4.666666666666667,-608.4444444444445
chexpert,balanced,empirical,211,9,-0.0746031746031746,0.019573978123200955,5.222222222222222,-37.77777777777778
chexpert,balanced,guarded,211,9,-0.09682539682539683,0.30189982728842835,6.777777777777778,-582.6666666666666
chexpert,balanced,empirical,212,9,-0.05392156862745104,0.02409707844490452,3.6666666666666665,-46.55555555555556
chexpert,balanced,guarded,212,9,-0.08496732026143791,0.282263630089717,5.777777777777778,-545.3333333333334
chexpert,balanced,empirical,213,9,-0.08373590982286633,0.03849473502503024,5.777777777777778,-74.33333333333333
chexpert,balanced,guarded,213,9,-0.016103059581320425,0.026871511594453064,1.1111111111111112,-51.888888888888886
chexpert,balanced,empirical,214,9,-0.0954861111111111,0.03839531680440773,6.111111111111111,-74.33333333333333
chexpert,balanced,guarded,214,9,-0.019097222222222224,0.01572543617998164,1.2222222222222223,-30.444444444444443
chexpert,balanced,empirical,215,9,-0.020833333333333332,0.022210743801652874,1.3333333333333333,-43.0
chexpert,balanced,guarded,215,9,-0.034722222222222224,0.033976124885215765,2.2222222222222223,-65.77777777777777
chexpert,balanced,empirical,216,9,-0.06368563685636858,0.01419302514193024,5.222222222222222,-27.22222222222222
chexpert,balanced,guarded,216,9,-0.06639566395663957,0.31595411887382685,5.444444444444445,-606.0
chexpert,balanced,empirical,217,9,-0.051409618573797666,0.028970512157268487,3.4444444444444446,-56.0
chexpert,balanced,guarded,217,9,-0.03150912106135985,0.2882106110248894,2.111111111111111,-557.1111111111111
chexpert,balanced,empirical,218,9,-0.12740740740740744,0.030187590187590183,9.555555555555555,-58.111111111111114
chexpert,balanced,guarded,218,9,-0.07851851851851852,0.3058008658008658,5.888888888888889,-588.6666666666666
chexpert,balanced,empirical,219,9,-0.12544802867383512,0.03273707143676182,7.777777777777778,-63.44444444444444
chexpert,balanced,guarded,219,9,-0.0842293906810036,0.3211214310285518,5.222222222222222,-622.3333333333334
chexpert,balanced,empirical,220,9,-0.07936507936507939,0.02176165803108807,5.555555555555555,-42.0
chexpert,balanced,guarded,220,9,-0.06190476190476191,0.016925734024179614,4.333333333333333,-32.666666666666664
chexpert,balanced,empirical,221,9,-0.09166666666666669,0.03593749999999997,7.333333333333333,-69.0
chexpert,balanced,guarded,221,9,-0.011111111111111134,0.01249999999999998,0.8888888888888888,-24.0
chexpert,balanced,empirical,222,9,-0.1064814814814815,0.023397879207007817,7.666666666666667,-45.111111111111114
chexpert,balanced,guarded,222,9,-0.09104938271604938,0.3008875057630244,6.555555555555555,-580.1111111111111
chexpert,balanced,empirical,223,9,-0.08513708513708512,0.043739527358872175,6.555555555555555,-84.11111111111111
chexpert,balanced,guarded,223,9,-0.06782106782106784,0.2878026232160398,5.222222222222222,-553.4444444444445
chexpert,balanced,empirical,224,9,-0.023217247097844118,0.02419957463930564,1.5555555555555556,-46.77777777777778
chexpert,balanced,guarded,224,9,-0.02653399668325042,0.2947634649652239,1.7777777777777777,-569.7777777777778
chexpert,balanced,empirical,225,9,-0.08750000000000002,0.03211805555555553,7.0,-61.666666666666664
chexpert,balanced,guarded,225,9,-0.06666666666666668,0.3032407407407407,5.333333333333333,-582.2222222222222
chexpert,balanced,empirical,226,9,-0.031746031746031717,0.018565977561364515,1.5555555555555556,-36.22222222222222
chexpert,balanced,guarded,226,0,,,,
chexpert,balanced,empirical,227,9,0.002583979328165379,0.00592128178335073,-0.2222222222222222,-11.333333333333334
chexpert,balanced,guarded,227,9,-0.041343669250645955,0.026471612678509233,3.5555555555555554,-50.666666666666664
chexpert,balanced,empirical,228,9,-0.09500805152979071,0.023361528281258974,6.555555555555555,-45.111111111111114
chexpert,balanced,guarded,228,9,-0.02898550724637683,0.02951838425686178,2.0,-57.0
chexpert,balanced,empirical,229,9,-0.02222222222222224,0.030166954519286145,1.5555555555555556,-58.22222222222222
chexpert,balanced,guarded,229,9,-0.039682539682539715,0.03845710995970064,2.7777777777777777,-74.22222222222223
chexpert,balanced,empirical,230,9,-0.12942612942612944,0.042896222571445236,11.777777777777779,-81.88888888888889
chexpert,balanced,guarded,230,9,-0.09523809523809522,0.29718875502008035,8.666666666666666,-567.3333333333334
chexpert,balanced,empirical,231,9,0.005050505050505009,0.005974951166264502,-0.3333333333333333,-11.555555555555555
chexpert,balanced,guarded,231,9,-0.06734006734006735,0.3018499368034011,4.444444444444445,-583.7777777777778
chexpert,balanced,empirical,232,9,-0.06527777777777777,0.00827546296296295,5.222222222222222,-15.88888888888889
chexpert,balanced,guarded,232,9,-0.06527777777777775,0.03177083333333335,5.222222222222222,-61.0
chexpert,balanced,empirical,233,9,-0.11952861952861957,0.02493393082844992,7.888888888888889,-48.22222222222222
chexpert,balanced,guarded,233,9,-0.09090909090909091,0.3091462714006664,6.0,-597.8888888888889
chexpert,balanced,empirical,234,9,-0.09941520467836261,0.026565026565026573,7.555555555555555,-51.111111111111114
chexpert,balanced,guarded,234,9,-0.09210526315789472,0.30734580734580735,7.0,-591.3333333333334
chexpert,balanced,empirical,235,9,-0.03656821378340366,0.022152813927931017,2.888888888888889,-42.55555555555556
chexpert,balanced,guarded,235,9,-0.061884669479606184,0.313147087743652,4.888888888888889,-601.5555555555555
chexpert,balanced,empirical,236,9,-0.12835249042145597,0.02122668497539764,7.444444444444445,-41.22222222222222
chexpert,balanced,guarded,236,9,-0.08045977011494256,0.2925391921272456,4.666666666666667,-568.1111111111111
chexpert,balanced,empirical,237,9,-0.11587301587301585,0.033966609096142825,8.11111111111111,-65.55555555555556
chexpert,balanced,guarded,237,9,-0.03492063492063491,0.3009211283822683,2.4444444444444446,-580.7777777777778
chexpert,balanced,empirical,238,9,-0.05381944444444445,0.31341827364554636,3.4444444444444446,-606.7777777777778
chexpert,balanced,guarded,238,9,-0.03125,0.29436409550045917,2.0,-569.8888888888889
chexpert,balanced,empirical,239,9,-0.044444444444444474,0.021992535170829726,2.888888888888889,-42.55555555555556
chexpert,balanced,guarded,239,9,-0.03931623931623935,0.018776916451335057,2.5555555555555554,-36.333333333333336
chexpert,balanced,empirical,240,9,-0.06370370370370365,0.027532467532467558,4.777777777777778,-53.0
chexpert,balanced,guarded,240,9,-0.04296296296296298,0.29483405483405484,3.2222222222222223,-567.5555555555555
chexpert,balanced,empirical,241,9,0.028148148148148207,0.008831168831168856,-2.111111111111111,-17.0
chexpert,balanced,guarded,241,9,0.0029629629629630066,0.0010966810966811142,-0.2222222222222222,-2.111111111111111
chexpert,balanced,empirical,242,9,-0.21308980213089798,0.01873954909761861,15.555555555555555,-36.111111111111114
chexpert,balanced,guarded,242,9,-0.0715372907153729,0.017471025774087545,5.222222222222222,-33.666666666666664
chexpert,balanced,empirical,243,9,-0.034722222222222224,0.018939393939393936,2.2222222222222223,-36.666666666666664
chexpert,balanced,guarded,243,9,-0.013888888888888888,0.0035009182736455394,0.8888888888888888,-6.777777777777778
chexpert,balanced,empirical,244,9,-0.07703703703703706,0.023376623376623322,5.777777777777778,-45.0
chexpert,balanced,guarded,244,9,-0.12148148148148147,0.30176046176046184,9.11111111111111,-580.8888888888889
chexpert,balanced,empirical,245,9,-0.04873294346978559,0.026190884657173882,2.7777777777777777,-50.888888888888886
chexpert,balanced,guarded,245,9,-0.1111111111111111,0.3109738663006805,6.333333333333333,-604.2222222222222
chexpert,balanced,empirical,246,9,0.014905149051490528,0.006198586490557255,-1.2222222222222223,-11.88888888888889
chexpert,balanced,guarded,246,9,0.009485094850948493,0.0014482678716255155,-0.7777777777777778,-2.7777777777777777
chexpert,balanced,empirical,247,9,-0.001658374792703131,0.00425360694372592,0.1111111111111111,-8.222222222222221
chexpert,balanced,guarded,247,9,-0.04809286898839138,0.3210898430763925,3.2222222222222223,-620.6666666666666
chexpert,balanced,empirical,248,9,-0.03561253561253566,0.04197016996184533,2.7777777777777777,-80.66666666666667
chexpert,balanced,guarded,248,9,-0.02279202279202281,0.29587235518557065,1.7777777777777777,-568.6666666666666
chexpert,balanced,empirical,249,9,0.01408450704225349,0.009158458614135112,-1.0,-17.666666666666668
chexpert,balanced,guarded,249,9,-0.03442879499217525,0.314843614999136,2.4444444444444446,-607.3333333333334
chexpert,balanced,empirical,250,9,0.003003003003003034,0.014191761855313258,-0.2222222222222222,-27.333333333333332
chexpert,balanced,guarded,250,9,-0.04804804804804805,0.2686050536517826,3.5555555555555554,-517.3333333333334
chexpert,balanced,empirical,251,9,-0.11111111111111116,0.023382741583362017,7.333333333333333,-45.22222222222222
chexpert,balanced,guarded,251,9,-0.015151515151515187,0.001838446512696749,1.0,-3.5555555555555554
chexpert,balanced,empirical,252,9,-0.0854700854700855,0.031122595463680767,5.555555555555555,-60.22222222222222
chexpert,balanced,guarded,252,9,-0.056410256410256446,0.03554407120298592,3.6666666666666665,-68.77777777777777
chexpert,balanced,empirical,253,9,-0.05320813771517999,0.01520649732158282,3.7777777777777777,-29.333333333333332
chexpert,balanced,guarded,253,9,-0.06103286384976528,0.02776337768561722,4.333333333333333,-53.55555555555556
chexpert,balanced,empirical,254,9,-0.09214092140921408,0.029892248870351062,7.555555555555555,-57.333333333333336
chexpert,balanced,guarded,254,9,-0.01761517615176152,0.012455103695979637,1.4444444444444444,-23.88888888888889
chexpert,balanced,empirical,255,9,-0.11746031746031743,0.04576856649395512,8.222222222222221,-88.33333333333333
chexpert,balanced,guarded,255,9,-0.06666666666666665,0.30230282095567074,4.666666666666667,-583.4444444444445
chexpert,balanced,empirical,256,9,-0.027027027027027035,0.01869158878504673,2.0,-36.0
chexpert,balanced,guarded,256,9,-0.07507507507507509,0.28412368755047884,5.555555555555555,-547.2222222222222
chexpert,balanced,empirical,257,9,0.0045045045045044585,0.017480096919349278,-0.3333333333333333,-33.666666666666664
chexpert,balanced,guarded,257,9,-0.02702702702702702,0.28389292719510784,2.0,-546.7777777777778
chexpert,balanced,empirical,258,9,-0.08922558922558921,0.029300241296104756,5.888888888888889,-56.666666666666664
chexpert,balanced,guarded,258,9,-0.018518518518518552,0.006721820062047567,1.2222222222222223,-13.0
chexpert,balanced,empirical,259,9,-0.09444444444444444,0.020733104238258852,5.666666666666667,-40.22222222222222
chexpert,balanced,guarded,259,9,-0.10555555555555557,0.03608247422680414,6.333333333333333,-70.0
chexpert,balanced,empirical,260,9,-0.13082437275985664,0.02493980048159615,8.11111111111111,-48.333333333333336
chexpert,balanced,guarded,260,9,-0.08602150537634408,0.3068455452356381,5.333333333333333,-594.6666666666666
chexpert,balanced,empirical,261,9,-0.11703703703703708,0.013737373737373739,8.777777777777779,-26.444444444444443
chexpert,balanced,guarded,261,9,-0.07851851851851853,0.02106782106782106,5.888888888888889,-40.55555555555556
chexpert,balanced,empirical,262,9,-0.07131011608623548,0.024314536989136055,4.777777777777778,-47.0
chexpert,balanced,guarded,262,9,-0.08789386401326699,0.2980973731103064,5.888888888888889,-576.2222222222222
chexpert,balanced,empirical,263,9,-0.11877394636015325,0.023343631994507383,6.888888888888889,-45.333333333333336
chexpert,balanced,guarded,263,9,-0.10153256704980843,0.3077011099668154,5.888888888888889,-597.5555555555555
chexpert,balanced,empirical,264,9,-0.0251851851851852,0.021933621933621902,1.8888888888888888,-42.22222222222222
chexpert,balanced,guarded,264,9,-0.07999999999999999,0.29258297258297256,6.0,-563.2222222222222
chexpert,balanced,empirical,265,9,-0.12939521800281295,0.04204985829139918,10.222222222222221,-80.77777777777777
chexpert,balanced,guarded,265,9,-0.08016877637130801,0.3180635085892764,6.333333333333333,-611.0
chexpert,balanced,empirical,266,9,-0.07122507122507127,0.04624812117007751,5.555555555555555,-88.88888888888889
chexpert,balanced,guarded,266,9,-0.03418803418803419,0.3104983235056076,2.6666666666666665,-596.7777777777778
chexpert,balanced,empirical,267,9,-0.022222222222222206,0.010678210678210683,1.6666666666666667,-20.555555555555557
chexpert,balanced,guarded,267,9,-0.07703703703703706,0.042597402597402634,5.777777777777778,-82.0
chexpert,balanced,empirical,268,9,-0.016877637130801742,0.009601480710278233,1.3333333333333333,-18.444444444444443
chexpert,balanced,guarded,268,9,-0.04500703234880447,0.0323905373358783,3.5555555555555554,-62.22222222222222
chexpert,balanced,empirical,269,9,-0.16984126984126982,0.027979274611398954,11.88888888888889,-54.0
chexpert,balanced,guarded,269,9,-0.08095238095238096,0.303454231433506,5.666666666666667,-585.6666666666666
chexpert,balanced,empirical,270,9,-0.08781362007168461,0.03480105492489395,5.444444444444445,-67.44444444444444
chexpert,balanced,guarded,270,9,-0.08064516129032258,0.29205366357069146,5.0,-566.0
chexpert,balanced,empirical,271,9,-0.08369408369408367,0.04327728664702145,6.444444444444445,-83.22222222222223
chexpert,balanced,guarded,271,9,-0.04906204906204908,0.3122436008551453,3.7777777777777777,-600.4444444444445
chexpert,balanced,empirical,272,9,-0.05646630236794167,0.01684717208182915,3.4444444444444446,-32.666666666666664
chexpert,balanced,guarded,272,9,-0.034608378870673966,0.016388745630622932,2.111111111111111,-31.77777777777778
chexpert,balanced,empirical,273,9,-0.024353120243531163,0.017759326529435498,1.7777777777777777,-34.22222222222222
chexpert,balanced,guarded,273,9,2.4671622769447922e-17,0.009456264775413713,0.0,-18.22222222222222
chexpert,balanced,empirical,274,9,-0.04938271604938273,0.018326417704011024,3.5555555555555554,-35.333333333333336
chexpert,balanced,guarded,274,9,-0.10030864197530864,0.27345550945136005,7.222222222222222,-527.2222222222222
chexpert,balanced,empirical,275,9,-0.05698005698005694,0.025031795583304435,4.444444444444445,-48.111111111111114
chexpert,balanced,guarded,275,9,-0.0128205128205128,0.007284079084287175,1.0,-14.0
chexpert,balanced,empirical,276,9,-0.09999999999999995,0.03058419243986253,6.0,-59.333333333333336
chexpert,balanced,guarded,276,9,-0.02592592592592592,0.029610538373424953,1.5555555555555556,-57.44444444444444
chexpert,balanced,empirical,277,9,-0.028248587570621455,0.020836911099662275,1.6666666666666667,-40.44444444444444
chexpert,balanced,guarded,277,9,-0.043314500941619594,0.2792375064399793,2.5555555555555554,-542.0
chexpert,balanced,empirical,278,9,-0.0917107583774251,0.026730912636952906,5.777777777777778,-51.77777777777778
chexpert,balanced,guarded,278,9,-0.04232804232804235,0.01416853094705444,2.6666666666666665,-27.444444444444443
chexpert,balanced,empirical,279,9,-0.07676767676767676,0.027077977720651274,4.222222222222222,-52.666666666666664
chexpert,balanced,guarded,279,9,-0.0606060606060606,0.27963439017423597,3.3333333333333335,-543.8888888888889
chexpert,balanced,empirical,280,9,-0.13935969868173256,0.029652527334134753,8.222222222222221,-57.55555555555556
chexpert,balanced,guarded,280,9,-0.07532956685499054,0.03526246493788998,4.444444444444445,-68.44444444444444
chexpert,balanced,empirical,281,9,-0.04360056258790437,0.01752559430851988,3.4444444444444446,-33.666666666666664
chexpert,balanced,guarded,281,9,-0.02531645569620253,0.02845740065937879,2.0,-54.666666666666664
chexpert,balanced,empirical,282,9,0.007610350076103506,0.010782448250014422,-0.5555555555555556,-20.77777777777778
chexpert,balanced,guarded,282,9,0.009132420091324213,0.009744565530761676,-0.6666666666666666,-18.77777777777778
chexpert,balanced,empirical,283,9,-0.005128205128205134,0.010048808498420924,0.3333333333333333,-19.444444444444443
chexpert,balanced,guarded,283,9,-0.06837606837606838,0.28946310651737006,4.444444444444445,-560.1111111111111
chexpert,balanced,empirical,284,9,-0.06388888888888887,0.01909722222222221,5.111111111111111,-36.666666666666664
chexpert,balanced,guarded,284,9,0.008333333333333328,0.0016203703703704015,-0.6666666666666666,-3.111111111111111
chexpert,balanced,empirical,285,9,-0.06578947368421054,0.02610302610302611,5.0,-50.22222222222222
chexpert,balanced,guarded,285,9,-0.021929824561403466,0.01767151767151767,1.6666666666666667,-34.0
chexpert,balanced,empirical,286,9,-0.12204007285974496,0.02458311844593433,7.444444444444445,-47.666666666666664
chexpert,balanced,guarded,286,9,-0.05646630236794169,0.011059538135350409,3.4444444444444446,-21.444444444444443
chexpert,balanced,empirical,287,9,0.0720164609053498,0.0028548589699669063,-3.888888888888889,-5.555555555555555
chexpert,balanced,guarded,287,9,0.022633744855967093,0.007022953066118529,-1.2222222222222223,-13.666666666666666
chexpert,balanced,empirical,288,9,0.005208333333333333,0.013487144168962387,-0.3333333333333333,-26.11111111111111
chexpert,balanced,guarded,288,9,-0.059027777777777776,0.31169651056014697,3.7777777777777777,-603.4444444444445
chexpert,balanced,empirical,289,9,-0.0720164609053498,0.023181454836131085,3.888888888888889,-45.111111111111114
chexpert,balanced,guarded,289,9,-0.04320987654320991,0.03391572456320654,2.3333333333333335,-66.0
chexpert,balanced,empirical,290,9,-0.023611111111111152,0.020601851851851878,1.8888888888888888,-39.55555555555556
chexpert,balanced,guarded,290,9,-0.051388888888888894,0.29421296296296295,4.111111111111111,-564.8888888888889
chexpert,balanced,empirical,291,9,-0.13162393162393157,0.015446454206144112,8.555555555555555,-29.88888888888889
chexpert,balanced,guarded,291,9,-0.029059829059829054,0.01912144702842379,1.8888888888888888,-37.0
chexpert,balanced,empirical,292,9,-0.0875,0.030555555555555534,7.0,-58.666666666666664
chexpert,balanced,guarded,292,9,-0.026388888888888882,0.022627314814814788,2.111111111111111,-43.44444444444444
chexpert,balanced,empirical,293,9,0.009259259259259288,0.006108805901337024,-0.6666666666666666,-11.777777777777779
chexpert,balanced,guarded,293,9,-0.04629629629629633,0.02097740894421396,3.3333333333333335,-40.44444444444444
chexpert,balanced,empirical,294,9,0.00938967136150236,0.011116871147975351,-0.6666666666666666,-21.444444444444443
chexpert,balanced,guarded,294,9,-0.051643192488262914,0.040262657681009215,3.6666666666666665,-77.66666666666667
chexpert,balanced,empirical,295,9,-0.0493827160493827,0.021855102392015158,3.111111111111111,-42.333333333333336
chexpert,balanced,guarded,295,9,-0.040564373897707236,0.29822749956978145,2.5555555555555554,-577.6666666666666
chexpert,balanced,empirical,296,9,-0.08695652173913043,0.010414868519477531,6.0,-20.11111111111111
chexpert,balanced,guarded,296,9,-0.06119162640901773,0.016974509465446812,4.222222222222222,-32.77777777777778
chexpert,balanced,empirical,297,9,-0.10317460317460317,0.02204951065054692,7.222222222222222,-42.55555555555556
chexpert,balanced,guarded,297,9,-0.073015873015873,0.29861830742659756,5.111111111111111,-576.3333333333334
chexpert,balanced,empirical,298,9,-0.1495726495726496,0.054341542374841026,11.666666666666666,-104.44444444444444
chexpert,balanced,guarded,298,9,-0.0527065527065527,0.31651057925771764,4.111111111111111,-608.3333333333334
chexpert,balanced,empirical,299,9,-0.04563492063492062,0.01846136259716506,2.5555555555555554,-35.888888888888886
chexpert,balanced,guarded,299,9,-0.05158730158730159,0.30081161408321905,2.888888888888889,-584.7777777777778
chexpert,balanced,empirical,300,9,-0.030769230769230747,0.023542922767728982,2.0,-45.55555555555556
chexpert,balanced,guarded,300,9,-0.02051282051282049,0.29824863623313236,1.3333333333333333,-577.1111111111111
chexpert,balanced,empirical,301,9,0.024691358024691357,0.018956263560580087,-1.3333333333333333,-36.888888888888886
chexpert,balanced,guarded,301,9,-0.012345679012345671,0.020897567660157563,0.6666666666666666,-40.666666666666664
chexpert,balanced,empirical,302,9,-0.053968253968254026,0.027806563039723644,3.7777777777777777,-53.666666666666664
chexpert,balanced,guarded,302,0,,,,
chexpert,balanced,empirical,303,9,-0.0478632478632479,0.006546080964685613,3.111111111111111,-12.666666666666666
chexpert,balanced,guarded,303,9,-0.09059829059829061,0.3290841228825725,5.888888888888889,-636.7777777777778
chexpert,balanced,empirical,304,9,-0.02188552188552189,0.006319659887395135,1.4444444444444444,-12.222222222222221
chexpert,balanced,guarded,304,9,-0.057239057239057235,0.30575663564288175,3.7777777777777777,-591.3333333333334
chexpert,balanced,empirical,305,9,0.001984126984126977,0.011031092821216245,-0.1111111111111111,-21.444444444444443
chexpert,balanced,guarded,305,9,-0.025793650793650813,0.02543438500228623,1.4444444444444444,-49.44444444444444
chexpert,balanced,empirical,306,9,-0.026722925457102704,0.011047486841344205,2.111111111111111,-21.22222222222222
chexpert,balanced,guarded,306,9,-0.11392405063291139,0.04303314246052402,9.0,-82.66666666666667
chexpert,balanced,empirical,307,9,-0.08112874779541447,0.03871966959215283,5.111111111111111,-75.0
chexpert,balanced,guarded,307,9,-0.06349206349206356,0.043423392416681014,4.0,-84.11111111111111
chexpert,balanced,empirical,308,9,-0.11685823754789272,0.0322119235610482,6.777777777777778,-62.55555555555556
chexpert,balanced,guarded,308,9,-0.051724137931034475,0.0489758553610253,3.0,-95.11111111111111
chexpert,balanced,empirical,309,9,-0.026388888888888906,0.01359953703703698,2.111111111111111,-26.11111111111111
chexpert,balanced,guarded,309,9,-0.09722222222222222,0.28049768518518525,7.777777777777778,-538.5555555555555
chexpert,balanced,empirical,310,9,-0.09214092140921408,0.035279805352798004,7.555555555555555,-67.66666666666667
chexpert,balanced,guarded,310,9,-0.07723577235772355,0.28895840574672693,6.333333333333333,-554.2222222222222
chexpert,balanced,empirical,311,9,0.008230452674897144,0.01349082276648719,-0.6666666666666666,-25.88888888888889
chexpert,balanced,guarded,311,9,-0.10013717421124829,0.29702970297029707,8.11111111111111,-570.0
chexpert,balanced,empirical,312,9,-0.06313131313131312,0.02033937703393771,5.555555555555555,-38.888888888888886
chexpert,balanced,guarded,312,9,-0.07828282828282827,0.04166666666666663,6.888888888888889,-79.66666666666667
chexpert,balanced,empirical,313,9,-0.09047619047619046,0.025734024179620046,6.333333333333333,-49.666666666666664
chexpert,balanced,guarded,313,9,-0.11904761904761901,0.3016119746689695,8.333333333333334,-582.1111111111111
chexpert,balanced,empirical,314,9,-0.09259259259259259,0.027720504009163777,5.555555555555555,-53.77777777777778
chexpert,balanced,guarded,314,9,-0.04629629629629631,0.31145475372279496,2.7777777777777777,-604.2222222222222
chexpert,balanced,empirical,315,9,-0.1333333333333333,0.02571592210767468,8.0,-49.888888888888886
chexpert,balanced,guarded,315,9,-0.10370370370370369,0.2793814432989691,6.222222222222222,-542.0
chexpert,balanced,empirical,316,9,-0.039886039886039906,0.027806682853509068,3.111111111111111,-53.44444444444444
chexpert,balanced,guarded,316,9,-0.055555555555555566,0.2897444791305353,4.333333333333333,-556.8888888888889
chexpert,balanced,empirical,317,9,-0.07909604519774009,0.023241170072700188,4.666666666666667,-45.111111111111114
chexpert,balanced,guarded,317,9,-0.0659133709981168,0.03257198465853803,3.888888888888889,-63.22222222222222
chexpert,balanced,empirical,318,9,-0.016260162601626018,0.008110300081102991,1.3333333333333333,-15.555555555555555
chexpert,balanced,guarded,318,9,-0.028455284552845492,0.01998609662843244,2.3333333333333335,-38.333333333333336
chexpert,balanced,empirical,319,9,-0.09756097560975609,0.00764685436218282,8.0,-14.666666666666666
chexpert,balanced,guarded,319,9,-0.05826558265582657,0.009790290812188641,4.777777777777778,-18.77777777777778
chexpert,balanced,empirical,320,9,0.02160493827160491,0.00933609958506222,-1.5555555555555556,-18.0
chexpert,balanced,guarded,320,9,-0.02006172839506173,0.29062932226832644,1.4444444444444444,-560.3333333333334
chexpert,balanced,empirical,321,9,-0.1219135802469136,0.036710465652374374,8.777777777777779,-70.77777777777777
chexpert,balanced,guarded,321,9,-0.08179012345679013,0.04529737206085754,5.888888888888889,-87.33333333333333
chexpert,balanced,empirical,322,9,-0.15656565656565657,0.02686889343331062,6.888888888888889,-52.55555555555556
chexpert,balanced,guarded,322,9,-0.08333333333333331,0.2753351511020223,3.6666666666666665,-538.5555555555555
chexpert,balanced,empirical,323,9,-0.05396825396825397,0.030109383995394336,3.7777777777777777,-58.111111111111114
chexpert,balanced,guarded,323,9,-0.05238095238095238,0.31341393206678175,3.6666666666666665,-604.8888888888889
chexpert,balanced,empirical,324,9,-0.09259259259259259,0.031828105251062784,6.111111111111111,-61.55555555555556
chexpert,balanced,guarded,324,9,-0.03535353535353537,0.029932207284844272,2.3333333333333335,-57.888888888888886
chexpert,balanced,empirical,325,9,-0.07309941520467836,0.029279279279279313,5.555555555555555,-56.333333333333336
chexpert,balanced,guarded,325,9,-0.05116959064327483,0.30341880341880345,3.888888888888889,-583.7777777777778
chexpert,balanced,empirical,326,9,-0.10613598673300165,0.04650227050640918,7.111111111111111,-89.88888888888889
chexpert,balanced,guarded,326,9,-0.03648424543946933,0.3029832729780997,2.4444444444444446,-585.6666666666666
chexpert,balanced,empirical,327,9,-0.057838660578386575,0.018797209248688194,4.222222222222222,-36.22222222222222
chexpert,balanced,guarded,327,9,-0.045662100456621,0.2960272155913048,3.3333333333333335,-570.4444444444445
chexpert,balanced,empirical,328,9,-0.14761904761904762,0.015371329879101872,10.333333333333334,-29.666666666666668
chexpert,balanced,guarded,328,9,-0.07460317460317459,0.03517559009786987,5.222222222222222,-67.88888888888889
chexpert,balanced,empirical,329,9,-0.08695652173913043,0.01357960757235742,6.0,-26.22222222222222
chexpert,balanced,guarded,329,9,-0.01932367149758453,0.3106047528626503,1.3333333333333333,-599.7777777777778
chexpert,balanced,empirical,330,9,-0.048387096774193554,0.027691778465772296,3.0,-53.666666666666664
chexpert,balanced,guarded,330,9,0.026881720430107576,0.012957229675495952,-1.6666666666666667,-25.11111111111111
chexpert,balanced,empirical,331,9,-0.04513888888888889,0.020087235996326905,2.888888888888889,-38.888888888888886
chexpert,balanced,guarded,331,9,-0.012152777777777778,0.02089072543617998,0.7777777777777778,-40.44444444444444
chexpert,balanced,empirical,332,9,-0.1033950617283951,0.022936837252189916,7.444444444444445,-44.22222222222222
chexpert,balanced,guarded,332,9,-0.03858024691358023,0.3005993545412633,2.7777777777777777,-579.5555555555555
chexpert,balanced,empirical,333,9,-0.1127450980392157,0.028295376121463045,7.666666666666667,-54.666666666666664
chexpert,balanced,guarded,333,9,-0.1486928104575164,0.04940188635840813,10.11111111111111,-95.44444444444444
chexpert,balanced,empirical,334,9,-0.08986928104575166,0.021221532091097277,6.111111111111111,-41.0
chexpert,balanced,guarded,334,9,-0.01143790849673201,0.02116402116402115,0.7777777777777778,-40.888888888888886
chexpert,balanced,empirical,335,9,-0.07575757575757575,0.027863954958060377,5.0,-53.888888888888886
chexpert,balanced,guarded,335,9,-0.06565656565656565,0.3001838446512697,4.333333333333333,-580.5555555555555
chexpert,balanced,empirical,336,9,-0.04,0.022279942279942296,3.0,-42.888888888888886
chexpert,balanced,guarded,336,9,-0.05481481481481484,0.29708513708513706,4.111111111111111,-571.8888888888889
chexpert,balanced,empirical,337,9,-0.004761904761904769,0.008520437535981565,0.3333333333333333,-16.444444444444443
chexpert,balanced,guarded,337,9,-0.06190476190476192,0.2860679332181923,4.333333333333333,-552.1111111111111
chexpert,balanced,empirical,338,9,-0.11282051282051281,0.020269882285386176,7.333333333333333,-39.22222222222222
chexpert,balanced,guarded,338,9,-0.04957264957264959,0.0339362618432386,3.2222222222222223,-65.66666666666667
chexpert,balanced,empirical,339,9,-0.027375201288244753,0.005121123194660219,1.8888888888888888,-9.88888888888889
chexpert,balanced,guarded,339,9,-0.07085346215781,0.018125323666494084,4.888888888888889,-35.0
chexpert,balanced,empirical,340,9,0.007824726134585328,0.012096077414895403,-0.5555555555555556,-23.333333333333332
chexpert,balanced,guarded,340,9,-0.048513302034428794,0.3136916076262888,3.4444444444444446,-605.1111111111111
chexpert,balanced,empirical,341,9,-0.14170692431562,0.02341906899131137,9.777777777777779,-45.22222222222222
chexpert,balanced,guarded,341,9,-0.02898550724637679,0.023303987571206625,2.0,-45.0
chexpert,balanced,empirical,342,9,0.03460837887067395,0.012033694344163633,-2.111111111111111,-23.333333333333332
chexpert,balanced,guarded,342,9,-0.0036429872495445936,0.026817947395564756,0.2222222222222222,-52.0
chexpert,balanced,empirical,343,9,-0.046296296296296294,0.02835408022130011,3.3333333333333335,-54.666666666666664
chexpert,balanced,guarded,343,9,-0.04012345679012345,0.295412632549562,2.888888888888889,-569.5555555555555
chexpert,balanced,empirical,344,9,-0.06701940035273365,0.014914243102162557,4.222222222222222,-28.88888888888889
chexpert,balanced,guarded,344,9,-0.07407407407407404,0.04227614294728385,4.666666666666667,-81.88888888888889
chexpert,balanced,empirical,345,9,-0.03858024691358023,0.023224988473951144,2.7777777777777777,-44.77777777777778
chexpert,balanced,guarded,345,9,-0.004629629629629638,0.021668971876440766,0.3333333333333333,-41.77777777777778
chexpert,balanced,empirical,346,9,-0.061111111111111116,0.019907407407407398,4.888888888888889,-38.22222222222222
chexpert,balanced,guarded,346,9,-0.03750000000000001,0.29288194444444443,3.0,-562.3333333333334
chexpert,balanced,empirical,347,9,-0.203125,0.02892561983471076,13.0,-56.0
chexpert,balanced,guarded,347,9,-0.04861111111111111,0.31462350780532594,3.111111111111111,-609.1111111111111
chexpert,balanced,empirical,348,9,-0.09259259259259262,0.025587828492392755,6.666666666666667,-49.333333333333336
chexpert,balanced,guarded,348,9,-0.04012345679012343,0.014292300599354602,2.888888888888889,-27.555555555555557
chexpert,balanced,empirical,349,9,-0.04597701149425285,-0.0030323835679139347,2.6666666666666665,5.888888888888889
chexpert,balanced,guarded,349,9,-0.036398467432950166,0.011786245565854206,2.111111111111111,-22.88888888888889
chexpert,balanced,empirical,350,9,-0.0478395061728395,0.01642461964038728,3.4444444444444446,-31.666666666666668
chexpert,balanced,guarded,350,9,-0.05401234567901239,0.012909174734900879,3.888888888888889,-24.88888888888889
chexpert,balanced,empirical,351,9,-0.10912698412698414,0.02143347050754459,6.111111111111111,-41.666666666666664
chexpert,balanced,guarded,351,9,-0.09722222222222222,0.31235711019661644,5.444444444444445,-607.2222222222222
chexpert,balanced,empirical,352,9,-0.04713804713804718,0.022980581408709583,3.111111111111111,-44.44444444444444
chexpert,balanced,guarded,352,9,-0.037037037037037014,0.289153165575089,2.4444444444444446,-559.2222222222222
chexpert,balanced,empirical,353,9,-0.15009746588693956,0.031337565048321664,8.555555555555555,-60.888888888888886
chexpert,balanced,guarded,353,9,-0.044834307992202733,0.28649854177388917,2.5555555555555554,-556.6666666666666
chexpert,balanced,empirical,354,9,-0.06259780907668235,0.017107309486780728,4.444444444444445,-33.0
chexpert,balanced,guarded,354,9,-0.08607198748043819,0.2892690513219285,6.111111111111111,-558.0
chexpert,balanced,empirical,355,9,-0.06559571619812582,0.023184373732104566,5.444444444444445,-44.44444444444444
chexpert,balanced,guarded,355,9,-0.01204819277108434,0.022836608126122968,1.0,-43.77777777777778
chexpert,balanced,empirical,356,9,-0.06878306878306882,0.021224115183846752,4.333333333333333,-41.111111111111114
chexpert,balanced,guarded,356,9,-0.06525573192239859,0.3099294441576321,4.111111111111111,-600.3333333333334
chexpert,balanced,empirical,357,9,-0.018018018018018007,0.012980269989615816,1.3333333333333333,-25.0
chexpert,balanced,guarded,357,9,-0.04204204204204208,0.034267912772585674,3.111111111111111,-66.0
chexpert,balanced,empirical,358,9,-0.06849315068493154,0.01712506486766992,5.0,-33.0
chexpert,balanced,guarded,358,9,-0.059360730593607296,0.29349016894424257,4.333333333333333,-565.5555555555555
chexpert,balanced,empirical,359,9,-0.07834757834757836,0.02208347785871201,6.111111111111111,-42.44444444444444
chexpert,balanced,guarded,359,9,-0.06410256410256411,0.29673950745750954,5.0,-570.3333333333334
chexpert,balanced,empirical,360,9,-0.034920634920634935,0.019055843408175035,2.4444444444444446,-36.77777777777778
chexpert,balanced,guarded,360,9,-0.0015873015873015693,0.009556706966033402,0.1111111111111111,-18.444444444444443
chexpert,balanced,empirical,361,9,-0.08066971080669715,0.027561552211266795,5.888888888888889,-53.111111111111114
chexpert,balanced,guarded,361,9,-0.1050228310502283,0.304560917949605,7.666666666666667,-586.8888888888889
chexpert,balanced,empirical,362,9,-0.06635802469135804,0.02155371138773623,4.777777777777778,-41.55555555555556
chexpert,balanced,guarded,362,9,-0.0771604938271605,0.29996542185338865,5.555555555555555,-578.3333333333334
chexpert,balanced,empirical,363,9,-0.016129032258064502,0.02046783625730992,1.0,-39.666666666666664
chexpert,balanced,guarded,363,9,-0.05734767025089606,0.30116959064327486,3.5555555555555554,-583.6666666666666
chexpert,balanced,empirical,364,9,-0.05022831050228305,0.017182725018739558,3.6666666666666665,-33.111111111111114
chexpert,balanced,guarded,364,9,-0.06697108066971079,0.31159545638009567,4.888888888888889,-600.4444444444445
chexpert,balanced,empirical,365,9,-0.02006172839506173,0.017807745504840926,1.4444444444444444,-34.333333333333336
chexpert,balanced,guarded,365,9,-0.04166666666666666,0.3126440756108806,3.0,-602.7777777777778
chexpert,balanced,empirical,366,9,-0.059649122807017556,0.026188393117526965,5.666666666666667,-49.888888888888886
chexpert,balanced,guarded,366,9,-0.051461988304093556,0.28655584718576843,4.888888888888889,-545.8888888888889
chexpert,balanced,empirical,367,9,-0.06432748538011694,0.02315777315777316,4.888888888888889,-44.55555555555556
chexpert,balanced,guarded,367,9,-0.06871345029239764,0.3006468006468006,5.222222222222222,-578.4444444444445
chexpert,balanced,empirical,368,9,-0.06467661691542288,0.028108294533540207,4.333333333333333,-54.333333333333336
chexpert,balanced,guarded,368,9,-0.06965174129353231,0.035006035523366084,4.666666666666667,-67.66666666666667
chexpert,balanced,empirical,369,9,-0.046434494195688174,0.03408633672472267,3.111111111111111,-65.88888888888889
chexpert,balanced,guarded,369,9,-0.029850746268656716,0.2975225613611542,2.0,-575.1111111111111
chexpert,balanced,empirical,370,9,-0.051001821493624755,0.015185376196206512,3.111111111111111,-29.444444444444443
chexpert,balanced,guarded,370,9,-0.07468123861566484,0.3173457108475159,4.555555555555555,-615.3333333333334
chexpert,balanced,empirical,371,9,-0.06637806637806638,0.02305425550355347,5.111111111111111,-44.333333333333336
chexpert,balanced,guarded,371,9,-0.0432900432900433,0.29629629629629634,3.3333333333333335,-569.7777777777778
chexpert,balanced,empirical,372,9,-0.07456140350877193,0.02956802956802958,5.666666666666667,-56.888888888888886
chexpert,balanced,guarded,372,9,-0.019005847953216408,0.02177177177177176,1.4444444444444444,-41.888888888888886
chexpert,balanced,empirical,373,9,0.013182674199623367,0.007956952315530372,-0.7777777777777778,-15.444444444444445
chexpert,balanced,guarded,373,9,-0.07156308851224105,0.2895414734672848,4.222222222222222,-562.0
chexpert,balanced,empirical,374,9,0.023931623931623982,0.006086706861900653,-1.5555555555555556,-11.777777777777779
chexpert,balanced,guarded,374,9,-0.08376068376068377,0.312489233419466,5.444444444444445,-604.6666666666666
chexpert,balanced,empirical,375,9,-0.09289617486338797,0.02716176723396941,5.666666666666667,-52.666666666666664
chexpert,balanced,guarded,375,9,-0.0692167577413479,0.03655950948369724,4.222222222222222,-70.88888888888889
chexpert,balanced,empirical,376,9,-0.1053391053391053,0.025712139596695,8.11111111111111,-49.44444444444444
chexpert,balanced,guarded,376,9,-0.05772005772005773,0.3096434968509852,4.444444444444445,-595.4444444444445
chexpert,balanced,empirical,377,9,-0.031189083820662742,0.012752330302510415,1.7777777777777777,-24.77777777777778
chexpert,balanced,guarded,377,9,-0.025341130604288515,0.0267627380339681,1.4444444444444444,-52.0
chexpert,balanced,empirical,378,9,-0.09677419354838707,0.025742460726980856,6.0,-49.888888888888886
chexpert,balanced,guarded,378,9,-0.11111111111111113,0.04999426671253296,6.888888888888889,-96.88888888888889
chexpert,balanced,empirical,379,9,-0.02380952380952381,0.022797927461139917,1.6666666666666667,-44.0
chexpert,balanced,guarded,379,9,-0.04126984126984132,0.0533678756476684,2.888888888888889,-103.0
chexpert,balanced,empirical,380,9,-0.026063100137174205,0.020728388628336505,2.111111111111111,-39.77777777777778
chexpert,balanced,guarded,380,9,-0.037037037037037056,0.30247235249840776,3.0,-580.4444444444445
chexpert,balanced,empirical,381,9,-0.08760683760683764,0.013860369609856284,4.555555555555555,-27.0
chexpert,balanced,guarded,381,9,-0.04273504273504272,0.014887063655030786,2.2222222222222223,-29.0
chexpert,balanced,empirical,382,9,-0.0710382513661202,0.016617958856225967,4.333333333333333,-32.22222222222222
chexpert,balanced,guarded,382,9,-0.07468123861566484,0.29711764368804083,4.555555555555555,-576.1111111111111
chexpert,balanced,empirical,383,9,-0.0392156862745098,0.016965723487462614,2.6666666666666665,-32.77777777777778
chexpert,balanced,guarded,383,9,-0.049019607843137254,0.03565677478720956,3.3333333333333335,-68.88888888888889
chexpert,balanced,empirical,384,9,-0.12478632478632479,0.024978466838931963,8.11111111111111,-48.333333333333336
chexpert,balanced,guarded,384,9,-0.030769230769230733,0.007579672695951747,2.0,-14.666666666666666
chexpert,balanced,empirical,385,9,0.04603174603174603,0.007311456534254468,-3.2222222222222223,-14.11111111111111
chexpert,balanced,guarded,385,9,-0.05714285714285716,0.2947035118019574,4.0,-568.7777777777778
chexpert,balanced,empirical,386,9,-0.08966861598440544,0.025561845942700265,5.111111111111111,-49.666666666666664
chexpert,balanced,guarded,386,9,-0.062378167641325546,0.29679190255618465,3.5555555555555554,-576.6666666666666
chexpert,balanced,empirical,387,9,-0.06397306397306396,0.007181431690221772,4.222222222222222,-13.88888888888889
chexpert,balanced,guarded,387,9,-0.08080808080808083,0.30569918418936,5.333333333333333,-591.2222222222222
chexpert,balanced,empirical,388,9,0.01065449010654492,0.0024217263449230167,-0.7777777777777778,-4.666666666666667
chexpert,balanced,guarded,388,0,,,,
chexpert,balanced,empirical,389,9,-0.047385620915032685,0.0207614446744882,3.2222222222222223,-40.111111111111114
chexpert,balanced,guarded,389,9,-0.08169934640522875,0.29232804232804227,5.555555555555555,-564.7777777777778
chexpert,balanced,empirical,390,9,-0.18466353677621283,0.038880248833592534,13.11111111111111,-75.0
chexpert,balanced,guarded,390,9,-0.07355242566510171,0.3055699556477161,5.222222222222222,-589.4444444444445
chexpert,balanced,empirical,391,9,-0.0808080808080808,0.01792485349879347,5.333333333333333,-34.666666666666664
chexpert,balanced,guarded,391,9,-0.06397306397306397,0.29518556819487535,4.222222222222222,-570.8888888888889
chexpert,balanced,empirical,392,9,-0.08625730994152049,0.022984522984523012,6.555555555555555,-44.22222222222222
chexpert,balanced,guarded,392,9,-0.05994152046783625,0.3025525525525526,4.555555555555555,-582.1111111111111
chexpert,balanced,empirical,393,9,0.02448210922787195,0.00383536550460818,-1.4444444444444444,-7.444444444444445
chexpert,balanced,guarded,393,9,-0.011299435028248619,0.01723052264010532,0.6666666666666666,-33.44444444444444
chexpert,balanced,empirical,394,9,-0.14003044140030438,0.04699302312172059,10.222222222222221,-90.55555555555556
chexpert,balanced,guarded,394,9,-0.10045662100456622,0.2979300005766015,7.333333333333333,-574.1111111111111
chexpert,balanced,empirical,395,9,-0.10060060060060058,0.029018114687896588,7.444444444444445,-55.888888888888886
chexpert,balanced,guarded,395,9,-0.039039039039039096,0.03484481366101301,2.888888888888889,-67.11111111111111
chexpert,balanced,empirical,396,9,-0.05238095238095238,0.02187679907887161,3.6666666666666665,-42.22222222222222
chexpert,balanced,guarded,396,9,-0.006349206349206364,0.0036269430051813303,0.4444444444444444,-7.0
chexpert,balanced,empirical,397,9,-0.10789049919484704,0.030784279878013663,7.444444444444445,-59.44444444444444
chexpert,balanced,guarded,397,9,-0.04669887278582931,0.03297082686000344,3.2222222222222223,-63.666666666666664
chexpert,balanced,empirical,398,9,0.001522070015220657,0.004382171481289252,-0.1111111111111111,-8.444444444444445
chexpert,balanced,guarded,398,9,-0.05631659056316592,0.31759211209133364,4.111111111111111,-612.0
chexpert,balanced,empirical,399,9,-0.05481481481481484,0.024011544011544,4.111111111111111,-46.22222222222222
chexpert,balanced,guarded,399,9,-0.017777777777777806,0.016681096681096703,1.3333333333333333,-32.111111111111114
chexpert,balanced,empirical,400,9,-0.11396011396011398,0.025436466643542613,8.88888888888889,-48.888888888888886
chexpert,balanced,guarded,400,9,-0.04558404558404562,0.032662735576367195,3.5555555555555554,-62.77777777777778
chexpert,balanced,empirical,401,9,-0.0344287949921753,0.01958412533840217,2.4444444444444446,-37.77777777777778
chexpert,balanced,guarded,401,9,-0.06885758998435054,0.2935890789701054,4.888888888888889,-566.3333333333334
chexpert,balanced,empirical,402,9,-0.02415458937198065,0.023131365441049507,1.6666666666666667,-44.666666666666664
chexpert,balanced,guarded,402,9,-0.025764895330112687,0.28896944588296214,1.7777777777777777,-558.0
chexpert,balanced,empirical,403,9,-0.02688172043010755,0.02063983488132099,1.6666666666666667,-40.0
chexpert,balanced,guarded,403,9,-0.035842293906810076,0.02694645109505789,2.2222222222222223,-52.22222222222222
chexpert,balanced,empirical,404,9,-0.06214689265536724,0.02936630602782073,3.6666666666666665,-57.0
chexpert,balanced,guarded,404,9,-0.03954802259887004,0.01413933253191366,2.3333333333333335,-27.444444444444443
chexpert,balanced,empirical,405,9,-0.05643738977072309,0.022887626914472596,3.5555555555555554,-44.333333333333336
chexpert,balanced,guarded,405,9,-0.04585537918871253,0.02885332415533755,2.888888888888889,-55.888888888888886
chexpert,balanced,empirical,406,9,-0.02136752136752138,0.0417967395074575,1.6666666666666667,-80.33333333333333
chexpert,balanced,guarded,406,9,-0.022792022792022786,0.30749219562955254,1.7777777777777777,-591.0
chexpert,balanced,empirical,407,9,-0.08607198748043816,0.022233742295950678,6.111111111111111,-42.888888888888886
chexpert,balanced,guarded,407,9,-0.08607198748043819,0.3003859224699038,6.111111111111111,-579.4444444444445
chexpert,balanced,empirical,408,9,-0.05050505050505046,0.01126048489026774,3.3333333333333335,-21.77777777777778
chexpert,balanced,guarded,408,9,-0.1043771043771044,0.3132827760542341,6.888888888888889,-605.8888888888889
chexpert,balanced,empirical,409,9,-0.09523809523809526,0.03611255561333562,7.333333333333333,-69.44444444444444
chexpert,balanced,guarded,409,9,-0.036075036075036086,0.29173166926677063,2.7777777777777777,-561.0
chexpert,balanced,empirical,410,9,-0.01080246913580248,0.005647763946519113,0.7777777777777778,-10.88888888888889
chexpert,balanced,guarded,410,9,-0.015432098765432105,0.016885661595205142,1.1111111111111112,-32.55555555555556
chexpert,balanced,empirical,411,9,-0.001388888888888884,0.012500000000000018,0.1111111111111111,-24.0
chexpert,balanced,guarded,411,9,-0.020833333333333346,0.009201388888888896,1.6666666666666667,-17.666666666666668
chexpert,balanced,empirical,412,9,-0.07296849087893861,0.0279358510087946,4.888888888888889,-54.0
chexpert,balanced,guarded,412,9,-0.0597014925373134,0.019716042995918868,4.0,-38.111111111111114
chexpert,balanced,empirical,413,9,-0.07575757575757575,0.030219464552453106,5.0,-58.44444444444444
chexpert,balanced,guarded,413,9,-0.0488215488215488,0.024072159025623343,3.2222222222222223,-46.55555555555556
chexpert,balanced,empirical,414,9,-0.007168458781362001,0.029182433207201028,0.4444444444444444,-56.55555555555556
chexpert,balanced,guarded,414,9,-0.0017921146953404632,0.024366471734892765,0.1111111111111111,-47.22222222222222
chexpert,balanced,empirical,415,9,-0.03463203463203467,0.025769919685676337,2.6666666666666665,-49.55555555555556
chexpert,balanced,guarded,415,9,-0.027417027417027413,0.024267637372161557,2.111111111111111,-46.666666666666664
chexpert,balanced,empirical,416,9,-0.11928104575163395,0.027202668507016345,8.11111111111111,-52.55555555555556
chexpert,balanced,guarded,416,9,-0.08006535947712418,0.2813434552564987,5.444444444444445,-543.5555555555555
chexpert,balanced,empirical,417,9,0.008547008547008565,0.009646856158484077,-0.5555555555555556,-18.666666666666668
chexpert,balanced,guarded,417,9,-0.04786324786324793,0.023255813953488375,3.111111111111111,-45.0
chexpert,balanced,empirical,418,9,-0.039780521262002724,0.013143419605118433,3.2222222222222223,-25.22222222222222
chexpert,balanced,guarded,418,9,-0.08093278463648831,0.04776793468820569,6.555555555555555,-91.66666666666667
chexpert,balanced,empirical,419,9,-0.062289562289562284,0.01516718372974837,4.111111111111111,-29.333333333333332
chexpert,balanced,guarded,419,9,-0.0909090909090909,0.28748707342295754,6.0,-556.0
chexpert,balanced,empirical,420,9,-0.06989247311827958,0.015250544662309363,4.333333333333333,-29.555555555555557
chexpert,balanced,guarded,420,9,-0.03584229390681003,0.28901502121316364,2.2222222222222223,-560.1111111111111
chexpert,balanced,empirical,421,9,-0.11574074074074077,0.025299677270631624,8.333333333333334,-48.77777777777778
chexpert,balanced,guarded,421,9,-0.024691358024691357,0.007030889810972811,1.7777777777777777,-13.555555555555555
chexpert,balanced,empirical,422,9,-0.08763693270735527,0.02903058579574907,6.222222222222222,-56.0
chexpert,balanced,guarded,422,9,-0.0672926447574335,0.2863314325211681,4.777777777777778,-552.3333333333334
chexpert,balanced,empirical,423,9,0.0017921146953405003,0.019779841761265918,-0.1111111111111111,-38.333333333333336
chexpert,balanced,guarded,423,9,-0.00896057347670249,0.013358559798188292,0.5555555555555556,-25.88888888888889
chexpert,balanced,empirical,424,9,-0.11481481481481477,0.0331615120274914,6.888888888888889,-64.33333333333333
chexpert,balanced,guarded,424,9,-0.09814814814814815,0.309163802978236,5.888888888888889,-599.7777777777778
chexpert,balanced,empirical,425,9,-0.09001406469760896,0.028977962866562512,7.111111111111111,-55.666666666666664
chexpert,balanced,guarded,425,9,-0.07454289732770744,0.29116779455144887,5.888888888888889,-559.3333333333334
chexpert,balanced,empirical,426,9,-0.09284627092846275,0.02790751311768438,6.777777777777778,-53.77777777777778
chexpert,balanced,guarded,426,9,-0.08066971080669717,0.021564896500028845,5.888888888888889,-41.55555555555556
chexpert,balanced,empirical,427,9,-0.04705882352941174,0.033710472874963746,4.0,-64.55555555555556
chexpert,balanced,guarded,427,9,-0.026143790849673196,0.28256454888308674,2.2222222222222223,-541.1111111111111
chexpert,balanced,empirical,428,9,-0.06989247311827959,0.01353055842219929,4.333333333333333,-26.22222222222222
chexpert,balanced,guarded,428,9,-0.03225806451612904,0.014619883040935719,2.0,-28.333333333333332
chexpert,balanced,empirical,429,9,-0.07350427350427349,0.0047660063163939125,4.777777777777778,-9.222222222222221
chexpert,balanced,guarded,429,9,0.02393162393162397,0.005167958656330758,-1.5555555555555556,-10.0
chexpert,balanced,empirical,430,9,-0.05238095238095242,0.028785261945883735,3.6666666666666665,-55.55555555555556
chexpert,balanced,guarded,430,9,-0.07936507936507936,0.2852619458837075,5.555555555555555,-550.5555555555555
chexpert,balanced,empirical,431,9,0.02941176470588232,0.006958822176213501,-2.0,-13.444444444444445
chexpert,balanced,guarded,431,9,-0.053921568627450976,0.28847481021394056,3.6666666666666665,-557.3333333333334
chexpert,balanced,empirical,432,9,-0.057471264367816084,0.02935118434603501,3.3333333333333335,-57.0
chexpert,balanced,guarded,432,9,-0.10727969348659003,0.2964297974596635,6.222222222222222,-575.6666666666666
chexpert,balanced,empirical,433,9,-0.042328042328042326,0.011300407273561667,2.6666666666666665,-21.88888888888889
chexpert,balanced,guarded,433,9,-0.0070546737213404,-0.0032696609877817715,0.4444444444444444,6.333333333333333
chexpert,balanced,empirical,434,9,0.014492753623188422,0.01093273490994879,-1.0,-21.11111111111111
chexpert,balanced,guarded,434,9,-0.08856682769726248,0.3101444271822314,6.111111111111111,-598.8888888888889
chexpert,balanced,empirical,435,9,-0.07681755829903977,0.02999247293150367,6.222222222222222,-57.55555555555556
chexpert,balanced,guarded,435,9,-0.032921810699588466,0.016733252272595686,2.6666666666666665,-32.111111111111114
chexpert,balanced,empirical,436,9,-0.07905982905982903,0.014202600958247769,4.111111111111111,-27.666666666666668
chexpert,balanced,guarded,436,9,-0.03846153846153845,0.27013461099703395,2.0,-526.2222222222222
chexpert,balanced,empirical,437,9,-0.1263318112633181,0.02294874012569914,9.222222222222221,-44.22222222222222
chexpert,balanced,guarded,437,9,-0.033485540334855374,0.01948913106152343,2.4444444444444446,-37.55555555555556
chexpert,balanced,empirical,438,9,-0.024691358024691357,0.009751620489875545,1.5555555555555556,-18.88888888888889
chexpert,balanced,guarded,438,9,-0.05291005291005292,0.0318361727757701,3.3333333333333335,-61.666666666666664
chexpert,balanced,empirical,439,9,-0.0649350649350649,0.037210377303981024,5.0,-71.55555555555556
chexpert,balanced,guarded,439,9,-0.11832611832611836,0.29508291442768825,9.11111111111111,-567.4444444444445
chexpert,balanced,empirical,440,9,-0.106544901065449,0.01568356109093003,7.777777777777778,-30.22222222222222
chexpert,balanced,guarded,440,9,-0.036529680365296725,0.02035403332756733,2.6666666666666665,-39.22222222222222
chexpert,balanced,empirical,441,9,-0.013071895424836591,0.008684149988497807,0.8888888888888888,-16.77777777777778
chexpert,balanced,guarded,441,9,-0.07843137254901959,0.293018173452956,5.333333333333333,-566.1111111111111
chexpert,balanced,empirical,442,9,-0.07407407407407411,0.013058419243986208,4.444444444444445,-25.333333333333332
chexpert,balanced,guarded,442,9,-0.0537037037037037,0.01655211912943872,3.2222222222222223,-32.111111111111114
chexpert,balanced,empirical,443,9,-0.06156156156156156,0.029421945309795756,4.555555555555555,-56.666666666666664
chexpert,balanced,guarded,443,9,-0.08558558558558561,0.29981539171570337,6.333333333333333,-577.4444444444445
chexpert,balanced,empirical,444,9,-0.08126036484245441,0.03023509800540325,5.444444444444445,-58.44444444444444
chexpert,balanced,guarded,444,9,-0.05638474295190717,0.02155544059320575,3.7777777777777777,-41.666666666666664
chexpert,balanced,empirical,445,9,-0.08487654320987653,0.020170585523282644,6.111111111111111,-38.888888888888886
chexpert,balanced,guarded,445,9,-0.07407407407407408,0.29771784232365145,5.333333333333333,-574.0
chexpert,balanced,empirical,446,9,-0.0923317683881064,0.024134554461148563,6.555555555555555,-46.55555555555556
chexpert,balanced,guarded,446,9,-0.08294209702660407,0.30620355970278207,5.888888888888889,-590.6666666666666
chexpert,balanced,empirical,447,9,-0.05000000000000001,0.031271477663230164,3.0,-60.666666666666664
chexpert,balanced,guarded,447,9,-0.09814814814814815,0.30189003436426115,5.888888888888889,-585.6666666666666
chexpert,balanced,empirical,448,9,-0.1111111111111111,0.051944299994221975,8.555555555555555,-99.88888888888889
chexpert,balanced,guarded,448,9,-0.07503607503607507,0.3105679782746866,5.777777777777778,-597.2222222222222
chexpert,balanced,empirical,449,9,-0.21380471380471383,0.02412961047914512,14.11111111111111,-46.666666666666664
chexpert,balanced,guarded,449,9,-0.14141414141414144,0.04739744915546359,9.333333333333334,-91.66666666666667
chexpert,balanced,empirical,450,9,-0.018518518518518504,0.014292300599354478,1.3333333333333333,-27.555555555555557
chexpert,balanced,guarded,450,9,-0.058641975308641965,0.29241585984324575,4.222222222222222,-563.7777777777778
chexpert,balanced,empirical,451,9,-0.041867954911433136,0.0042580125438748,2.888888888888889,-8.222222222222221
chexpert,balanced,guarded,451,9,-0.10628019323671495,0.3117555670636975,7.333333333333333,-602.0
chexpert,balanced,empirical,452,9,-0.03801169590643278,0.01836451836451837,2.888888888888889,-35.333333333333336
chexpert,balanced,guarded,452,9,-0.007309941520467859,0.0031185031185031217,0.5555555555555556,-6.0
chexpert,balanced,empirical,453,9,-0.0715197956577267,0.022652029970378122,6.222222222222222,-43.333333333333336
chexpert,balanced,guarded,453,9,-0.029374201787994905,0.011732589882093272,2.5555555555555554,-22.444444444444443
chexpert,balanced,empirical,454,9,-0.04938271604938274,0.0299345724046089,4.0,-57.44444444444444
chexpert,balanced,guarded,454,9,-0.020576131687242816,0.018759770713913524,1.6666666666666667,-36.0
chexpert,balanced,empirical,455,9,0.013333333333333332,-0.004906204906204908,-1.0,9.444444444444445
chexpert,balanced,guarded,455,9,-0.020740740740740764,0.015930735930735955,1.5555555555555556,-30.666666666666668
chexpert,balanced,empirical,456,9,-0.07357357357357358,0.033921772239529226,5.444444444444445,-65.33333333333333
chexpert,balanced,guarded,456,9,-0.03903903903903905,0.29058497750086537,2.888888888888889,-559.6666666666666
chexpert,balanced,empirical,457,9,-0.0027100271002710175,0.023056424516278526,0.2222222222222222,-44.22222222222222
chexpert,balanced,guarded,457,9,-0.033875338753387566,0.27766191634804765,2.7777777777777777,-532.5555555555555
chexpert,balanced,empirical,458,9,-0.1128747795414462,0.030631560832903106,7.111111111111111,-59.333333333333336
chexpert,balanced,guarded,458,9,-0.09523809523809527,0.31606722881890664,6.0,-612.2222222222222
chexpert,balanced,empirical,459,9,-0.018518518518518514,0.015349369988545254,1.1111111111111112,-29.77777777777778
chexpert,balanced,guarded,459,9,-0.033333333333333354,0.30269186712485685,2.0,-587.2222222222222
chexpert,balanced,empirical,460,9,-0.06157965194109774,0.020518170752912537,5.111111111111111,-39.333333333333336
chexpert,balanced,guarded,460,9,-0.049531459170013385,0.02706775633223213,4.111111111111111,-51.888888888888886
chexpert,balanced,empirical,461,9,-0.02916666666666665,0.025405092592592618,2.3333333333333335,-48.77777777777778
chexpert,balanced,guarded,461,9,-0.044444444444444446,0.29415509259259254,3.5555555555555554,-564.7777777777778
chexpert,balanced,empirical,462,9,-0.0026773761713520714,0.012693444618327221,0.2222222222222222,-24.333333333333332
chexpert,balanced,guarded,462,9,-0.09906291834002676,0.2993682258158002,8.222222222222221,-573.8888888888889
chexpert,balanced,empirical,463,9,-0.05387205387205386,0.03182810525106282,3.5555555555555554,-61.55555555555556
chexpert,balanced,guarded,463,9,-0.06228956228956231,0.297541077789268,4.111111111111111,-575.4444444444445
chexpert,balanced,empirical,464,9,-0.10256410256410255,0.026939530581570156,8.0,-51.77777777777778
chexpert,balanced,guarded,464,9,-0.04273504273504272,0.29957220487917685,3.3333333333333335,-575.7777777777778
chexpert,balanced,empirical,465,9,-0.07285974499089251,0.029683112715603692,4.444444444444445,-57.55555555555556
chexpert,balanced,guarded,465,9,-0.06193078324225863,0.2967738238496362,3.7777777777777777,-575.4444444444445
chexpert,balanced,empirical,466,9,-0.051750380517503816,0.031021161275442497,3.7777777777777777,-59.77777777777778
chexpert,balanced,guarded,466,9,-0.025875190258751908,0.2761921236233638,1.8888888888888888,-532.2222222222222
chexpert,balanced,empirical,467,9,-0.07721280602636538,0.04705478275802847,4.555555555555555,-91.33333333333333
chexpert,balanced,guarded,467,9,-0.028248587570621493,0.2882248554582402,1.6666666666666667,-559.4444444444445
chexpert,balanced,empirical,468,9,-0.07142857142857144,0.047495682210708115,5.0,-91.66666666666667
chexpert,balanced,guarded,468,9,-0.06825396825396825,0.3014392630972942,4.777777777777778,-581.7777777777778
chexpert,balanced,empirical,469,9,-0.0837887067395264,0.03323591771245198,5.111111111111111,-64.44444444444444
chexpert,balanced,guarded,469,9,-0.045537340619307844,0.3066299925505702,2.7777777777777777,-594.5555555555555
chexpert,balanced,empirical,470,9,-0.10598290598290601,0.045018662072925625,6.888888888888889,-87.11111111111111
chexpert,balanced,guarded,470,9,-0.0923076923076923,0.28664944013781224,6.0,-554.6666666666666
chexpert,balanced,empirical,471,9,-0.12426900584795325,0.016978516978516947,9.444444444444445,-32.666666666666664
chexpert,balanced,guarded,471,9,-0.048245614035087744,0.01975051975051973,3.6666666666666665,-38.0
chexpert,balanced,empirical,472,9,-0.01608187134502923,0.02165627165627167,1.2222222222222223,-41.666666666666664
chexpert,balanced,guarded,472,9,-0.017543859649122775,0.023504273504273518,1.3333333333333333,-45.22222222222222
chexpert,balanced,empirical,473,9,-0.05555555555555558,0.04025764895330111,3.7777777777777777,-77.77777777777777
chexpert,balanced,guarded,473,9,-0.016339869281045732,0.29474350126524035,1.1111111111111112,-569.4444444444445
chexpert,balanced,empirical,474,9,-0.04575163398692808,0.030157915740265655,2.3333333333333335,-58.77777777777778
chexpert,balanced,guarded,474,9,-0.06971677559912853,0.2961062653212474,3.5555555555555554,-577.1111111111111
chexpert,balanced,empirical,475,9,-0.040189125295508284,0.015190305512886125,1.8888888888888888,-29.666666666666668
chexpert,balanced,guarded,475,9,-0.05200945626477541,0.03618364908687493,2.4444444444444446,-70.66666666666667
chexpert,balanced,empirical,476,9,0.017857142857142867,0.010859625057155924,-1.0,-21.11111111111111
chexpert,balanced,guarded,476,9,-0.06547619047619045,0.2938957475994513,3.6666666666666665,-571.3333333333334
chexpert,balanced,empirical,477,9,-0.05396825396825397,0.028151986183074303,3.7777777777777777,-54.333333333333336
chexpert,balanced,guarded,477,9,-0.09841269841269841,0.04703511801957394,6.888888888888889,-90.77777777777777
chexpert,balanced,empirical,478,9,-0.09784411276948587,0.31741104788181873,6.555555555555555,-613.5555555555555
chexpert,balanced,guarded,478,9,-0.06135986733001656,0.301201356555728,4.111111111111111,-582.2222222222222
chexpert,balanced,empirical,479,9,-0.07264957264957266,0.026751083732603265,3.7777777777777777,-52.111111111111114
chexpert,balanced,guarded,479,9,-0.06196581196581193,0.3066963267168606,3.2222222222222223,-597.4444444444445
chexpert,balanced,empirical,480,9,-0.007507507507507517,0.01834544825199032,0.5555555555555556,-35.333333333333336
chexpert,balanced,guarded,480,9,-0.058558558558558564,0.3005653628706588,4.333333333333333,-578.8888888888889
chexpert,balanced,empirical,481,9,-0.006633499170812611,0.01069149853422999,0.4444444444444444,-20.666666666666668
chexpert,balanced,guarded,481,9,-0.009950248756218909,0.02408461228947519,0.6666666666666666,-46.55555555555556
chexpert,balanced,empirical,482,9,-0.11284722222222222,0.01693067033976123,7.222222222222222,-32.77777777777778
chexpert,balanced,guarded,482,9,-0.013888888888888888,0.018480257116620727,0.8888888888888888,-35.77777777777778
chexpert,balanced,empirical,483,9,-0.10707070707070704,0.04941445301342472,5.888888888888889,-96.11111111111111
chexpert,balanced,guarded,483,9,-0.06666666666666668,0.296715224221651,3.6666666666666665,-577.1111111111111
chexpert,balanced,empirical,484,9,-0.07960199004975127,0.024831867563372967,5.333333333333333,-48.0
chexpert,balanced,guarded,484,9,-0.06135986733001659,0.3208599183767316,4.111111111111111,-620.2222222222222
chexpert,balanced,empirical,485,9,-0.10215053763440862,0.031361082444673755,6.333333333333333,-60.77777777777778
chexpert,balanced,guarded,485,9,-0.07168458781362005,0.29474830868019725,4.444444444444445,-571.2222222222222
chexpert,balanced,empirical,486,9,-0.008230452674897156,0.003821434775056439,0.6666666666666666,-7.333333333333333
chexpert,balanced,guarded,486,9,-0.04938271604938271,0.01875977071391351,4.0,-36.0
chexpert,balanced,empirical,487,9,-0.02631578947368422,0.01871101871101868,2.0,-36.0
chexpert,balanced,guarded,487,9,-0.06871345029239764,0.3091938091938092,5.222222222222222,-594.8888888888889
chexpert,balanced,empirical,488,9,-0.09741248097412479,0.02992561840512024,7.111111111111111,-57.666666666666664
chexpert,balanced,guarded,488,9,-0.048706240487062354,0.026408349189874877,3.5555555555555554,-50.888888888888886
chexpert,balanced,empirical,489,9,-0.07602339181286552,0.03262878262878261,5.777777777777778,-62.77777777777778
chexpert,balanced,guarded,489,9,-0.06871345029239763,0.2978170478170478,5.222222222222222,-573.0
chexpert,balanced,empirical,490,9,-0.030864197530864224,0.024437592782916524,1.6666666666666667,-47.55555555555556
chexpert,balanced,guarded,490,9,-0.05967078189300409,0.28411556469110427,3.2222222222222223,-552.8888888888889
chexpert,balanced,empirical,491,9,-0.00469483568075118,0.01157767409711425,0.3333333333333333,-22.333333333333332
chexpert,balanced,guarded,491,9,-0.010954616588419428,0.02753297621104774,0.7777777777777778,-53.111111111111114
chexpert,balanced,empirical,492,9,-0.08888888888888888,0.030068728522336774,5.333333333333333,-58.333333333333336
chexpert,balanced,guarded,492,9,-0.014814814814814812,0.02445589919816724,0.8888888888888888,-47.44444444444444
chexpert,balanced,empirical,493,9,-0.06701940035273368,0.013078643951127185,4.222222222222222,-25.333333333333332
chexpert,balanced,guarded,493,9,-0.0617283950617284,0.29369586416566285,3.888888888888889,-568.8888888888889
chexpert,balanced,empirical,494,9,-0.041666666666666616,0.022994467496542166,3.0,-44.333333333333336
chexpert,balanced,guarded,494,9,-0.08796296296296297,0.3001959428307976,6.333333333333333,-578.7777777777778
chexpert,balanced,empirical,495,9,-0.046296296296296294,0.03450475527719786,3.888888888888889,-66.11111111111111
chexpert,balanced,guarded,495,9,-0.0211640211640212,0.0224425887265136,1.7777777777777777,-43.0
chexpert,balanced,empirical,496,9,-0.06851851851851848,0.0449599083619702,4.111111111111111,-87.22222222222223
chexpert,balanced,guarded,496,9,-0.06666666666666668,0.3043528064146621,4.0,-590.4444444444445
chexpert,balanced,empirical,497,9,-0.15520282186948853,0.029943211151264845,9.777777777777779,-58.0
chexpert,balanced,guarded,497,9,-0.052910052910052935,0.023461251649171073,3.3333333333333335,-45.44444444444444
chexpert,balanced,empirical,498,9,-0.05555555555555555,0.023129017447199283,3.5555555555555554,-44.77777777777778
chexpert,balanced,guarded,498,9,-0.041666666666666664,0.29172405876951335,2.6666666666666665,-564.7777777777778
chexpert,balanced,empirical,499,9,-0.0689655172413793,0.02855017736583132,4.0,-55.44444444444444
chexpert,balanced,guarded,499,9,-0.03639846743295019,0.28653163977571805,2.111111111111111,-556.4444444444445
chexpert,balanced,empirical,500,9,-0.059027777777777776,0.006714876033057833,3.7777777777777777,-13.0
chexpert,balanced,guarded,500,9,-0.04861111111111111,0.30779384756657485,3.111111111111111,-595.8888888888889
nih,unweighted,empirical,0,9,-0.030595813204508843,0.03239541975947984,2.111111111111111,-62.55555555555556
nih,unweighted,guarded,0,9,-0.008051529790660261,0.13516312791299848,0.5555555555555556,-261.0
nih,unweighted,empirical,1,9,-0.03516174402250351,0.07993521892532823,2.7777777777777777,-153.55555555555554
nih,unweighted,guarded,1,9,0.033755274261603345,0.11625889293770607,-2.6666666666666665,-223.33333333333334
nih,unweighted,empirical,2,9,-0.0913978494623656,0.01943584451324392,5.666666666666667,-37.666666666666664
nih,unweighted,guarded,2,9,-0.04659498207885308,0.11535374383671594,2.888888888888889,-223.55555555555554
nih,unweighted,empirical,3,9,-0.013888888888888888,0.042929292929292893,0.8888888888888888,-83.11111111111111
nih,unweighted,guarded,3,9,-0.008680555555555556,0.12132690541781449,0.5555555555555556,-234.88888888888889
nih,unweighted,empirical,4,9,-0.010954616588419416,0.009158458614135112,0.7777777777777778,-17.666666666666668
nih,unweighted,guarded,4,9,-0.023474178403755888,0.10402626576810091,1.6666666666666667,-200.66666666666666
nih,unweighted,empirical,5,9,0.038461538461538464,0.014972829228812589,-3.0,-28.77777777777778
nih,unweighted,guarded,5,9,-0.004273504273504246,0.0806451612903226,0.3333333333333333,-155.0
nih,unweighted,empirical,6,9,-0.13502109704641352,0.1269593383075944,10.666666666666666,-243.88888888888889
nih,unweighted,guarded,6,9,-0.03656821378340364,0.12823182370293246,2.888888888888889,-246.33333333333334
nih,unweighted,empirical,7,9,-0.05376344086021504,0.040075679394564814,3.3333333333333335,-77.66666666666667
nih,unweighted,guarded,7,9,-0.0860215053763441,0.15434009861254439,5.333333333333333,-299.1111111111111
nih,unweighted,empirical,8,9,-0.06372549019607843,0.061249137336093856,4.333333333333333,-118.33333333333333
nih,unweighted,guarded,8,9,-0.06372549019607844,0.17121002990568213,4.333333333333333,-330.77777777777777
nih,unweighted,empirical,9,9,-0.054673721340388,0.032065622669649504,3.4444444444444446,-62.111111111111114
nih,unweighted,guarded,9,9,-0.026455026455026436,0.12137899386221535,1.6666666666666667,-235.11111111111111
nih,unweighted,empirical,10,9,-0.07026143790849675,0.06820795951230732,4.777777777777778,-131.77777777777777
nih,unweighted,guarded,10,9,-0.0392156862745098,0.10443984357027833,2.6666666666666665,-201.77777777777777
nih,unweighted,empirical,11,9,-0.03809523809523807,0.07979274611398965,2.6666666666666665,-154.0
nih,unweighted,guarded,11,9,0.0015873015873015817,0.13742084052964884,-0.1111111111111111,-265.22222222222223
nih,unweighted,empirical,12,9,-0.06775067750677505,0.08515815085158153,5.555555555555555,-163.33333333333334
nih,unweighted,guarded,12,9,-0.020325203252032503,0.1488819372031051,1.6666666666666667,-285.55555555555554
nih,unweighted,empirical,13,9,-0.05197132616487454,0.065703474372205,3.2222222222222223,-127.33333333333333
nih,unweighted,guarded,13,9,-0.05376344086021504,0.13329893360853115,3.3333333333333335,-258.3333333333333
nih,unweighted,empirical,14,9,-0.04475308641975311,0.023801290917473503,3.2222222222222223,-45.888888888888886
nih,unweighted,guarded,14,9,-0.047839506172839545,0.11768095896726605,3.4444444444444446,-226.88888888888889
nih,unweighted,empirical,15,9,-0.11988304093567252,0.12162162162162164,9.11111111111111,-234.0
nih,unweighted,guarded,15,9,-0.046783625730994184,0.13675213675213674,3.5555555555555554,-263.1111111111111
nih,unweighted,empirical,16,9,0.07662835249042142,0.003833390548117599,-4.444444444444445,-7.444444444444445
nih,unweighted,guarded,16,9,0.06130268199233716,0.027634740817027128,-3.5555555555555554,-53.666666666666664
nih,unweighted,empirical,17,9,-0.03198653198653196,0.06170286108238538,2.111111111111111,-119.33333333333333
nih,unweighted,guarded,17,9,-0.02188552188552189,0.1084683442491095,1.4444444444444444,-209.77777777777777
nih,unweighted,empirical,18,9,-0.05250305250305249,0.07415167918049011,4.777777777777778,-141.55555555555554
nih,unweighted,guarded,18,9,-0.010989010989010986,0.1405622489959839,1.0,-268.3333333333333
nih,unweighted,empirical,19,9,-0.030158730158730163,0.0944732297063903,2.111111111111111,-182.33333333333334
nih,unweighted,guarded,19,9,0.01269841269841269,0.1329879101899827,-0.8888888888888888,-256.6666666666667
nih,unweighted,empirical,20,9,-0.10281923714759539,0.09214232338909006,6.888888888888889,-178.11111111111111
nih,unweighted,guarded,20,9,-0.10116086235489219,0.15634879576938554,6.777777777777778,-302.22222222222223
nih,unweighted,empirical,21,9,0.03070175438596492,0.012474012474012511,-2.3333333333333335,-24.0
nih,unweighted,guarded,21,9,0.05701754385964914,0.018480018480018456,-4.333333333333333,-35.55555555555556
nih,unweighted,empirical,22,9,-0.04074074074074076,0.01741122565864835,2.4444444444444446,-33.77777777777778
nih,unweighted,guarded,22,9,0.012962962962962954,0.10463917525773196,-0.7777777777777778,-203.0
nih,unweighted,empirical,23,9,-0.0182648401826484,0.05771781122066539,1.3333333333333333,-111.22222222222223
nih,unweighted,guarded,23,9,-0.02587519025875187,0.14801360779565245,1.8888888888888888,-285.22222222222223
nih,unweighted,empirical,24,9,-0.10931899641577059,0.10079119367045061,6.777777777777778,-195.33333333333334
nih,unweighted,guarded,24,9,-0.06093189964157707,0.10996445361770438,3.7777777777777777,-213.11111111111111
nih,unweighted,empirical,25,9,-0.04273504273504272,0.11013494114269304,2.7777777777777777,-213.11111111111111
nih,unweighted,guarded,25,9,0.018803418803418848,0.11501579098478326,-1.2222222222222223,-222.55555555555554
nih,unweighted,empirical,26,9,-0.07885304659498205,0.03640637541566335,4.888888888888889,-70.55555555555556
nih,unweighted,guarded,26,9,-0.014336917562724014,0.09826854718495585,0.8888888888888888,-190.44444444444446
nih,unweighted,empirical,27,9,-0.06349206349206353,0.04621897471584321,5.333333333333333,-88.55555555555556
nih,unweighted,guarded,27,9,-0.07671957671957673,0.1815704012990025,6.444444444444445,-347.8888888888889
nih,unweighted,empirical,28,9,-0.057239057239057235,0.058772836952774896,3.7777777777777777,-113.66666666666667
nih,unweighted,guarded,28,9,-0.013468013468013455,0.08215557853613699,0.8888888888888888,-158.88888888888889
nih,unweighted,empirical,29,9,-0.03639846743295014,0.020254033642293206,2.111111111111111,-39.333333333333336
nih,unweighted,guarded,29,9,-0.011494252873563204,0.055612770339855816,0.6666666666666666,-108.0
nih,unweighted,empirical,30,9,-0.03463203463203458,0.02322759577049749,2.6666666666666665,-44.666666666666664
nih,unweighted,guarded,30,9,-0.04040404040404041,0.11891142312359164,3.111111111111111,-228.66666666666666
nih,unweighted,empirical,31,9,0.0447530864197531,0.02460811433840482,-3.2222222222222223,-47.44444444444444
nih,unweighted,guarded,31,9,0.007716049382716059,0.1382549562010143,-0.5555555555555556,-266.55555555555554
nih,unweighted,empirical,32,9,-0.08179012345679013,0.11624020285846015,5.888888888888889,-224.11111111111111
nih,unweighted,guarded,32,0,,,,
nih,unweighted,empirical,33,9,-0.0639269406392694,0.033154586865017585,4.666666666666667,-63.888888888888886
nih,unweighted,guarded,33,9,-0.016742770167427694,0.11508966153491322,1.2222222222222223,-221.77777777777777
nih,unweighted,empirical,34,9,-0.055555555555555546,0.09565667011375388,3.6666666666666665,-185.0
nih,unweighted,guarded,34,9,-0.013468013468013493,0.135298173043778,0.8888888888888888,-261.6666666666667
nih,unweighted,empirical,35,9,-0.06135986733001659,0.07461056503994942,4.111111111111111,-144.22222222222223
nih,unweighted,guarded,35,9,-0.02155887230514099,0.11875610737483472,1.4444444444444444,-229.55555555555554
nih,unweighted,empirical,36,9,-0.13888888888888887,0.049999999999999996,11.11111111111111,-96.0
nih,unweighted,guarded,36,9,-0.12777777777777777,0.14681712962962964,10.222222222222221,-281.8888888888889
nih,unweighted,empirical,37,9,0.10144927536231883,0.013867311122619285,-7.0,-26.77777777777778
nih,unweighted,guarded,37,9,-2.4671622769447922e-17,0.08688647217906667,0.0,-167.77777777777777
nih,unweighted,empirical,38,9,0.014619883040935656,0.05087780087780087,-1.1111111111111112,-97.88888888888889
nih,unweighted,guarded,38,9,-0.026315789473684195,0.15043890043890049,2.0,-289.44444444444446
nih,unweighted,empirical,39,9,-0.04545454545454544,0.03177065379754102,3.0,-61.44444444444444
nih,unweighted,guarded,39,9,-0.04377104377104378,0.10289555325749741,2.888888888888889,-199.0
nih,unweighted,empirical,40,9,-0.05555555555555553,0.0831914652139371,2.3333333333333335,-162.88888888888889
nih,unweighted,guarded,40,9,-0.02380952380952381,0.11553739643627282,1.0,-226.22222222222223
nih,unweighted,empirical,41,9,-0.0810810810810811,0.03674858659282335,6.0,-70.77777777777777
nih,unweighted,guarded,41,9,-0.057057057057057076,0.1041883004499827,4.222222222222222,-200.66666666666666
nih,unweighted,empirical,42,9,-0.05701754385964908,0.06502656502656502,4.333333333333333,-125.11111111111111
nih,unweighted,guarded,42,9,0.027777777777777804,0.12468237468237467,-2.111111111111111,-239.88888888888889
nih,unweighted,empirical,43,9,-0.005847953216374275,0.037075537075537075,0.4444444444444444,-71.33333333333333
nih,unweighted,guarded,43,9,-0.024853801169590684,0.15794640794640794,1.8888888888888888,-303.8888888888889
nih,unweighted,empirical,44,9,-0.004901960784313732,0.02898550724637679,0.3333333333333333,-56.0
nih,unweighted,guarded,44,9,-0.09640522875816994,0.17799631930066717,6.555555555555555,-343.8888888888889
nih,unweighted,empirical,45,9,-0.022831050228310484,0.03107882142651212,1.6666666666666667,-59.888888888888886
nih,unweighted,guarded,45,9,-0.08219178082191782,0.14484229948682462,6.0,-279.1111111111111
nih,unweighted,empirical,46,9,-0.09743589743589744,0.0924490381854723,6.333333333333333,-178.88888888888889
nih,unweighted,guarded,46,9,-0.03760683760683757,0.13976457077232268,2.4444444444444446,-270.44444444444446
nih,unweighted,empirical,47,9,-0.05698005698005694,0.02138975604116084,4.444444444444445,-41.111111111111114
nih,unweighted,guarded,47,9,-0.02136752136752139,0.09434616718695804,1.6666666666666667,-181.33333333333334
nih,unweighted,empirical,48,9,-0.036568213783403664,0.05251894268031698,2.888888888888889,-100.88888888888889
nih,unweighted,guarded,48,9,-0.032348804500703224,0.12950430909827057,2.5555555555555554,-248.77777777777777
nih,unweighted,empirical,49,9,0.04918032786885245,0.014726949745000304,-3.0,-28.555555555555557
nih,unweighted,guarded,49,9,0.01457194899817856,0.06509655607128535,-0.8888888888888888,-126.22222222222223
nih,unweighted,empirical,50,9,0.08585858585858586,0.0013947001394700115,-7.555555555555555,-2.6666666666666665
nih,unweighted,guarded,50,9,0.016414141414141388,0.017549976754997674,-1.4444444444444444,-33.55555555555556
nih,unweighted,empirical,51,9,-0.03453453453453456,0.07026652821045344,2.5555555555555554,-135.33333333333334
nih,unweighted,guarded,51,9,-0.010510510510510489,0.0994577131648783,0.7777777777777778,-191.55555555555554
nih,unweighted,empirical,52,9,0.041867954911433164,0.01093273490994879,-2.888888888888889,-21.11111111111111
nih,unweighted,guarded,52,9,-0.03542673107890499,0.14252833879970084,2.4444444444444446,-275.22222222222223
nih,unweighted,empirical,53,9,0.0243531202435312,0.056218647292855896,-1.7777777777777777,-108.33333333333333
nih,unweighted,guarded,53,9,0.0091324200913242,0.13965288589056105,-0.6666666666666666,-269.1111111111111
nih,unweighted,empirical,54,9,0.03846153846153851,0.0047982425713954825,-3.0,-9.222222222222221
nih,unweighted,guarded,54,9,-0.024216524216524205,0.10041623309053072,1.8888888888888888,-193.0
nih,unweighted,empirical,55,9,-0.05194805194805198,0.0470329924308083,4.0,-90.44444444444444
nih,unweighted,guarded,55,9,-0.060606060606060615,0.1580863234529381,4.666666666666667,-304.0
nih,unweighted,empirical,56,9,-0.016949152542372836,0.06588814471349246,1.0,-127.88888888888889
nih,unweighted,guarded,56,9,-0.06591337099811678,0.15169729234644225,3.888888888888889,-294.44444444444446
nih,unweighted,empirical,57,9,0.02576489533011271,-0.011853386270786593,-1.7777777777777777,22.88888888888889
nih,unweighted,guarded,57,9,-0.0016103059581320275,0.13406985442200361,0.1111111111111111,-258.8888888888889
nih,unweighted,empirical,58,9,-0.1462962962962963,0.05526918671248568,8.777777777777779,-107.22222222222223
nih,unweighted,guarded,58,9,-0.005555555555555548,0.08797250859106533,0.3333333333333333,-170.66666666666666
nih,unweighted,empirical,59,9,0.004504504504504545,0.025383639090804197,-0.3333333333333333,-48.888888888888886
nih,unweighted,guarded,59,9,0.004504504504504496,0.10736125533633324,-0.3333333333333333,-206.77777777777777
nih,unweighted,empirical,60,9,-0.020036429872495456,0.016044925792218206,1.2222222222222223,-31.11111111111111
nih,unweighted,guarded,60,9,-0.0054644808743168965,0.10818864248467135,0.3333333333333333,-209.77777777777777
nih,unweighted,empirical,61,9,-0.07843137254901962,0.06924315619967797,5.333333333333333,-133.77777777777777
nih,unweighted,guarded,61,9,-0.013071895424836603,0.14400736139866574,0.8888888888888888,-278.22222222222223
nih,unweighted,empirical,62,9,-0.020833333333333322,0.028645833333333356,1.6666666666666667,-55.0
nih,unweighted,guarded,62,9,0.01666666666666668,0.0783564814814815,-1.3333333333333333,-150.44444444444446
nih,unweighted,empirical,63,9,-0.08196721311475413,0.05300555842072088,5.0,-102.77777777777777
nih,unweighted,guarded,63,9,-0.06921675774134788,0.1501919660764426,4.222222222222222,-291.22222222222223
nih,unweighted,empirical,64,9,-0.04538341158059467,0.099072634064858,3.2222222222222223,-191.11111111111111
nih,unweighted,guarded,64,9,0.025039123630672955,0.12130637636080868,-1.7777777777777777,-234.0
nih,unweighted,empirical,65,9,0.05828779599271405,0.0430347831069853,-3.5555555555555554,-83.44444444444444
nih,unweighted,guarded,65,9,-0.010928961748633916,0.11878975416881553,0.6666666666666666,-230.33333333333334
nih,unweighted,empirical,66,9,-0.048821548821548794,0.03642422153280475,3.2222222222222223,-70.44444444444444
nih,unweighted,guarded,66,9,-0.052188552188552166,0.1807997242330231,3.4444444444444446,-349.6666666666667
nih,unweighted,empirical,67,9,-0.0910493827160494,0.06713923467035503,6.555555555555555,-129.44444444444446
nih,unweighted,guarded,67,9,-0.06635802469135801,0.15295066851083453,4.777777777777778,-294.8888888888889
nih,unweighted,empirical,68,9,-0.03921568627450979,0.03036576949620425,2.6666666666666665,-58.666666666666664
nih,unweighted,guarded,68,9,-0.07679738562091504,0.14251207729468598,5.222222222222222,-275.3333333333333
nih,unweighted,empirical,69,9,-0.04259259259259259,0.02989690721649485,2.5555555555555554,-58.0
nih,unweighted,guarded,69,9,-0.02407407407407405,0.11116838487972514,1.4444444444444444,-215.66666666666666
nih,unweighted,empirical,70,9,0.0035273368606701817,0.012677106636838175,-0.2222222222222222,-24.555555555555557
nih,unweighted,guarded,70,9,0.010582010582010581,0.06395915791888945,-0.6666666666666666,-123.88888888888889
nih,unweighted,empirical,71,9,-0.1149425287356322,0.0855933173131937,6.666666666666667,-166.22222222222223
nih,unweighted,guarded,71,9,-0.02873563218390808,0.11385742075752374,1.6666666666666667,-221.11111111111111
nih,unweighted,empirical,72,9,-0.04145936981757877,0.025579122837270842,2.7777777777777777,-49.44444444444444
nih,unweighted,guarded,72,9,-0.06135986733001656,0.12358452606771286,4.111111111111111,-238.88888888888889
nih,unweighted,empirical,73,9,-0.04414003044140032,0.03690249668454134,3.2222222222222223,-71.11111111111111
nih,unweighted,guarded,73,9,-0.07458143074581426,0.12662169174883237,5.444444444444445,-244.0
nih,unweighted,empirical,74,9,-0.009259259259259276,0.006051175656984776,0.6666666666666666,-11.666666666666666
nih,unweighted,guarded,74,9,-0.060185185185185154,0.10603964960811435,4.333333333333333,-204.44444444444446
nih,unweighted,empirical,75,9,0.015384615384615379,0.009819121447028381,-1.0,-19.0
nih,unweighted,guarded,75,9,-0.035897435897435895,0.0945736434108527,2.3333333333333335,-183.0
nih,unweighted,empirical,76,9,-0.02222222222222223,0.02262417456215904,1.4444444444444444,-43.77777777777778
nih,unweighted,guarded,76,9,-0.058119658119658135,0.14837783519954062,3.7777777777777777,-287.1111111111111
nih,unweighted,empirical,77,9,-0.0182648401826484,0.024909185262065377,1.3333333333333333,-48.0
nih,unweighted,guarded,77,9,0.016742770167427732,0.11261027503892063,-1.2222222222222223,-217.0
nih,unweighted,empirical,78,9,0.01587301587301583,0.06717145643320141,-1.0,-130.11111111111111
nih,unweighted,guarded,78,9,-0.00176366843033514,0.1487982561808065,0.1111111111111111,-288.22222222222223
nih,unweighted,empirical,79,9,-0.06397306397306399,0.03849247385958862,4.222222222222222,-74.44444444444444
nih,unweighted,guarded,79,9,0.013468013468013443,0.04912099276111689,-0.8888888888888888,-95.0
nih,unweighted,empirical,80,9,-0.022522522522522553,0.013499480789200404,1.6666666666666667,-26.0
nih,unweighted,guarded,80,9,0.004504504504504496,0.052844121379946936,-0.3333333333333333,-101.77777777777777
nih,unweighted,empirical,81,9,-0.04617604617604611,0.05315768186283008,3.5555555555555554,-102.22222222222223
nih,unweighted,guarded,81,9,-0.031746031746031744,0.16114866816894896,2.4444444444444446,-309.8888888888889
nih,unweighted,empirical,82,9,-0.07142857142857144,0.0639608520437536,5.0,-123.44444444444444
nih,unweighted,guarded,82,9,-0.025396825396825393,0.09637305699481863,1.7777777777777777,-186.0
nih,unweighted,empirical,83,9,-0.035426731078905004,0.02572069739340584,2.4444444444444446,-49.666666666666664
nih,unweighted,guarded,83,9,-0.038647342995169046,0.07463030093791359,2.6666666666666665,-144.11111111111111
nih,unweighted,empirical,84,9,0.020833333333333332,0.014634986225895295,-1.3333333333333333,-28.333333333333332
nih,unweighted,guarded,84,9,-0.0625,0.12603305785123967,4.0,-244.0
nih,unweighted,empirical,85,9,-0.048732943469785565,0.09710070337965347,2.7777777777777777,-188.66666666666666
nih,unweighted,guarded,85,9,-0.029239766081871326,0.10973866300680506,1.6666666666666667,-213.22222222222223
nih,unweighted,empirical,86,9,-0.07794361525704813,0.03184457090302925,5.222222222222222,-61.55555555555556
nih,unweighted,guarded,86,9,-0.009950248756218897,0.14393286198769906,0.6666666666666666,-278.22222222222223
nih,unweighted,empirical,87,9,-0.022222222222222216,0.03359173126614988,1.4444444444444444,-65.0
nih,unweighted,guarded,87,9,-0.02735042735042739,0.13804191788687914,1.7777777777777777,-267.1111111111111
nih,unweighted,empirical,88,9,-0.11728395061728397,0.049960031974420484,6.333333333333333,-97.22222222222223
nih,unweighted,guarded,88,9,-0.06995884773662552,0.09706520497887401,3.7777777777777777,-188.88888888888889
nih,unweighted,empirical,89,9,0.0663780663780664,0.011209337262379345,-5.111111111111111,-21.555555555555557
nih,unweighted,guarded,89,9,0.008658008658008698,0.10955104870861504,-0.6666666666666666,-210.66666666666666
nih,unweighted,empirical,90,9,-0.03980099502487565,0.016324653675921126,2.6666666666666665,-31.555555555555557
nih,unweighted,guarded,90,9,-0.07462686567164176,0.18658389377478876,5.0,-360.6666666666667
nih,unweighted,empirical,91,9,-0.04957264957264959,0.042032730404823394,3.2222222222222223,-81.33333333333333
nih,unweighted,guarded,91,9,-0.04615384615384616,0.149985644559288,3.0,-290.22222222222223
nih,unweighted,empirical,92,9,-0.05694444444444443,0.043576388888888914,4.555555555555555,-83.66666666666667
nih,unweighted,guarded,92,9,-0.00277777777777778,0.13987268518518514,0.2222222222222222,-268.55555555555554
nih,unweighted,empirical,93,9,-0.018832391713747645,0.027362756883622417,1.1111111111111112,-53.111111111111114
nih,unweighted,guarded,93,9,0.0169491525423729,0.1460301104814243,-1.0,-283.44444444444446
nih,unweighted,empirical,94,9,-0.050653594771241844,0.044053370140326654,3.4444444444444446,-85.11111111111111
nih,unweighted,guarded,94,9,1.2335811384723961e-17,0.10190936277892804,0.0,-196.88888888888889
nih,unweighted,empirical,95,9,-0.0735042735042735,0.08463967843812806,4.777777777777778,-163.77777777777777
nih,unweighted,guarded,95,9,-0.00512820512820511,0.12219351134079817,0.3333333333333333,-236.44444444444446
nih,unweighted,empirical,96,9,-0.0945273631840796,0.11553716157958267,6.333333333333333,-223.33333333333334
nih,unweighted,guarded,96,9,-0.0033167495854063114,0.11001896878772204,0.2222222222222222,-212.66666666666666
nih,unweighted,empirical,97,9,0.013266998341625159,0.03282175087658796,-0.8888888888888888,-63.44444444444444
nih,unweighted,guarded,97,9,-0.018242122719734664,0.08369259067655342,1.2222222222222223,-161.77777777777777
nih,unweighted,empirical,98,9,-0.13289760348583876,0.02975885069266293,6.777777777777778,-58.0
nih,unweighted,guarded,98,9,-0.02396514161220044,0.14275126845675848,1.2222222222222223,-278.22222222222223
nih,unweighted,empirical,99,9,-0.012519561815336496,0.023904152986579094,0.8888888888888888,-46.111111111111114
nih,unweighted,guarded,99,9,-0.03912363067292644,0.10552387535280222,2.7777777777777777,-203.55555555555554
nih,unweighted,empirical,100,9,-0.0666666666666667,0.045707723227103085,4.333333333333333,-88.44444444444444
nih,unweighted,guarded,100,9,-0.0017094017094017157,0.13964972724662647,0.1111111111111111,-270.22222222222223
nih,unweighted,empirical,101,9,-0.04629629629629631,0.05790378006872855,2.7777777777777777,-112.33333333333333
nih,unweighted,guarded,101,9,-0.024074074074074064,0.13447880870561285,1.4444444444444444,-260.8888888888889
nih,unweighted,empirical,102,9,-0.03703703703703704,0.06626575028636884,2.2222222222222223,-128.55555555555554
nih,unweighted,guarded,102,9,-0.01851851851851854,0.10326460481099652,1.1111111111111112,-200.33333333333334
nih,unweighted,empirical,103,9,-0.030555555555555544,0.03744212962962961,2.4444444444444446,-71.88888888888889
nih,unweighted,guarded,103,9,-0.013888888888888902,0.13761574074074076,1.1111111111111112,-264.22222222222223
nih,unweighted,empirical,104,9,-0.06666666666666665,0.11429398148148145,5.333333333333333,-219.44444444444446
nih,unweighted,guarded,104,9,-0.03888888888888886,0.11076388888888888,3.111111111111111,-212.66666666666666
nih,unweighted,empirical,105,9,-0.04666666666666665,0.06558404558404556,2.3333333333333335,-127.88888888888889
nih,unweighted,guarded,105,9,-0.017777777777777795,0.1350997150997151,0.8888888888888888,-263.44444444444446
nih,unweighted,empirical,106,9,-0.02339181286549709,0.023331023331023326,1.7777777777777777,-44.888888888888886
nih,unweighted,guarded,106,9,-0.06140350877192982,0.14974589974589972,4.666666666666667,-288.1111111111111
nih,unweighted,empirical,107,9,-0.03418803418803418,0.026815963250071802,2.2222222222222223,-51.888888888888886
nih,unweighted,guarded,107,9,-0.02051282051282055,0.1355153603215619,1.3333333333333333,-262.22222222222223
nih,unweighted,empirical,108,9,-0.018055555555555554,0.01348379629629627,1.4444444444444444,-25.88888888888889
nih,unweighted,guarded,108,9,-0.05277777777777775,0.1695023148148148,4.222222222222222,-325.44444444444446
nih,unweighted,empirical,109,9,-0.02321724709784408,0.014542737253549463,1.5555555555555556,-28.11111111111111
nih,unweighted,guarded,109,9,0.006633499170812598,0.11829625797551306,-0.4444444444444444,-228.66666666666666
nih,unweighted,empirical,110,9,0.031986531986531994,0.022118809605882986,-2.111111111111111,-42.77777777777778
nih,unweighted,guarded,110,9,-0.01010101010101013,0.09950591749971277,0.6666666666666666,-192.44444444444446
nih,unweighted,empirical,111,9,0.00782472613458528,0.035942630032832185,-0.5555555555555556,-69.33333333333333
nih,unweighted,guarded,111,9,-0.0203442879499218,0.1604170266689707,1.4444444444444444,-309.44444444444446
nih,unweighted,empirical,112,9,-0.09259259259259256,0.023702162099664716,7.222222222222222,-45.55555555555556
nih,unweighted,guarded,112,9,-0.06695156695156697,0.11937796277026244,5.222222222222222,-229.44444444444446
nih,unweighted,empirical,113,9,-0.02777777777777779,0.025500910746812377,1.3333333333333333,-49.77777777777778
nih,unweighted,guarded,113,9,-0.0486111111111111,0.11304644808743171,2.3333333333333335,-220.66666666666666
nih,unweighted,empirical,114,9,0.009523809523809514,0.02786413356361544,-0.6666666666666666,-53.77777777777778
nih,unweighted,guarded,114,9,-0.04126984126984127,0.11358664363845716,2.888888888888889,-219.22222222222223
nih,unweighted,empirical,115,9,-0.05641025641025643,0.04065460809646854,3.6666666666666665,-78.66666666666667
nih,unweighted,guarded,115,9,-0.07350427350427353,0.13471145564168818,4.777777777777778,-260.6666666666667
nih,unweighted,empirical,116,9,-0.020036429872495456,0.02928198957079822,1.2222222222222223,-56.77777777777778
nih,unweighted,guarded,116,9,0.003642987249544643,0.09300326628846482,-0.2222222222222222,-180.33333333333334
nih,unweighted,empirical,117,9,-0.0696517412935323,0.03408633672472264,4.666666666666667,-65.88888888888889
nih,unweighted,guarded,117,9,-0.018242122719734674,0.1118008852100937,1.2222222222222223,-216.11111111111111
nih,unweighted,empirical,118,9,-0.036363636363636376,0.06689517280776919,2.0,-130.11111111111111
nih,unweighted,guarded,118,9,-0.02424242424242424,0.13413310482719223,1.3333333333333333,-260.8888888888889
nih,unweighted,empirical,119,9,-0.03896103896103889,0.1032530190096493,3.0,-198.55555555555554
nih,unweighted,guarded,119,9,-0.004329004329004331,0.15138383313110307,0.3333333333333333,-291.1111111111111
nih,unweighted,empirical,120,9,-0.07270233196159122,0.06803311910138382,5.888888888888889,-130.55555555555554
nih,unweighted,guarded,120,9,-0.08504801097393692,0.17885472757802098,6.888888888888889,-343.22222222222223
nih,unweighted,empirical,121,9,-0.06602254428341382,0.04603256804188966,4.555555555555555,-88.88888888888889
nih,unweighted,guarded,121,9,-0.08051529790660227,0.11404568732378159,5.555555555555555,-220.22222222222223
nih,unweighted,empirical,122,9,-0.01587301587301583,0.03367177192680548,1.0,-65.22222222222223
nih,unweighted,guarded,122,9,0.03350970017636686,0.11856823266219235,-2.111111111111111,-229.66666666666666
nih,unweighted,empirical,123,9,0.01629629629629629,0.01731601731601731,-1.2222222222222223,-33.333333333333336
nih,unweighted,guarded,123,9,-0.01777777777777782,0.1272727272727273,1.3333333333333333,-245.0
nih,unweighted,empirical,124,9,-0.03367003367003366,0.03694128461450075,2.2222222222222223,-71.44444444444444
nih,unweighted,guarded,124,9,-0.018518518518518514,0.09841433988279902,1.2222222222222223,-190.33333333333334
nih,unweighted,empirical,125,9,-0.021604938271604923,0.058667588750576316,1.5555555555555556,-113.11111111111111
nih,unweighted,guarded,125,9,0.0030864197530864213,0.14298063623789764,-0.2222222222222222,-275.6666666666667
nih,unweighted,empirical,126,9,-0.059722222222222246,0.12187500000000001,4.777777777777778,-234.0
nih,unweighted,guarded,126,9,-0.019444444444444462,0.09519675925925927,1.5555555555555556,-182.77777777777777
nih,unweighted,empirical,127,9,0.011851851851851843,0.04865800865800867,-0.8888888888888888,-93.66666666666667
nih,unweighted,guarded,127,9,0.0029629629629629698,0.14718614718614717,-0.2222222222222222,-283.3333333333333
nih,unweighted,empirical,128,9,-3.700743415417188e-17,0.03527245526209793,0.0,-68.11111111111111
nih,unweighted,guarded,128,9,0.0032206119162640798,0.130962656079176,-0.2222222222222222,-252.88888888888889
nih,unweighted,empirical,129,9,-0.06493506493506494,0.07869648119258102,5.0,-151.33333333333334
nih,unweighted,guarded,129,9,-0.007215007215007218,0.12809845727162422,0.5555555555555556,-246.33333333333334
nih,unweighted,empirical,130,9,-0.06441223832528184,0.06220150756660339,4.444444444444445,-120.11111111111111
nih,unweighted,guarded,130,9,-0.059581320450885676,0.12423039300304965,4.111111111111111,-239.88888888888889
nih,unweighted,empirical,131,9,-0.05641025641025643,0.04013781223083547,3.6666666666666665,-77.66666666666667
nih,unweighted,guarded,131,9,-0.05982905982905989,0.12345679012345684,3.888888888888889,-238.88888888888889
nih,unweighted,empirical,132,9,-0.10678210678210671,0.11908476339053561,8.222222222222221,-229.0
nih,unweighted,guarded,132,9,0.0432900432900433,0.093950424683654,-3.3333333333333335,-180.66666666666666
nih,unweighted,empirical,133,9,-0.046948356807511714,0.026380968838200562,3.3333333333333335,-50.888888888888886
nih,unweighted,guarded,133,9,-0.031298904538341166,0.02344335003744026,2.2222222222222223,-45.22222222222222
nih,unweighted,empirical,134,9,-0.09121061359867332,0.07340346036672986,6.111111111111111,-141.88888888888889
nih,unweighted,guarded,134,9,-0.056384742951907124,0.13789733862160142,3.7777777777777777,-266.55555555555554
nih,unweighted,empirical,135,9,-0.013698630136986308,0.06867323992388862,1.0,-132.33333333333334
nih,unweighted,guarded,135,9,-0.0243531202435312,0.12437294585711814,1.7777777777777777,-239.66666666666666
nih,unweighted,empirical,136,9,0.004975124378109492,0.0813358625050296,-0.3333333333333333,-157.22222222222223
nih,unweighted,guarded,136,9,0.04145936981757878,0.12553888601483015,-2.7777777777777777,-242.66666666666666
nih,unweighted,empirical,137,9,-0.212962962962963,0.11093713755509164,17.88888888888889,-212.55555555555554
nih,unweighted,guarded,137,9,-0.0661375661375661,0.15796798886569247,5.555555555555555,-302.6666666666667
nih,unweighted,empirical,138,9,-0.06725146198830406,0.06300531300531304,5.111111111111111,-121.22222222222223
nih,unweighted,guarded,138,9,-0.03508771929824561,0.10164010164010165,2.6666666666666665,-195.55555555555554
nih,unweighted,empirical,139,9,-0.0308641975308642,0.04097510373443981,2.2222222222222223,-79.0
nih,unweighted,guarded,139,9,-0.03858024691358028,0.11889119409866294,2.7777777777777777,-229.22222222222223
nih,unweighted,empirical,140,9,-0.033625730994152066,0.019173019173019192,2.5555555555555554,-36.888888888888886
nih,unweighted,guarded,140,9,-0.06432748538011696,0.1258951258951259,4.888888888888889,-242.22222222222223
nih,unweighted,empirical,141,9,-0.04189435336976318,0.12578075754971063,2.5555555555555554,-243.88888888888889
nih,unweighted,guarded,141,9,0.02732240437158473,0.11495043263996335,-1.6666666666666667,-222.88888888888889
nih,unweighted,empirical,142,9,-0.04296296296296297,0.03549783549783552,3.2222222222222223,-68.33333333333333
nih,unweighted,guarded,142,9,0.004444444444444424,0.09893217893217893,-0.3333333333333333,-190.44444444444446
nih,unweighted,empirical,143,9,-0.060606060606060615,0.06136245449817993,4.666666666666667,-118.0
nih,unweighted,guarded,143,9,-0.037518037518037534,0.1329519847460565,2.888888888888889,-255.66666666666666
nih,unweighted,empirical,144,9,-0.0015649452269171052,0.007833650135360835,0.1111111111111111,-15.11111111111111
nih,unweighted,guarded,144,9,-0.015649452269170583,0.08617015148896957,1.1111111111111112,-166.22222222222223
nih,unweighted,empirical,145,9,-0.05631659056316592,0.05154817505621867,4.111111111111111,-99.33333333333333
nih,unweighted,guarded,145,9,-0.1111111111111111,0.18122585481173958,8.11111111111111,-349.22222222222223
nih,unweighted,empirical,146,9,0.020202020202020173,-0.0019067429363841166,-1.5555555555555556,3.6666666666666665
nih,unweighted,guarded,146,9,0.017316017316017323,0.07730975905702894,-1.3333333333333333,-148.66666666666666
nih,unweighted,empirical,147,9,-0.0692167577413479,0.060970718010429206,4.222222222222222,-118.22222222222223
nih,unweighted,guarded,147,9,-0.03825136612021859,0.11426279296315399,2.3333333333333335,-221.55555555555554
nih,unweighted,empirical,148,9,0.02222222222222223,0.016119746689694847,-1.5555555555555556,-31.11111111111111
nih,unweighted,guarded,148,9,-0.03968253968253969,0.08934945308002301,2.7777777777777777,-172.44444444444446
nih,unweighted,empirical,149,9,-0.08024691358024692,0.0727293683725219,5.777777777777778,-140.22222222222223
nih,unweighted,guarded,149,9,-0.02469135802469138,0.14177040110650063,1.7777777777777777,-273.3333333333333
nih,unweighted,empirical,150,9,-0.09859154929577466,0.06399400956166118,7.0,-123.44444444444444
nih,unweighted,guarded,150,9,-0.061032863849765265,0.16387304878751224,4.333333333333333,-316.1111111111111
nih,unweighted,empirical,151,9,-0.021857923497267735,0.0828032777491261,1.3333333333333333,-160.55555555555554
nih,unweighted,guarded,151,9,0.01092896174863388,0.12686952037132546,-0.6666666666666666,-246.0
nih,unweighted,empirical,152,9,-0.11594202898550726,0.07819782496116003,8.0,-151.0
nih,unweighted,guarded,152,9,-0.03864734299516908,0.13804016341561656,2.6666666666666665,-266.55555555555554
nih,unweighted,empirical,153,9,-0.025435073627844734,0.017678084970729733,2.111111111111111,-33.888888888888886
nih,unweighted,guarded,153,9,-0.04149933065595712,0.15232133541992698,3.4444444444444446,-292.0
nih,unweighted,empirical,154,9,0.0036429872495446184,0.010486505071342571,-0.2222222222222222,-20.333333333333332
nih,unweighted,guarded,154,9,-0.023679417122040088,0.11122571772391263,1.4444444444444444,-215.66666666666666
nih,unweighted,empirical,155,9,-0.09121061359867329,0.06052767718572164,6.111111111111111,-117.0
nih,unweighted,guarded,155,9,-0.02653399668325042,0.12582629188940622,1.7777777777777777,-243.22222222222223
nih,unweighted,empirical,156,9,0.006734006734006728,0.011432839250833025,-0.4444444444444444,-22.11111111111111
nih,unweighted,guarded,156,9,0.020202020202020173,0.06963116166839023,-1.3333333333333333,-134.66666666666666
nih,unweighted,empirical,157,9,-0.012750455373406208,0.055011174144748126,0.7777777777777778,-106.66666666666667
nih,unweighted,guarded,157,9,-0.010928961748633892,0.14262792963153975,0.6666666666666666,-276.55555555555554
nih,unweighted,empirical,158,9,-0.05007824726134583,0.03237140717700596,3.5555555555555554,-62.44444444444444
nih,unweighted,guarded,158,9,-0.009389671361502372,0.11779275387362476,0.6666666666666666,-227.22222222222223
nih,unweighted,empirical,159,9,-0.010416666666666666,0.0647382920110193,0.6666666666666666,-125.33333333333333
nih,unweighted,guarded,159,9,0.005208333333333333,0.11862947658402202,-0.3333333333333333,-229.66666666666666
nih,unweighted,empirical,160,9,-0.07936507936507935,0.042487046632124374,5.555555555555555,-82.0
nih,unweighted,guarded,160,9,-0.019047619047619067,0.11565918249856076,1.3333333333333333,-223.22222222222223
nih,unweighted,empirical,161,9,-0.030465949820788565,0.07321408095401906,1.8888888888888888,-141.88888888888889
nih,unweighted,guarded,161,9,0.0017921146953405126,0.08445132438940489,-0.1111111111111111,-163.66666666666666
nih,unweighted,empirical,162,9,-0.009259259259259238,0.059151009046624924,0.7777777777777778,-113.33333333333333
nih,unweighted,guarded,162,9,-0.03439153439153437,0.11435861749014148,2.888888888888889,-219.11111111111111
nih,unweighted,empirical,163,9,-0.004761904761904708,0.036327000575705246,0.3333333333333333,-70.11111111111111
nih,unweighted,guarded,163,9,-0.015873015873015855,0.08554979850316641,1.1111111111111112,-165.11111111111111
nih,unweighted,empirical,164,9,-0.09233176838810637,0.08265652900178562,6.555555555555555,-159.44444444444446
nih,unweighted,guarded,164,9,-0.015649452269170583,0.13835608547894707,1.1111111111111112,-266.8888888888889
nih,unweighted,empirical,165,9,-0.10843373493975905,0.07129194922622153,9.0,-136.66666666666666
nih,unweighted,guarded,165,9,-0.03212851405622492,0.12461600881006202,2.6666666666666665,-238.88888888888889
nih,unweighted,empirical,166,9,-0.02743484224965705,0.058826935325111435,2.2222222222222223,-112.88888888888889
nih,unweighted,guarded,166,9,0.0054869684499314125,0.09680968096809678,-0.4444444444444444,-185.77777777777777
nih,unweighted,empirical,167,9,-0.034608378870673966,0.014497736519397156,2.111111111111111,-28.11111111111111
nih,unweighted,guarded,167,9,1.2335811384723961e-17,0.11712795828319293,0.0,-227.11111111111111
nih,unweighted,empirical,168,9,-0.004444444444444424,0.042424242424242475,0.3333333333333333,-81.66666666666667
nih,unweighted,guarded,168,9,0.013333333333333332,0.13633477633477634,-1.0,-262.44444444444446
nih,unweighted,empirical,169,9,-0.15895061728395066,0.15813739050253572,11.444444444444445,-304.8888888888889
nih,unweighted,guarded,169,9,-0.09567901234567905,0.12747810050714614,6.888888888888889,-245.77777777777777
nih,unweighted,empirical,170,9,-0.06375227686703096,0.02200446965789926,3.888888888888889,-42.666666666666664
nih,unweighted,guarded,170,9,-0.009107468123861552,0.09707180104292017,0.5555555555555556,-188.22222222222223
nih,unweighted,empirical,171,9,-0.09427609427609424,0.024819027921406372,6.222222222222222,-48.0
nih,unweighted,guarded,171,9,-0.10101010101010104,0.14316902217626107,6.666666666666667,-276.8888888888889
nih,unweighted,empirical,172,9,-0.054613935969868174,0.03469002232526189,3.2222222222222223,-67.33333333333333
nih,unweighted,guarded,172,9,-0.052730696798493404,0.14620184326521268,3.111111111111111,-283.77777777777777
nih,unweighted,empirical,173,9,-0.09375,0.03759182736455464,6.0,-72.77777777777777
nih,unweighted,guarded,173,9,-0.06076388888888889,0.09791092745638197,3.888888888888889,-189.55555555555554
nih,unweighted,empirical,174,9,-0.015250544662309387,0.04914201014765408,0.7777777777777778,-95.77777777777777
nih,unweighted,guarded,174,9,-0.04139433551198256,0.09075879368337038,2.111111111111111,-176.88888888888889
nih,unweighted,empirical,175,9,0.015325670498084297,0.023929836789219967,-1.3333333333333333,-45.77777777777778
nih,unweighted,guarded,175,9,0.03959131545338446,-0.009235058372538747,-3.4444444444444446,17.666666666666668
nih,unweighted,empirical,176,9,-0.10101010101010105,0.08256774715433061,7.777777777777778,-158.77777777777777
nih,unweighted,guarded,176,9,-0.10533910533910534,0.18790084936730803,8.11111111111111,-361.3333333333333
nih,unweighted,empirical,177,9,0.001543209876543192,0.027547256800368833,-0.1111111111111111,-53.111111111111114
nih,unweighted,guarded,177,9,-0.009259259259259252,0.08511987090825265,0.6666666666666666,-164.11111111111111
nih,unweighted,empirical,178,9,-0.07936507936507935,0.08658606793321816,5.555555555555555,-167.11111111111111
nih,unweighted,guarded,178,9,-0.04126984126984125,0.10915371329879102,2.888888888888889,-210.66666666666666
nih,unweighted,empirical,179,9,-0.04567901234567901,0.04351367073880162,4.111111111111111,-83.11111111111111
nih,unweighted,guarded,179,9,-0.0049382716049382784,0.13275159976730655,0.4444444444444444,-253.55555555555554
nih,unweighted,empirical,180,9,-0.05790297339593119,0.038995449570877305,4.111111111111111,-75.22222222222223
nih,unweighted,guarded,180,9,-0.006259780907668211,0.10840389378492024,0.4444444444444444,-209.11111111111111
nih,unweighted,empirical,181,9,-0.056466302367941715,0.024926938284338982,3.4444444444444446,-48.333333333333336
nih,unweighted,guarded,181,9,-3.700743415417188e-17,-0.0004011231448054733,0.0,0.7777777777777778
nih,unweighted,empirical,182,9,0.016666666666666694,5.7273768613974596e-05,-1.0,-0.1111111111111111
nih,unweighted,guarded,182,9,0.035185185185185174,0.025200458190148947,-2.111111111111111,-48.888888888888886
nih,unweighted,empirical,183,9,0.05913978494623654,-0.007911936704506382,-3.6666666666666665,15.333333333333334
nih,unweighted,guarded,183,9,-0.03584229390680999,0.10216718266253873,2.2222222222222223,-198.0
nih,unweighted,empirical,184,9,-0.07355242566510174,0.1135303265940902,5.222222222222222,-219.0
nih,unweighted,guarded,184,9,-0.07511737089201882,0.13461206151719368,5.333333333333333,-259.6666666666667
nih,unweighted,empirical,185,9,0.029850746268656764,0.07978387078231876,-2.0,-154.22222222222223
nih,unweighted,guarded,185,9,0.031509121061359883,0.14427774903719032,-2.111111111111111,-278.8888888888889
nih,unweighted,empirical,186,9,-0.07744107744107744,0.12208433873376995,5.111111111111111,-236.11111111111111
nih,unweighted,guarded,186,9,-0.020202020202020197,0.14460530851430542,1.3333333333333333,-279.6666666666667
nih,unweighted,empirical,187,9,0.01651651651651652,0.009172724125995148,-1.2222222222222223,-17.666666666666668
nih,unweighted,guarded,187,9,-0.031531531531531515,0.15189800392292602,2.3333333333333335,-292.55555555555554
nih,unweighted,empirical,188,9,-0.07198748043818465,0.03934105178273137,5.111111111111111,-75.88888888888889
nih,unweighted,guarded,188,9,-0.04851330203442877,0.08542134669661887,3.4444444444444446,-164.77777777777777
nih,unweighted,empirical,189,9,-0.04654654654654654,0.06547825083650634,3.4444444444444446,-126.11111111111111
nih,unweighted,guarded,189,9,-0.03603603603603605,0.1385139033114111,2.6666666666666665,-266.77777777777777
nih,unweighted,empirical,190,9,0.024691358024691357,0.053077455048409404,-1.7777777777777777,-102.33333333333333
nih,unweighted,guarded,190,9,0.02777777777777779,0.07999077916090366,-2.0,-154.22222222222223
nih,unweighted,empirical,191,9,-0.047058823529411736,0.040673049028140396,4.0,-77.88888888888889
nih,unweighted,guarded,191,9,-0.011764705882352974,0.11552074267478968,1.0,-221.22222222222223
nih,unweighted,empirical,192,9,-0.02891933028919332,0.03205904399469531,2.111111111111111,-61.77777777777778
nih,unweighted,guarded,192,9,-0.10197869101978688,0.14928213111918354,7.444444444444445,-287.6666666666667
nih,unweighted,empirical,193,9,-0.012519561815336484,0.045389090490179175,0.8888888888888888,-87.55555555555556
nih,unweighted,guarded,193,9,-0.029733959311424123,0.13628247220782216,2.111111111111111,-262.8888888888889
nih,unweighted,empirical,194,9,-0.04735883424408011,0.07008194372815311,2.888888888888889,-135.88888888888889
nih,unweighted,guarded,194,9,-0.016393442622950814,0.09191450346685005,1.0,-178.22222222222223
nih,unweighted,empirical,195,9,-0.06464646464646466,0.08900314195944016,3.5555555555555554,-173.11111111111111
nih,unweighted,guarded,195,9,-0.03838383838383838,0.1558411882319337,2.111111111111111,-303.1111111111111
nih,unweighted,empirical,196,9,-0.04483430799220277,0.01881397609652882,2.5555555555555554,-36.55555555555556
nih,unweighted,guarded,196,9,-0.044834307992202706,0.08206095956996626,2.5555555555555554,-159.44444444444446
nih,unweighted,empirical,197,9,-0.018779342723004706,0.060192385231265466,1.3333333333333333,-116.11111111111111
nih,unweighted,guarded,197,9,-0.02973395931142407,0.12026956972524622,2.111111111111111,-232.0
nih,unweighted,empirical,198,9,-0.05633802816901409,0.06566442025228963,4.0,-126.66666666666667
nih,unweighted,guarded,198,9,-0.03442879499217531,0.10264385692068428,2.4444444444444446,-198.0
nih,unweighted,empirical,199,9,-0.12935323383084574,0.07593263206299938,8.666666666666666,-146.77777777777777
nih,unweighted,guarded,199,9,-0.04643449419568822,0.09852273380467898,3.111111111111111,-190.44444444444446
nih,unweighted,empirical,200,9,-0.05555555555555555,0.01961122613296524,3.7777777777777777,-37.888888888888886
nih,unweighted,guarded,200,9,-0.1372549019607843,0.2005406027145158,9.333333333333334,-387.44444444444446
nih,unweighted,empirical,201,9,-0.019400352733686073,0.061951471347444484,1.2222222222222223,-120.0
nih,unweighted,guarded,201,9,-0.02821869488536159,0.15011759307061318,1.7777777777777777,-290.77777777777777
nih,unweighted,empirical,202,9,-0.051282051282051336,0.026528854435831146,3.3333333333333335,-51.333333333333336
nih,unweighted,guarded,202,9,-0.022222222222222216,0.15090439276485787,1.4444444444444444,-292.0
nih,unweighted,empirical,203,9,-0.04953145917001342,0.014780038254216662,4.111111111111111,-28.333333333333332
nih,unweighted,guarded,203,9,0.00937081659973228,0.05031009099866687,-0.7777777777777778,-96.44444444444444
nih,unweighted,empirical,204,9,0.034188034188034205,-0.0222338629881846,-3.111111111111111,42.44444444444444
nih,unweighted,guarded,204,9,-0.09768009768009768,0.1107618881322391,8.88888888888889,-211.44444444444446
nih,unweighted,empirical,205,9,-0.10928961748633884,0.07884934960747234,6.666666666666667,-152.88888888888889
nih,unweighted,guarded,205,9,-0.07285974499089252,0.12056615666723973,4.444444444444445,-233.77777777777777
nih,unweighted,empirical,206,9,0.010928961748633855,0.02779210360437798,-0.6666666666666666,-53.888888888888886
nih,unweighted,guarded,206,9,0.005464480874316934,0.12950547246576127,-0.3333333333333333,-251.11111111111111
nih,unweighted,empirical,207,9,-0.0018214936247722784,0.010830324909747299,0.1111111111111111,-21.0
nih,unweighted,guarded,207,9,-0.02185792349726777,0.10142685232937941,1.3333333333333333,-196.66666666666666
nih,unweighted,empirical,208,9,0.007032348804500704,0.046387876684597144,-0.5555555555555556,-89.11111111111111
nih,unweighted,guarded,208,9,-0.009845288326300963,0.1734050552374342,0.7777777777777778,-333.1111111111111
nih,unweighted,empirical,209,9,-0.13848631239935585,0.13763737844524998,9.555555555555555,-265.77777777777777
nih,unweighted,guarded,209,9,-0.020933977455716568,0.15875481903446692,1.4444444444444444,-306.55555555555554
nih,unweighted,empirical,210,9,-0.0912106135986733,0.05771109961487612,6.111111111111111,-111.55555555555556
nih,unweighted,guarded,210,9,-0.028192371475953562,0.11697419095246303,1.8888888888888888,-226.11111111111111
nih,unweighted,empirical,211,9,-0.04126984126984126,0.05365572826712725,2.888888888888889,-103.55555555555556
nih,unweighted,guarded,211,9,-0.08253968253968254,0.16827864133563614,5.777777777777778,-324.77777777777777
nih,unweighted,empirical,212,9,-0.07679738562091505,0.11795491143317231,5.222222222222222,-227.88888888888889
nih,unweighted,guarded,212,9,-0.049019607843137275,0.09995399125833909,3.3333333333333335,-193.11111111111111
nih,unweighted,empirical,213,9,0.08212560386473428,-0.0035675240232464368,-5.666666666666667,6.888888888888889
nih,unweighted,guarded,213,9,-0.028985507246376843,0.12555382933425396,2.0,-242.44444444444446
nih,unweighted,empirical,214,9,-0.008680555555555556,0.02519513314967856,0.5555555555555556,-48.77777777777778
nih,unweighted,guarded,214,9,0.0,0.0437901744719927,0.0,-84.77777777777777
nih,unweighted,empirical,215,9,-0.05381944444444445,0.036042240587695146,3.4444444444444446,-69.77777777777777
nih,unweighted,guarded,215,9,-0.012152777777777778,0.14680899908172634,0.7777777777777778,-284.22222222222223
nih,unweighted,empirical,216,9,-0.11788617886178862,0.05543969412582549,9.666666666666666,-106.33333333333333
nih,unweighted,guarded,216,9,-0.11924119241192413,0.19383617193836172,9.777777777777779,-371.77777777777777
nih,unweighted,empirical,217,9,-0.06301824212271977,0.06265448065758465,4.222222222222222,-121.11111111111111
nih,unweighted,guarded,217,9,0.004975124378109467,0.13065471058228428,-0.3333333333333333,-252.55555555555554
nih,unweighted,empirical,218,9,-0.004444444444444461,0.02193362193362193,0.3333333333333333,-42.22222222222222
nih,unweighted,guarded,218,9,-0.008888888888888884,0.11018759018759021,0.6666666666666666,-212.11111111111111
nih,unweighted,empirical,219,9,-0.11290322580645161,0.038069028781103104,7.0,-73.77777777777777
nih,unweighted,guarded,219,9,-0.0967741935483871,0.17956656346749228,6.0,-348.0
nih,unweighted,empirical,220,9,0.022222222222222206,0.018422567645365578,-1.5555555555555556,-35.55555555555556
nih,unweighted,guarded,220,9,-0.0412698412698413,0.14375359815774325,2.888888888888889,-277.44444444444446
nih,unweighted,empirical,221,9,-0.043055555555555576,0.040219907407407426,3.4444444444444446,-77.22222222222223
nih,unweighted,guarded,221,9,-0.07222222222222224,0.11631944444444449,5.777777777777778,-223.33333333333334
nih,unweighted,empirical,222,9,-0.0756172839506173,0.021957123098201945,5.444444444444445,-42.333333333333336
nih,unweighted,guarded,222,9,-0.021604938271604937,0.10367680958967267,1.5555555555555556,-199.88888888888889
nih,unweighted,empirical,223,9,-0.01731601731601726,0.019529670075691914,1.3333333333333333,-37.55555555555556
nih,unweighted,guarded,223,9,0.004329004329004331,0.10076847518345179,-0.3333333333333333,-193.77777777777777
nih,unweighted,empirical,224,9,-0.12769485903814257,0.05575673966775877,8.555555555555555,-107.77777777777777
nih,unweighted,guarded,224,9,-0.014925373134328365,0.08133586250502958,1.0,-157.22222222222223
nih,unweighted,empirical,225,9,-0.07083333333333335,0.05358796296296295,5.666666666666667,-102.88888888888889
nih,unweighted,guarded,225,9,-0.04583333333333336,0.15028935185185188,3.6666666666666665,-288.55555555555554
nih,unweighted,empirical,226,9,-0.02267573696145127,0.042200580898684406,1.1111111111111112,-82.33333333333333
nih,unweighted,guarded,226,0,,,,
nih,unweighted,empirical,227,9,0.010335917312661543,0.03570184604667365,-0.8888888888888888,-68.33333333333333
nih,unweighted,guarded,227,9,-0.028423772609819122,0.11592940903285726,2.4444444444444446,-221.88888888888889
nih,unweighted,empirical,228,9,-0.06602254428341385,0.031820012658956204,4.555555555555555,-61.44444444444444
nih,unweighted,guarded,228,9,-0.06763285024154593,0.16272512802807984,4.666666666666667,-314.22222222222223
nih,unweighted,empirical,229,9,0.014285714285714284,0.019286125503742115,-1.0,-37.22222222222222
nih,unweighted,guarded,229,9,0.055555555555555546,0.04029936672423717,-3.888888888888889,-77.77777777777777
nih,unweighted,empirical,230,9,-0.039072039072039044,0.03602817065362898,3.5555555555555554,-68.77777777777777
nih,unweighted,guarded,230,9,-0.0012210012210012043,0.10965601536581104,0.1111111111111111,-209.33333333333334
nih,unweighted,empirical,231,9,0.11952861952861954,-0.029874755831322486,-7.888888888888889,57.77777777777778
nih,unweighted,guarded,231,9,0.02356902356902361,0.04044582327932898,-1.5555555555555556,-78.22222222222223
nih,unweighted,empirical,232,9,-0.044444444444444446,0.020428240740740764,3.5555555555555554,-39.22222222222222
nih,unweighted,guarded,232,9,-0.02916666666666665,0.1577546296296296,2.3333333333333335,-302.8888888888889
nih,unweighted,empirical,233,9,-0.11952861952861954,0.06785016660921521,7.888888888888889,-131.22222222222223
nih,unweighted,guarded,233,9,-0.14983164983164984,0.1857405492358957,9.88888888888889,-359.22222222222223
nih,unweighted,empirical,234,9,-0.04824561403508776,0.05289905289905291,3.6666666666666665,-101.77777777777777
nih,unweighted,guarded,234,9,-0.03362573099415204,0.08512358512358512,2.5555555555555554,-163.77777777777777
nih,unweighted,empirical,235,9,-0.03516174402250354,0.05934409161894848,2.7777777777777777,-114.0
nih,unweighted,guarded,235,9,-0.05203938115330523,0.1410723581467985,4.111111111111111,-271.0
nih,unweighted,empirical,236,9,-0.10344827586206896,0.07815539535415955,6.0,-151.77777777777777
nih,unweighted,guarded,236,9,-0.06896551724137931,0.12060876530495479,4.0,-234.22222222222223
nih,unweighted,empirical,237,9,-0.11428571428571427,0.14202648244099023,8.0,-274.1111111111111
nih,unweighted,guarded,237,9,-0.031746031746031744,0.14905008635578584,2.2222222222222223,-287.6666666666667
nih,unweighted,empirical,238,9,0.041666666666666664,0.0503902662993572,-2.6666666666666665,-97.55555555555556
nih,unweighted,guarded,238,9,0.0798611111111111,0.03764921946740128,-5.111111111111111,-72.88888888888889
nih,unweighted,empirical,239,9,-0.04273504273504272,0.07390180878552975,2.7777777777777777,-143.0
nih,unweighted,guarded,239,9,-0.0547008547008547,0.15733563020384725,3.5555555555555554,-304.44444444444446
nih,unweighted,empirical,240,9,-0.048888888888888885,0.06989898989898988,3.6666666666666665,-134.55555555555554
nih,unweighted,guarded,240,9,0.002962962962962945,0.1062626262626263,-0.2222222222222222,-204.55555555555554
nih,unweighted,empirical,241,9,0.11703703703703702,-0.026551226551226523,-8.777777777777779,51.111111111111114
nih,unweighted,guarded,241,9,0.06370370370370369,-0.01518037518037517,-4.777777777777778,29.22222222222222
nih,unweighted,empirical,242,9,0.10806697108066972,0.00686155797728194,-7.888888888888889,-13.222222222222221
nih,unweighted,guarded,242,9,0.010654490106544881,0.010609467796805593,-0.7777777777777778,-20.444444444444443
nih,unweighted,empirical,243,9,-0.034722222222222224,0.04155188246097336,2.2222222222222223,-80.44444444444444
nih,unweighted,guarded,243,9,-0.024305555555555556,0.13337924701561063,1.5555555555555556,-258.22222222222223
nih,unweighted,empirical,244,9,0.013333333333333308,0.009870129870129881,-1.0,-19.0
nih,unweighted,guarded,244,9,-0.011851851851851829,0.05604617604617606,0.8888888888888888,-107.88888888888889
nih,unweighted,empirical,245,9,-0.10916179337231974,0.12517870418024818,6.222222222222222,-243.22222222222223
nih,unweighted,guarded,245,9,-0.031189083820662752,0.14067593069137077,1.7777777777777777,-273.3333333333333
nih,unweighted,empirical,246,9,-0.020325203252032537,0.04084115397984013,1.6666666666666667,-78.33333333333333
nih,unweighted,guarded,246,9,-0.010840108401083995,0.11232765612327657,0.8888888888888888,-215.44444444444446
nih,unweighted,empirical,247,9,-0.06633499170812601,0.07242628039317126,4.444444444444445,-140.0
nih,unweighted,guarded,247,9,-0.034825870646766156,0.13237914582974078,2.3333333333333335,-255.88888888888889
nih,unweighted,empirical,248,9,-0.05555555555555553,0.06203029251936641,4.333333333333333,-119.22222222222223
nih,unweighted,guarded,248,9,-0.034188034188034205,0.14198173199213782,2.6666666666666665,-272.8888888888889
nih,unweighted,empirical,249,9,0.004694835680751192,0.03530902597776628,-0.3333333333333333,-68.11111111111111
nih,unweighted,guarded,249,9,-0.02034428794992175,0.1669834686941996,1.4444444444444444,-322.1111111111111
nih,unweighted,empirical,250,9,-0.04504504504504508,0.04736356293988691,3.3333333333333335,-91.22222222222223
nih,unweighted,guarded,250,9,-0.025525525525525547,0.10193838698511595,1.8888888888888888,-196.33333333333334
nih,unweighted,empirical,251,9,-0.10101010101010104,0.14161783293117314,6.666666666666667,-273.8888888888889
nih,unweighted,guarded,251,9,-0.01178451178451181,0.15885326898770538,0.7777777777777778,-307.22222222222223
nih,unweighted,empirical,252,9,-0.09230769230769234,0.05196669537754809,6.0,-100.55555555555556
nih,unweighted,guarded,252,9,-0.025641025641025647,0.11834625322997414,1.6666666666666667,-229.0
nih,unweighted,empirical,253,9,-0.006259780907668248,0.03000979206266916,0.4444444444444444,-57.888888888888886
nih,unweighted,guarded,253,9,-0.025039123630672993,0.11278152180173952,1.7777777777777777,-217.55555555555554
nih,unweighted,empirical,254,9,-0.10569105691056915,0.09303672807322438,8.666666666666666,-178.44444444444446
nih,unweighted,guarded,254,9,-0.036585365853658555,0.14702815432742442,3.0,-282.0
nih,unweighted,empirical,255,9,-0.05714285714285715,0.06735751295336787,4.0,-130.0
nih,unweighted,guarded,255,9,0.001587301587301594,0.11375935521013242,-0.1111111111111111,-219.55555555555554
nih,unweighted,empirical,256,9,-0.06606606606606605,0.10066920503057576,4.888888888888889,-193.88888888888889
nih,unweighted,guarded,256,9,-0.0795795795795796,0.18466597438560056,5.888888888888889,-355.6666666666667
nih,unweighted,empirical,257,9,-0.045045045045045015,0.01644167532018,3.3333333333333335,-31.666666666666668
nih,unweighted,guarded,257,9,-0.02852852852852851,0.1033806392061844,2.111111111111111,-199.11111111111111
nih,unweighted,empirical,258,9,-0.055555555555555546,0.024244513386188667,3.6666666666666665,-46.888888888888886
nih,unweighted,guarded,258,9,-0.08417508417508418,0.1783293117315868,5.555555555555555,-344.8888888888889
nih,unweighted,empirical,259,9,-0.05370370370370367,0.06145475372279493,3.2222222222222223,-119.22222222222223
nih,unweighted,guarded,259,9,-0.027777777777777766,0.16174112256586481,1.6666666666666667,-313.77777777777777
nih,unweighted,empirical,260,9,-0.06810035842293909,0.11025111799105605,4.222222222222222,-213.66666666666666
nih,unweighted,guarded,260,9,-0.04301075268817204,0.12188969154913425,2.6666666666666665,-236.22222222222223
nih,unweighted,empirical,261,9,-0.12148148148148145,0.08490620490620494,9.11111111111111,-163.44444444444446
nih,unweighted,guarded,261,9,-0.12888888888888891,0.18314574314574317,9.666666666666666,-352.55555555555554
nih,unweighted,empirical,262,9,-0.046434494195688264,0.04454791055929181,3.111111111111111,-86.11111111111111
nih,unweighted,guarded,262,9,-0.031509121061359883,0.07443812151520376,2.111111111111111,-143.88888888888889
nih,unweighted,empirical,263,9,-0.061302681992337175,0.07334935347293743,3.5555555555555554,-142.44444444444446
nih,unweighted,guarded,263,9,-0.03256704980842912,0.11442956860052639,1.8888888888888888,-222.22222222222223
nih,unweighted,empirical,264,9,-0.029629629629629634,0.025396825396825418,2.2222222222222223,-48.888888888888886
nih,unweighted,guarded,264,9,0.001481481481481454,0.08860028860028862,-0.1111111111111111,-170.55555555555554
nih,unweighted,empirical,265,9,-0.09985935302390997,0.0901151020880329,7.888888888888889,-173.11111111111111
nih,unweighted,guarded,265,9,-0.032348804500703245,0.11510208803285327,2.5555555555555554,-221.11111111111111
nih,unweighted,empirical,266,9,-0.02136752136752133,0.06324430570008092,1.6666666666666667,-121.55555555555556
nih,unweighted,guarded,266,9,-0.0655270655270655,0.16152156318649552,5.111111111111111,-310.44444444444446
nih,unweighted,empirical,267,9,-0.017777777777777806,0.03122655122655122,1.3333333333333333,-60.111111111111114
nih,unweighted,guarded,267,9,-0.07407407407407408,0.18274170274170276,5.555555555555555,-351.77777777777777
nih,unweighted,empirical,268,9,-0.011251758087201124,0.04176065706518596,0.8888888888888888,-80.22222222222223
nih,unweighted,guarded,268,9,0.015471167369901543,0.09965874255306842,-1.2222222222222223,-191.44444444444446
nih,unweighted,empirical,269,9,-0.10634920634920637,0.07633851468048358,7.444444444444445,-147.33333333333334
nih,unweighted,guarded,269,9,-0.028571428571428567,0.13937823834196894,2.0,-269.0
nih,unweighted,empirical,270,9,-0.050179211469534066,0.10526315789473682,3.111111111111111,-204.0
nih,unweighted,guarded,270,9,-0.01971326164874549,0.12985896112831097,1.2222222222222223,-251.66666666666666
nih,unweighted,empirical,271,9,-0.08802308802308806,0.09383486450569133,6.777777777777778,-180.44444444444446
nih,unweighted,guarded,271,9,-0.05916305916305918,0.17778933379557407,4.555555555555555,-341.8888888888889
nih,unweighted,empirical,272,9,-0.04189435336976319,0.051057246003094386,2.5555555555555554,-99.0
nih,unweighted,guarded,272,9,-0.08743169398907098,0.13323018738181197,5.333333333333333,-258.3333333333333
nih,unweighted,empirical,273,9,-0.012176560121765625,0.03932422302946433,0.8888888888888888,-75.77777777777777
nih,unweighted,guarded,273,9,-0.013698630136986294,0.12564146918064928,1.0,-242.11111111111111
nih,unweighted,empirical,274,9,-0.027777777777777766,0.08725218994928537,2.0,-168.22222222222223
nih,unweighted,guarded,274,9,-0.02006172839506172,0.13946519133241128,1.4444444444444444,-268.8888888888889
nih,unweighted,empirical,275,9,0.008547008547008591,0.01566655104636372,-0.6666666666666666,-30.11111111111111
nih,unweighted,guarded,275,9,0.027065527065527093,0.049369869349057655,-2.111111111111111,-94.88888888888889
nih,unweighted,empirical,276,9,-0.05000000000000003,0.033505154639175264,3.0,-65.0
nih,unweighted,guarded,276,9,-0.05555555555555553,0.14490263459335623,3.3333333333333335,-281.1111111111111
nih,unweighted,empirical,277,9,-0.013182674199623354,0.06932280038926093,0.7777777777777778,-134.55555555555554
nih,unweighted,guarded,277,9,0.035781544256120554,0.10515770793977904,-2.111111111111111,-204.11111111111111
nih,unweighted,empirical,278,9,0.03350970017636685,0.01325073137153675,-2.111111111111111,-25.666666666666668
nih,unweighted,guarded,278,9,-0.0017636684303350785,0.017495554408306094,0.1111111111111111,-33.888888888888886
nih,unweighted,empirical,279,9,-0.03232323232323232,0.07415024278777493,1.7777777777777777,-144.22222222222223
nih,unweighted,guarded,279,9,0.01010101010101008,0.12779205941159666,-0.5555555555555556,-248.55555555555554
nih,unweighted,empirical,280,9,-0.06403013182674198,0.040700669757856786,3.7777777777777777,-79.0
nih,unweighted,guarded,280,9,-0.05461393596986819,0.09187703932680752,3.2222222222222223,-178.33333333333334
nih,unweighted,empirical,281,9,-0.09985935302391,0.09624616808375262,7.888888888888889,-184.88888888888889
nih,unweighted,guarded,281,9,-0.07172995780590719,0.18103996760946264,5.666666666666667,-347.77777777777777
nih,unweighted,empirical,282,9,-0.1080669710806697,0.12742893386380677,7.888888888888889,-245.55555555555554
nih,unweighted,guarded,282,9,-0.038051750380517495,0.1291587383958946,2.7777777777777777,-248.88888888888889
nih,unweighted,empirical,283,9,-0.11794871794871792,0.07728969279356876,7.666666666666667,-149.55555555555554
nih,unweighted,guarded,283,9,-0.11794871794871797,0.17909847832328454,7.666666666666667,-346.55555555555554
nih,unweighted,empirical,284,9,0.008333333333333316,0.006655092592592633,-0.6666666666666666,-12.777777777777779
nih,unweighted,guarded,284,9,0.002777777777777768,0.11562499999999999,-0.2222222222222222,-222.0
nih,unweighted,empirical,285,9,0.04239766081871347,0.03205128205128208,-3.2222222222222223,-61.666666666666664
nih,unweighted,guarded,285,9,0.08771929824561407,-0.017613767613767626,-6.666666666666667,33.888888888888886
nih,unweighted,empirical,286,9,-0.02185792349726777,0.040742650850954125,1.3333333333333333,-79.0
nih,unweighted,guarded,286,9,0.025500910746812402,0.0888774282276087,-1.5555555555555556,-172.33333333333334
nih,unweighted,empirical,287,9,-0.04115226337448558,0.04510677172547677,2.2222222222222223,-87.77777777777777
nih,unweighted,guarded,287,9,-0.020576131687242816,0.13680484184081304,1.1111111111111112,-266.22222222222223
nih,unweighted,empirical,288,9,-0.052083333333333336,0.016815886134067964,3.3333333333333335,-32.55555555555556
nih,unweighted,guarded,288,9,-0.008680555555555556,0.05193985307621671,0.5555555555555556,-100.55555555555556
nih,unweighted,empirical,289,9,-0.06378600823045268,0.09375356857371248,3.4444444444444446,-182.44444444444446
nih,unweighted,guarded,289,9,-0.03497942386831273,0.16272696128811237,1.8888888888888888,-316.6666666666667
nih,unweighted,empirical,290,9,-0.056944444444444436,0.04374999999999999,4.555555555555555,-84.0
nih,unweighted,guarded,290,9,-0.06944444444444443,0.13686342592592593,5.555555555555555,-262.77777777777777
nih,unweighted,empirical,291,9,-0.052991452991453,0.0489807637094459,3.4444444444444446,-94.77777777777777
nih,unweighted,guarded,291,9,0.011965811965811972,0.1329888027562446,-0.7777777777777778,-257.3333333333333
nih,unweighted,empirical,292,9,0.008333333333333304,0.017013888888888898,-0.6666666666666666,-32.666666666666664
nih,unweighted,guarded,292,9,-0.030555555555555544,0.16134259259259262,2.4444444444444446,-309.77777777777777
nih,unweighted,empirical,293,9,-0.04629629629629634,0.019075610880590104,3.3333333333333335,-36.77777777777778
nih,unweighted,guarded,293,9,-0.009259259259259252,0.14125172890733056,0.6666666666666666,-272.3333333333333
nih,unweighted,empirical,294,9,-0.03755868544600938,0.030355394274523346,2.6666666666666665,-58.55555555555556
nih,unweighted,guarded,294,9,0.026604068857589987,0.035481827083693324,-1.8888888888888888,-68.44444444444444
nih,unweighted,empirical,295,9,-0.03174603174603171,0.020191590661389328,2.0,-39.111111111111114
nih,unweighted,guarded,295,9,-0.008818342151675465,0.10021224115183841,0.5555555555555556,-194.11111111111111
nih,unweighted,empirical,296,9,-0.008051529790660237,0.036193106622935706,0.5555555555555556,-69.88888888888889
nih,unweighted,guarded,296,9,0.0032206119162640676,0.12497842223373033,-0.2222222222222222,-241.33333333333334
nih,unweighted,empirical,297,9,-0.028571428571428567,0.06943005181347153,2.0,-134.0
nih,unweighted,guarded,297,9,-0.026984126984127013,0.11157167530224525,1.8888888888888888,-215.33333333333334
nih,unweighted,empirical,298,9,-0.028490028490028477,0.08561683431610594,2.2222222222222223,-164.55555555555554
nih,unweighted,guarded,298,9,-0.001424501424501407,0.1576482830385016,0.1111111111111111,-303.0
nih,unweighted,empirical,299,9,0.005952380952380981,0.003772290809327863,-0.3333333333333333,-7.333333333333333
nih,unweighted,guarded,299,9,-0.013888888888888902,0.07510288065843622,0.7777777777777778,-146.0
nih,unweighted,empirical,300,9,-0.006837606837606813,0.03238587424633932,0.4444444444444444,-62.666666666666664
nih,unweighted,guarded,300,9,0.025641025641025623,0.11960953201263279,-1.6666666666666667,-231.44444444444446
nih,unweighted,empirical,301,9,-0.024691358024691332,0.0757679570629211,1.3333333333333333,-147.44444444444446
nih,unweighted,guarded,301,9,-0.008230452674897094,0.12664154390773097,0.4444444444444444,-246.44444444444446
nih,unweighted,empirical,302,9,0.02063492063492061,0.01704087507196313,-1.4444444444444444,-32.888888888888886
nih,unweighted,guarded,302,0,,,,
nih,unweighted,empirical,303,9,-0.09401709401709403,0.0594315245478036,6.111111111111111,-115.0
nih,unweighted,guarded,303,9,-0.05128205128205127,0.17111685328739595,3.3333333333333335,-331.1111111111111
nih,unweighted,empirical,304,9,-0.02020202020202022,0.07824887969665632,1.3333333333333333,-151.33333333333334
nih,unweighted,guarded,304,9,-0.023569023569023535,0.1404113524072159,1.5555555555555556,-271.55555555555554
nih,unweighted,empirical,305,9,0.05555555555555561,0.023948331047096507,-3.111111111111111,-46.55555555555556
nih,unweighted,guarded,305,9,-0.04563492063492061,0.11997027892089622,2.5555555555555554,-233.22222222222223
nih,unweighted,empirical,306,9,-0.05766526019690573,0.04268610098906819,4.555555555555555,-82.0
nih,unweighted,guarded,306,9,-0.08860759493670887,0.12227427844294057,7.0,-234.88888888888889
nih,unweighted,empirical,307,9,-0.049382716049382686,0.02598520048184478,3.111111111111111,-50.333333333333336
nih,unweighted,guarded,307,9,-0.028218694885361564,0.10635002581311308,1.7777777777777777,-206.0
nih,unweighted,empirical,308,9,-0.06130268199233714,0.020196818857992897,3.5555555555555554,-39.22222222222222
nih,unweighted,guarded,308,9,-0.017241379310344838,0.010813594232749758,1.0,-21.0
nih,unweighted,empirical,309,9,0.12916666666666668,-0.013425925925925952,-10.333333333333334,25.77777777777778
nih,unweighted,guarded,309,9,0.022222222222222268,0.08998842592592592,-1.7777777777777777,-172.77777777777777
nih,unweighted,empirical,310,9,-0.06504065040650407,0.0907194994786236,5.333333333333333,-174.0
nih,unweighted,guarded,310,9,-0.00948509485094853,0.13387788205306453,0.7777777777777778,-256.77777777777777
nih,unweighted,empirical,311,9,-0.04252400548696841,0.009958890625904727,3.4444444444444446,-19.11111111111111
nih,unweighted,guarded,311,9,-0.07956104252400546,0.15528921313183947,6.444444444444445,-298.0
nih,unweighted,empirical,312,9,0.01515151515151515,0.0328916782891678,-1.3333333333333333,-62.888888888888886
nih,unweighted,guarded,312,9,0.0012626262626262738,0.0925732217573222,-0.1111111111111111,-177.0
nih,unweighted,empirical,313,9,-0.0396825396825397,0.04916522740356936,2.7777777777777777,-94.88888888888889
nih,unweighted,guarded,313,9,-0.019047619047619018,0.11335636154289006,1.3333333333333333,-218.77777777777777
nih,unweighted,empirical,314,9,-0.04814814814814813,0.022852233676975937,2.888888888888889,-44.333333333333336
nih,unweighted,guarded,314,9,-0.018518518518518514,0.12290950744558987,1.1111111111111112,-238.44444444444446
nih,unweighted,empirical,315,9,-0.05185185185185189,0.028006872852233675,3.111111111111111,-54.333333333333336
nih,unweighted,guarded,315,9,-0.0685185185185185,0.15578465063001146,4.111111111111111,-302.22222222222223
nih,unweighted,empirical,316,9,-0.01424501424501422,0.014915019077349996,1.1111111111111112,-28.666666666666668
nih,unweighted,guarded,316,9,-0.007122507122507147,0.10405827263267425,0.5555555555555556,-200.0
nih,unweighted,empirical,317,9,0.026365348399246744,0.009617035892151841,-1.5555555555555556,-18.666666666666668
nih,unweighted,guarded,317,9,0.011299435028248594,0.008472150666895661,-0.6666666666666666,-16.444444444444443
nih,unweighted,empirical,318,9,-0.07452574525745256,0.07797474220831888,6.111111111111111,-149.55555555555554
nih,unweighted,guarded,318,9,0.006775067750677476,0.04420113544201133,-0.5555555555555556,-84.77777777777777
nih,unweighted,empirical,319,9,-0.08401084010840108,0.035106013208202995,6.888888888888889,-67.33333333333333
nih,unweighted,guarded,319,9,-0.08536585365853659,0.1528212258139265,7.0,-293.1111111111111
nih,unweighted,empirical,320,9,-0.009259259259259226,0.00685799907791609,0.6666666666666666,-13.222222222222221
nih,unweighted,guarded,320,9,0.007716049382716022,0.04426002766251729,-0.5555555555555556,-85.33333333333333
nih,unweighted,empirical,321,9,-0.06327160493827162,0.03815122176118026,4.555555555555555,-73.55555555555556
nih,unweighted,guarded,321,9,-0.07716049382716052,0.11508759797141538,5.555555555555555,-221.88888888888889
nih,unweighted,empirical,322,9,-0.12878787878787878,0.04521699613724154,5.666666666666667,-88.44444444444444
nih,unweighted,guarded,322,9,-0.06818181818181819,0.13985457850488522,3.0,-273.55555555555554
nih,unweighted,empirical,323,9,-0.004761904761904733,0.004317789291882572,0.3333333333333333,-8.333333333333334
nih,unweighted,guarded,323,9,0.006349206349206364,0.09838802533103051,-0.4444444444444444,-189.88888888888889
nih,unweighted,empirical,324,9,-0.016835016835016845,0.07445708376421924,1.1111111111111112,-144.0
nih,unweighted,guarded,324,9,0.01010101010101013,0.10628518901528208,-0.6666666666666666,-205.55555555555554
nih,unweighted,empirical,325,9,-0.054093567251462,0.026334026334026324,4.111111111111111,-50.666666666666664
nih,unweighted,guarded,325,9,-0.08479532163742692,0.12745437745437746,6.444444444444445,-245.22222222222223
nih,unweighted,empirical,326,9,-0.04477611940298511,0.07650744381215152,3.0,-147.88888888888889
nih,unweighted,guarded,326,9,-0.048092868988391345,0.14157613381617518,3.2222222222222223,-273.6666666666667
nih,unweighted,empirical,327,9,0.013698630136986282,0.01908551000403623,-1.0,-36.77777777777778
nih,unweighted,guarded,327,9,0.028919330289193333,0.08689384766188085,-2.111111111111111,-167.44444444444446
nih,unweighted,empirical,328,9,-0.07301587301587302,0.02677029360967183,5.111111111111111,-51.666666666666664
nih,unweighted,guarded,328,9,-0.014285714285714271,0.14605641911341388,1.0,-281.8888888888889
nih,unweighted,empirical,329,9,-0.051529790660225464,0.030093791357385363,3.5555555555555554,-58.111111111111114
nih,unweighted,guarded,329,9,0.0,0.10363081880430405,0.0,-200.11111111111111
nih,unweighted,empirical,330,9,-0.0358422939068101,0.01616787065703471,2.2222222222222223,-31.333333333333332
nih,unweighted,guarded,330,9,-0.05734767025089606,0.10858846462561636,3.5555555555555554,-210.44444444444446
nih,unweighted,empirical,331,9,-0.034722222222222224,0.04189623507805326,2.2222222222222223,-81.11111111111111
nih,unweighted,guarded,331,9,0.024305555555555556,0.0807506887052342,-1.5555555555555556,-156.33333333333334
nih,unweighted,empirical,332,9,-0.02777777777777779,0.07134624250806826,2.0,-137.55555555555554
nih,unweighted,guarded,332,9,0.0030864197530864456,0.15623559243891194,-0.2222222222222222,-301.22222222222223
nih,unweighted,empirical,333,9,-0.09477124183006537,0.10018403496664363,6.444444444444445,-193.55555555555554
nih,unweighted,guarded,333,9,-0.05718954248366015,0.1375086266390614,3.888888888888889,-265.6666666666667
nih,unweighted,empirical,334,9,-0.11764705882352944,0.18438003220611915,8.0,-356.22222222222223
nih,unweighted,guarded,334,9,-0.013071895424836603,0.14285714285714285,0.8888888888888888,-276.0
nih,unweighted,empirical,335,9,-0.04545454545454551,0.08893485005170632,3.0,-172.0
nih,unweighted,guarded,335,9,-0.010101010101010104,0.11432839250833043,0.6666666666666666,-221.11111111111111
nih,unweighted,empirical,336,9,0.05629629629629632,0.0008658008658008538,-4.222222222222222,-1.6666666666666667
nih,unweighted,guarded,336,9,0.05777777777777778,0.08750360750360751,-4.333333333333333,-168.44444444444446
nih,unweighted,empirical,337,9,-0.020634920634920624,0.01744386873920551,1.4444444444444444,-33.666666666666664
nih,unweighted,guarded,337,9,-0.017460317460317447,0.10788716177317216,1.2222222222222223,-208.22222222222223
nih,unweighted,empirical,338,9,-0.04957264957264962,0.08153890324432965,3.2222222222222223,-157.77777777777777
nih,unweighted,guarded,338,9,0.02051282051282055,0.1369509043927648,-1.3333333333333333,-265.0
nih,unweighted,empirical,339,9,-0.014492753623188396,0.015651073134242473,1.0,-30.22222222222222
nih,unweighted,guarded,339,9,-0.1465378421900161,0.15006617181656023,10.11111111111111,-289.77777777777777
nih,unweighted,empirical,340,9,-0.034428794992175216,0.0505155232993491,2.4444444444444446,-97.44444444444444
nih,unweighted,guarded,340,9,-0.006259780907668248,0.1309256379240827,0.4444444444444444,-252.55555555555554
nih,unweighted,empirical,341,9,-0.10628019323671499,0.07583865584901321,7.333333333333333,-146.44444444444446
nih,unweighted,guarded,341,9,0.0032206119162640676,0.15420910294033024,-0.2222222222222222,-297.77777777777777
nih,unweighted,empirical,342,9,-0.025500910746812416,0.01524267950260727,1.5555555555555556,-29.555555555555557
nih,unweighted,guarded,342,9,-0.009107468123861588,0.06114262792963154,0.5555555555555556,-118.55555555555556
nih,unweighted,empirical,343,9,-0.027777777777777776,0.0445481788842785,2.0,-85.88888888888889
nih,unweighted,guarded,343,9,-0.06635802469135803,0.17427385892116182,4.777777777777778,-336.0
nih,unweighted,empirical,344,9,-0.028218694885361526,0.013824356106235348,1.7777777777777777,-26.77777777777778
nih,unweighted,guarded,344,9,-0.010582010582010519,0.03436012160844374,0.6666666666666666,-66.55555555555556
nih,unweighted,empirical,345,9,-0.016975308641975287,0.08500461041954818,1.2222222222222223,-163.88888888888889
nih,unweighted,guarded,345,9,-0.02314814814814814,0.13203088981097283,1.6666666666666667,-254.55555555555554
nih,unweighted,empirical,346,9,-0.0875,0.08518518518518521,7.0,-163.55555555555554
nih,unweighted,guarded,346,9,-0.006944444444444469,0.10387731481481483,0.5555555555555556,-199.44444444444446
nih,unweighted,empirical,347,9,-0.1284722222222222,0.08264462809917354,8.222222222222221,-160.0
nih,unweighted,guarded,347,9,-0.041666666666666664,0.14870293847566574,2.6666666666666665,-287.8888888888889
nih,unweighted,empirical,348,9,-0.02777777777777779,0.024608114338404794,2.0,-47.44444444444444
nih,unweighted,guarded,348,9,0.0,0.05313508529276166,0.0,-102.44444444444444
nih,unweighted,empirical,349,9,-0.009578544061302664,0.02328641721020714,0.5555555555555556,-45.22222222222222
nih,unweighted,guarded,349,9,0.003831417624521093,0.08822519739100582,-0.2222222222222222,-171.33333333333334
nih,unweighted,empirical,350,9,-0.09876543209876547,0.051002766251728886,7.111111111111111,-98.33333333333333
nih,unweighted,guarded,350,9,-0.10185185185185187,0.11716228676809592,7.333333333333333,-225.88888888888889
nih,unweighted,empirical,351,9,-0.007936507936507896,0.024176954732510286,0.4444444444444444,-47.0
nih,unweighted,guarded,351,9,0.027777777777777804,0.088477366255144,-1.5555555555555556,-172.0
nih,unweighted,empirical,352,9,0.0033670033670033764,0.03814776513845803,-0.2222222222222222,-73.77777777777777
nih,unweighted,guarded,352,9,0.006734006734006777,0.13977938641847634,-0.4444444444444444,-270.3333333333333
nih,unweighted,empirical,353,9,-0.10721247563352826,0.14136215474352376,6.111111111111111,-274.6666666666667
nih,unweighted,guarded,353,9,-0.02339181286549705,0.152856407617087,1.3333333333333333,-297.0
nih,unweighted,empirical,354,9,-0.06885758998435058,0.02764817694833245,4.888888888888889,-53.333333333333336
nih,unweighted,guarded,354,9,-0.06885758998435058,0.10926789931455556,4.888888888888889,-210.77777777777777
nih,unweighted,empirical,355,9,-0.1178045515394913,0.05512084854807859,9.777777777777779,-105.66666666666667
nih,unweighted,guarded,355,9,-0.004016064257028125,0.14930736683475335,0.3333333333333333,-286.22222222222223
nih,unweighted,empirical,356,9,-0.10405643738977068,0.05237193827797853,6.555555555555555,-101.44444444444444
nih,unweighted,guarded,356,9,-0.11640211640211641,0.18728847587907987,7.333333333333333,-362.77777777777777
nih,unweighted,empirical,357,9,-0.08558558558558554,0.025614399446175176,6.333333333333333,-49.333333333333336
nih,unweighted,guarded,357,9,-0.0660660660660661,0.1704742125302873,4.888888888888889,-328.3333333333333
nih,unweighted,empirical,358,9,-0.0395738203957382,0.07086432566453327,2.888888888888889,-136.55555555555554
nih,unweighted,guarded,358,9,-0.007610350076103506,0.15354898229833364,0.5555555555555556,-295.8888888888889
nih,unweighted,empirical,359,9,-0.059829059829059804,0.05058388252977221,4.666666666666667,-97.22222222222223
nih,unweighted,guarded,359,9,-0.025641025641025647,0.14325355532431494,2.0,-275.3333333333333
nih,unweighted,empirical,360,9,0.06190476190476194,-0.0022452504317789345,-4.333333333333333,4.333333333333333
nih,unweighted,guarded,360,9,-0.025396825396825418,0.10264824409902128,1.7777777777777777,-198.11111111111111
nih,unweighted,empirical,361,9,-0.019786910197869132,0.05091391339445312,1.4444444444444444,-98.11111111111111
nih,unweighted,guarded,361,9,-0.036529680365296816,0.09721501470333854,2.6666666666666665,-187.33333333333334
nih,unweighted,empirical,362,9,0.06481481481481481,-0.0008644536652835501,-4.666666666666667,1.6666666666666667
nih,unweighted,guarded,362,9,-0.04012345679012343,0.11456892577224531,2.888888888888889,-220.88888888888889
nih,unweighted,empirical,363,9,-0.044802867383512565,0.0713794289645683,2.7777777777777777,-138.33333333333334
nih,unweighted,guarded,363,9,-0.04121863799283157,0.15313610824446738,2.5555555555555554,-296.77777777777777
nih,unweighted,empirical,364,9,-0.062404870624048696,0.0313094620307905,4.555555555555555,-60.333333333333336
nih,unweighted,guarded,364,9,-0.0395738203957382,0.059274635299544465,2.888888888888889,-114.22222222222223
nih,unweighted,empirical,365,9,-0.004629629629629613,0.06166436145689255,0.3333333333333333,-118.88888888888889
nih,unweighted,guarded,365,9,-0.016975308641975297,0.13393268787459656,1.2222222222222223,-258.22222222222223
nih,unweighted,empirical,366,9,-0.01871345029239762,0.040244969378827634,1.7777777777777777,-76.66666666666667
nih,unweighted,guarded,366,9,-0.005847953216374263,0.09944590259550888,0.5555555555555556,-189.44444444444446
nih,unweighted,empirical,367,9,-0.04239766081871351,0.048798798798798795,3.2222222222222223,-93.88888888888889
nih,unweighted,guarded,367,9,0.01754385964912279,0.11024486024486022,-1.3333333333333333,-212.11111111111111
nih,unweighted,empirical,368,9,-0.08789386401326703,0.09059033166637925,5.888888888888889,-175.11111111111111
nih,unweighted,guarded,368,9,-0.0812603648424544,0.14174857734092086,5.444444444444445,-274.0
nih,unweighted,empirical,369,9,-0.018242122719734674,0.032936713226418335,1.2222222222222223,-63.666666666666664
nih,unweighted,guarded,369,9,0.023217247097844118,0.08495717652468816,-1.5555555555555556,-164.22222222222223
nih,unweighted,empirical,370,9,-0.10018214936247727,0.09059652741963214,6.111111111111111,-175.66666666666666
nih,unweighted,guarded,370,9,-0.13114754098360656,0.1931694458770271,8.0,-374.55555555555554
nih,unweighted,empirical,371,9,-0.03751803751803752,0.0755185762986075,2.888888888888889,-145.22222222222223
nih,unweighted,guarded,371,9,-0.0072150072150071924,0.15329057606748714,0.5555555555555556,-294.77777777777777
nih,unweighted,empirical,372,9,-0.004385964912280654,0.03465003465003466,0.3333333333333333,-66.66666666666667
nih,unweighted,guarded,372,9,0.030701754385964935,0.0756525756525757,-2.3333333333333335,-145.55555555555554
nih,unweighted,empirical,373,9,-0.009416195856873798,0.020207224225771394,0.5555555555555556,-39.22222222222222
nih,unweighted,guarded,373,9,-0.0244821092278719,0.15730722995019752,1.4444444444444444,-305.3333333333333
nih,unweighted,empirical,374,9,-0.08376068376068381,0.0664369796152742,5.444444444444445,-128.55555555555554
nih,unweighted,guarded,374,9,-0.09230769230769235,0.13161068044788973,6.0,-254.66666666666666
nih,unweighted,empirical,375,9,-0.08014571948998177,0.09460775886768663,4.888888888888889,-183.44444444444446
nih,unweighted,guarded,375,9,-0.04189435336976318,0.08853360838920404,2.5555555555555554,-171.66666666666666
nih,unweighted,empirical,376,9,-0.04617604617604617,0.035245854278615624,3.5555555555555554,-67.77777777777777
nih,unweighted,guarded,376,9,-0.0331890331890332,0.09551048708615006,2.5555555555555554,-183.66666666666666
nih,unweighted,empirical,377,9,-0.09551656920077972,0.07239663750214445,5.444444444444445,-140.66666666666666
nih,unweighted,guarded,377,9,-0.03313840155945417,0.104134499914222,1.8888888888888888,-202.33333333333334
nih,unweighted,empirical,378,9,-0.10573476702508959,0.13570691434468526,6.555555555555555,-263.0
nih,unweighted,guarded,378,9,-0.04121863799283153,0.16334135993578722,2.5555555555555554,-316.55555555555554
nih,unweighted,empirical,379,9,0.0015873015873015817,0.02320092112838225,-0.1111111111111111,-44.77777777777778
nih,unweighted,guarded,379,9,0.019047619047619053,0.1121473805411629,-1.3333333333333333,-216.44444444444446
nih,unweighted,empirical,380,9,-0.03155006858710553,0.025418331306814923,2.5555555555555554,-48.77777777777778
nih,unweighted,guarded,380,9,0.00685871056241426,0.09333564935440913,-0.5555555555555556,-179.11111111111111
nih,unweighted,empirical,381,9,-0.08119658119658119,0.039926990645676494,4.222222222222222,-77.77777777777777
nih,unweighted,guarded,381,9,-0.04487179487179487,0.09263061829796947,2.3333333333333335,-180.44444444444446
nih,unweighted,empirical,382,9,0.04007285974499091,0.005099994269669351,-2.4444444444444446,-9.88888888888889
nih,unweighted,guarded,382,9,-0.005464480874316934,0.11867514755601397,0.3333333333333333,-230.11111111111111
nih,unweighted,empirical,383,9,-0.00980392156862744,0.01915113871635611,0.6666666666666666,-37.0
nih,unweighted,guarded,383,9,-0.013071895424836591,0.12284334023464459,0.8888888888888888,-237.33333333333334
nih,unweighted,empirical,384,9,-0.09743589743589745,0.06976744186046513,6.333333333333333,-135.0
nih,unweighted,guarded,384,9,-0.05641025641025642,0.11581969566465691,3.6666666666666665,-224.11111111111111
nih,unweighted,empirical,385,9,0.022222222222222216,0.016292458261370196,-1.5555555555555556,-31.444444444444443
nih,unweighted,guarded,385,9,0.02380952380952381,0.04352331606217619,-1.6666666666666667,-84.0
nih,unweighted,empirical,386,9,0.031189083820662728,0.03471149997140736,-1.7777777777777777,-67.44444444444444
nih,unweighted,guarded,386,9,3.700743415417188e-17,0.10447761194029853,0.0,-203.0
nih,unweighted,empirical,387,9,-0.07407407407407404,0.042111915431460395,4.888888888888889,-81.44444444444444
nih,unweighted,guarded,387,9,-0.05555555555555555,0.16051936113983684,3.6666666666666665,-310.44444444444446
nih,unweighted,empirical,388,9,-0.11111111111111108,0.04555151934498068,8.11111111111111,-87.77777777777777
nih,unweighted,guarded,388,0,,,,
nih,unweighted,empirical,389,9,-0.03758169934640518,0.056533241315850025,2.5555555555555554,-109.22222222222223
nih,unweighted,guarded,389,9,-0.06699346405228757,0.18507016333103288,4.555555555555555,-357.55555555555554
nih,unweighted,empirical,390,9,-0.1705790297339593,0.03467542192270025,12.11111111111111,-66.88888888888889
nih,unweighted,guarded,390,9,-0.00469483568075118,0.049075514083290125,0.3333333333333333,-94.66666666666667
nih,unweighted,empirical,391,9,-0.020202020202020245,0.05049982764563943,1.3333333333333333,-97.66666666666667
nih,unweighted,guarded,391,9,-0.01010101010101013,0.11157072273928531,0.6666666666666666,-215.77777777777777
nih,unweighted,empirical,392,9,-0.1330409356725146,0.08044583044583047,10.11111111111111,-154.77777777777777
nih,unweighted,guarded,392,9,-0.04532163742690062,0.1633171633171633,3.4444444444444446,-314.22222222222223
nih,unweighted,empirical,393,9,-0.0075329566854990876,0.0353197091991528,0.4444444444444444,-68.55555555555556
nih,unweighted,guarded,393,9,-0.02448210922787191,0.14196576793176485,1.4444444444444444,-275.55555555555554
nih,unweighted,empirical,394,9,-0.06697108066971079,0.07190220838378597,4.888888888888889,-138.55555555555554
nih,unweighted,guarded,394,9,-0.03348554033485539,0.13284898806434875,2.4444444444444446,-256.0
nih,unweighted,empirical,395,9,-0.04954954954954955,0.02965270566516672,3.6666666666666665,-57.111111111111114
nih,unweighted,guarded,395,9,-0.010510510510510503,0.1428406599746164,0.7777777777777778,-275.1111111111111
nih,unweighted,empirical,396,9,-0.04761904761904764,0.01951640759930917,3.3333333333333335,-37.666666666666664
nih,unweighted,guarded,396,9,-0.007936507936507933,0.06223373632700059,0.5555555555555556,-120.11111111111111
nih,unweighted,empirical,397,9,-0.02898550724637683,0.02215317337015938,2.0,-42.77777777777778
nih,unweighted,guarded,397,9,-0.02415458937198065,0.12394268945278782,1.6666666666666667,-239.33333333333334
nih,unweighted,empirical,398,9,2.4671622769447922e-17,0.045263218589632705,0.0,-87.22222222222223
nih,unweighted,guarded,398,9,-0.009132420091324237,0.145649541601799,0.6666666666666666,-280.6666666666667
nih,unweighted,empirical,399,9,-0.06518518518518522,0.050389610389610394,4.888888888888889,-97.0
nih,unweighted,guarded,399,9,0.0103703703703704,0.14135642135642132,-0.7777777777777778,-272.1111111111111
nih,unweighted,empirical,400,9,-0.08547008547008546,0.04682622268470343,6.666666666666667,-90.0
nih,unweighted,guarded,400,9,-0.0655270655270655,0.1405364782055729,5.111111111111111,-270.1111111111111
nih,unweighted,empirical,401,9,-0.025039123630672917,0.00840965382178449,1.7777777777777777,-16.22222222222222
nih,unweighted,guarded,401,9,-0.003129890453834149,0.03254420828293297,0.2222222222222222,-62.77777777777778
nih,unweighted,empirical,402,9,-0.008051529790660237,0.08354911099602963,0.5555555555555556,-161.33333333333334
nih,unweighted,guarded,402,9,0.017713365539452512,0.11254962886242018,-1.2222222222222223,-217.33333333333334
nih,unweighted,empirical,403,9,-0.04838709677419358,0.0715514275885793,3.0,-138.66666666666666
nih,unweighted,guarded,403,9,-0.01612903225806454,0.15044146313496162,1.0,-291.55555555555554
nih,unweighted,empirical,404,9,0.018832391713747645,0.02329841433396302,-1.1111111111111112,-45.22222222222222
nih,unweighted,guarded,404,9,0.022598870056497213,0.0729864331100807,-1.3333333333333333,-141.66666666666666
nih,unweighted,empirical,405,9,-0.06172839506172841,0.12883611541329665,3.888888888888889,-249.55555555555554
nih,unweighted,guarded,405,9,-0.019400352733686083,0.139849710319509,1.2222222222222223,-270.8888888888889
nih,unweighted,empirical,406,9,-0.0754985754985755,0.05081512313562261,5.888888888888889,-97.66666666666667
nih,unweighted,guarded,406,9,-0.038461538461538464,0.03867499132847723,3.0,-74.33333333333333
nih,unweighted,empirical,407,9,-0.05790297339593114,0.07937330798917114,4.111111111111111,-153.11111111111111
nih,unweighted,guarded,407,9,-0.04068857589984355,0.137549680317954,2.888888888888889,-265.3333333333333
nih,unweighted,empirical,408,9,-0.04545454545454545,0.05417672067103298,3.0,-104.77777777777777
nih,unweighted,guarded,408,9,-0.0538720538720539,0.17361829254280134,3.5555555555555554,-335.77777777777777
nih,unweighted,empirical,409,9,-0.03751803751803754,0.05136649910440865,2.888888888888889,-98.77777777777777
nih,unweighted,guarded,409,9,-0.07647907647907647,0.17547813023632056,5.888888888888889,-337.44444444444446
nih,unweighted,empirical,410,9,-0.07253086419753084,0.07244121715076074,5.222222222222222,-139.66666666666666
nih,unweighted,guarded,410,9,-0.021604938271604923,0.10932457353619182,1.5555555555555556,-210.77777777777777
nih,unweighted,empirical,411,9,-0.07638888888888887,0.05034722222222218,6.111111111111111,-96.66666666666667
nih,unweighted,guarded,411,9,-0.05694444444444445,0.16284722222222225,4.555555555555555,-312.6666666666667
nih,unweighted,empirical,412,9,-0.06965174129353234,0.06777030522503885,4.666666666666667,-131.0
nih,unweighted,guarded,412,9,-0.023217247097844094,0.11852618267517391,1.5555555555555556,-229.11111111111111
nih,unweighted,empirical,413,9,-0.05050505050505051,0.03998621165115474,3.3333333333333335,-77.33333333333333
nih,unweighted,guarded,413,9,-0.013468013468013443,0.11541997012524415,0.8888888888888888,-223.22222222222223
nih,unweighted,empirical,414,9,-0.010752688172043013,0.012842563926155261,0.6666666666666666,-24.88888888888889
nih,unweighted,guarded,414,9,0.021505376344086016,0.04053434239192753,-1.3333333333333333,-78.55555555555556
nih,unweighted,empirical,415,9,0.06349206349206347,0.00028890044490667875,-4.888888888888889,-0.5555555555555556
nih,unweighted,guarded,415,9,-0.005772005772005774,0.0876523949846883,0.4444444444444444,-168.55555555555554
nih,unweighted,empirical,416,9,-0.034313725490196095,0.05670577409707843,2.3333333333333335,-109.55555555555556
nih,unweighted,guarded,416,9,-0.03594771241830067,0.1299746951920865,2.4444444444444446,-251.11111111111111
nih,unweighted,empirical,417,9,-0.015384615384615392,0.0035601492965833753,1.0,-6.888888888888889
nih,unweighted,guarded,417,9,0.04444444444444441,0.012001148435256952,-2.888888888888889,-23.22222222222222
nih,unweighted,empirical,418,9,-0.001371742112482847,0.013432922239592384,0.1111111111111111,-25.77777777777778
nih,unweighted,guarded,418,9,-0.06172839506172837,0.14741474147414743,5.0,-282.8888888888889
nih,unweighted,empirical,419,9,-0.05387205387205385,0.05440652648512006,3.5555555555555554,-105.22222222222223
nih,unweighted,guarded,419,9,-0.016835016835016845,0.09640353900953695,1.1111111111111112,-186.44444444444446
nih,unweighted,empirical,420,9,-0.01971326164874554,0.04884760921912622,1.2222222222222223,-94.66666666666667
nih,unweighted,guarded,420,9,-0.019713261648745515,0.14585483316133468,1.2222222222222223,-282.6666666666667
nih,unweighted,empirical,421,9,0.03240740740740739,0.0164822498847395,-2.3333333333333335,-31.77777777777778
nih,unweighted,guarded,421,9,-0.04320987654320986,0.1317427385892116,3.111111111111111,-254.0
nih,unweighted,empirical,422,9,-0.0406885758998435,0.06347560624387996,2.888888888888889,-122.44444444444444
nih,unweighted,guarded,422,9,-0.0923317683881064,0.1735499107194286,6.555555555555555,-334.77777777777777
nih,unweighted,empirical,423,9,0.039426523297491065,0.003267973856209151,-2.4444444444444446,-6.333333333333333
nih,unweighted,guarded,423,9,-0.016129032258064488,0.10205251691319805,1.0,-197.77777777777777
nih,unweighted,empirical,424,9,-0.12037037037037034,0.08018327605956471,7.222222222222222,-155.55555555555554
nih,unweighted,guarded,424,9,-0.04259259259259255,0.14089347079037803,2.5555555555555554,-273.3333333333333
nih,unweighted,empirical,425,9,-0.014064697609001345,0.024466423737636647,1.1111111111111112,-47.0
nih,unweighted,guarded,425,9,0.014064697609001383,0.09011510208803283,-1.1111111111111112,-173.11111111111111
nih,unweighted,empirical,426,9,-0.11872146118721465,0.07121028657095083,8.666666666666666,-137.22222222222223
nih,unweighted,guarded,426,9,-0.0578386605783866,0.12327740298679585,4.222222222222222,-237.55555555555554
nih,unweighted,empirical,427,9,-0.05228758169934643,0.06684073107049607,4.444444444444445,-128.0
nih,unweighted,guarded,427,9,-0.01960784313725488,0.10055120394545983,1.6666666666666667,-192.55555555555554
nih,unweighted,empirical,428,9,-0.14157706093189962,0.03445705767687192,8.777777777777779,-66.77777777777777
nih,unweighted,guarded,428,9,-0.05197132616487454,0.11667239995413375,3.2222222222222223,-226.11111111111111
nih,unweighted,empirical,429,9,-0.06837606837606838,0.08619006603502727,4.444444444444445,-166.77777777777777
nih,unweighted,guarded,429,9,-0.03760683760683761,0.12047085845535459,2.4444444444444446,-233.11111111111111
nih,unweighted,empirical,430,9,-0.073015873015873,0.03690270581462291,5.111111111111111,-71.22222222222223
nih,unweighted,guarded,430,9,-0.04761904761904761,0.11162924582613704,3.3333333333333335,-215.44444444444446
nih,unweighted,empirical,431,9,0.09313725490196077,-0.01932367149758459,-6.333333333333333,37.333333333333336
nih,unweighted,guarded,431,9,0.024509803921568603,0.022946859903381658,-1.6666666666666667,-44.333333333333336
nih,unweighted,empirical,432,9,0.022988505747126447,0.05338139375214555,-1.3333333333333333,-103.66666666666667
nih,unweighted,guarded,432,9,0.0038314176245210804,0.08427737727428769,-0.2222222222222222,-163.66666666666666
nih,unweighted,empirical,433,9,-0.017636684303350945,0.07457121551081283,1.1111111111111112,-144.44444444444446
nih,unweighted,guarded,433,9,0.010582010582010594,0.08248723684965295,-0.6666666666666666,-159.77777777777777
nih,unweighted,empirical,434,9,-0.06602254428341385,0.09971805052074341,4.555555555555555,-192.55555555555554
nih,unweighted,guarded,434,9,-0.06602254428341382,0.169112146843892,4.555555555555555,-326.55555555555554
nih,unweighted,empirical,435,9,-0.07681755829903981,0.03474031613687683,6.222222222222222,-66.66666666666667
nih,unweighted,guarded,435,9,0.008230452674897106,0.11730646748885414,-0.6666666666666666,-225.11111111111111
nih,unweighted,empirical,436,9,-0.08547008547008543,0.09320100387862194,4.444444444444445,-181.55555555555554
nih,unweighted,guarded,436,9,-0.07692307692307691,0.17237052247319193,4.0,-335.77777777777777
nih,unweighted,empirical,437,9,-0.08219178082191782,0.07847546560571986,6.0,-151.22222222222223
nih,unweighted,guarded,437,9,-0.015220700152206976,0.15562474773683901,1.1111111111111112,-299.8888888888889
nih,unweighted,empirical,438,9,-0.035273368606701966,0.029082774049216983,2.2222222222222223,-56.333333333333336
nih,unweighted,guarded,438,9,-0.029982363315696654,0.1587219640910916,1.8888888888888888,-307.44444444444446
nih,unweighted,empirical,439,9,-0.07503607503607507,0.06396255850234006,5.777777777777778,-123.0
nih,unweighted,guarded,439,9,-0.05627705627705629,0.1426012596059398,4.333333333333333,-274.22222222222223
nih,unweighted,empirical,440,9,-0.0943683409436834,0.09773395606296492,6.888888888888889,-188.33333333333334
nih,unweighted,guarded,440,9,-0.03652968036529679,0.1585077552903189,2.6666666666666665,-305.44444444444446
nih,unweighted,empirical,441,9,0.044117647058823484,0.011962272831838063,-3.0,-23.11111111111111
nih,unweighted,guarded,441,9,-0.004901960784313732,0.06884057971014491,0.3333333333333333,-133.0
nih,unweighted,empirical,442,9,-0.0018518518518518823,0.028121420389461565,0.1111111111111111,-54.55555555555556
nih,unweighted,guarded,442,9,0.022222222222222216,0.06769759450171821,-1.3333333333333333,-131.33333333333334
nih,unweighted,empirical,443,9,-0.052552552552552534,0.10309218876197074,3.888888888888889,-198.55555555555554
nih,unweighted,guarded,443,9,-0.05855855855855855,0.15524402907580478,4.333333333333333,-299.0
nih,unweighted,empirical,444,9,-0.06301824212271973,0.03782261309421164,4.222222222222222,-73.11111111111111
nih,unweighted,guarded,444,9,-0.044776119402985044,0.13140196585618213,3.0,-254.0
nih,unweighted,empirical,445,9,0.05401234567901233,-0.0008068234209313266,-3.888888888888889,1.5555555555555556
nih,unweighted,guarded,445,9,0.07253086419753085,0.00547487321346243,-5.222222222222222,-10.555555555555555
nih,unweighted,empirical,446,9,-0.04225352112676054,0.06992684753182421,3.0,-134.88888888888889
nih,unweighted,guarded,446,9,-0.021909233176838808,0.11295432290766658,1.5555555555555556,-217.88888888888889
nih,unweighted,empirical,447,9,-0.061111111111111144,0.07147766323024056,3.6666666666666665,-138.66666666666666
nih,unweighted,guarded,447,9,-0.07037037037037037,0.15372279495990837,4.222222222222222,-298.22222222222223
nih,unweighted,empirical,448,9,-0.07359307359307357,0.06217137574391867,5.666666666666667,-119.55555555555556
nih,unweighted,guarded,448,9,-0.06204906204906207,0.15687294158433002,4.777777777777778,-301.6666666666667
nih,unweighted,empirical,449,9,-0.09764309764309764,0.0523382741583362,6.444444444444445,-101.22222222222223
nih,unweighted,guarded,449,9,-0.13468013468013465,0.20510168907273357,8.88888888888889,-396.6666666666667
nih,unweighted,empirical,450,9,-0.016975308641975297,0.019594283079760286,1.2222222222222223,-37.77777777777778
nih,unweighted,guarded,450,9,-0.015432098765432105,0.14776394651913327,1.1111111111111112,-284.8888888888889
nih,unweighted,empirical,451,9,-0.10305958132045087,0.05052074342597385,7.111111111111111,-97.55555555555556
nih,unweighted,guarded,451,9,-0.11755233494363927,0.14258587950975313,8.11111111111111,-275.3333333333333
nih,unweighted,empirical,452,9,0.01169590643274855,0.06647031647031648,-0.8888888888888888,-127.88888888888889
nih,unweighted,guarded,452,9,0.04532163742690057,0.10418110418110421,-3.4444444444444446,-200.44444444444446
nih,unweighted,empirical,453,9,-0.044699872286079224,0.04356159609688096,3.888888888888889,-83.33333333333333
nih,unweighted,guarded,453,9,0.005108556832694757,0.07974676192135677,-0.4444444444444444,-152.55555555555554
nih,unweighted,empirical,454,9,0.0384087791495199,0.009379885356956786,-3.111111111111111,-18.0
nih,unweighted,guarded,454,9,-0.01508916323731139,0.15193098257194138,1.2222222222222223,-291.55555555555554
nih,unweighted,empirical,455,9,1.2335811384723961e-17,0.020606060606060603,0.0,-39.666666666666664
nih,unweighted,guarded,455,9,-0.026666666666666655,0.16248196248196248,2.0,-312.77777777777777
nih,unweighted,empirical,456,9,-0.02852852852852852,0.05244029075804779,2.111111111111111,-101.0
nih,unweighted,guarded,456,9,0.018018018018018018,0.12680281527633552,-1.3333333333333333,-244.22222222222223
nih,unweighted,empirical,457,9,0.020325203252032503,0.055207971266365424,-1.6666666666666667,-105.88888888888889
nih,unweighted,guarded,457,9,0.004065040650406508,0.13405167419765954,-0.3333333333333333,-257.1111111111111
nih,unweighted,empirical,458,9,-0.007054673721340412,0.03275397235128777,0.4444444444444444,-63.44444444444444
nih,unweighted,guarded,458,9,-0.01234567901234571,0.10250674009063272,0.7777777777777778,-198.55555555555554
nih,unweighted,empirical,459,9,0.011111111111111108,0.015177548682703343,-0.6666666666666666,-29.444444444444443
nih,unweighted,guarded,459,9,-0.03148148148148147,0.1367697594501718,1.8888888888888888,-265.3333333333333
nih,unweighted,empirical,460,9,-0.04016064257028112,0.10838694719758887,3.3333333333333335,-207.77777777777777
nih,unweighted,guarded,460,9,0.010709504685408322,0.1163855561351649,-0.8888888888888888,-223.11111111111111
nih,unweighted,empirical,461,9,-0.030555555555555596,0.08177083333333335,2.4444444444444446,-157.0
nih,unweighted,guarded,461,9,-0.004166666666666664,0.1480902777777778,0.3333333333333333,-284.3333333333333
nih,unweighted,empirical,462,9,-0.009370816599732244,0.040514693096852704,0.7777777777777778,-77.66666666666667
nih,unweighted,guarded,462,9,-0.04551539491298527,0.12113835275024637,3.7777777777777777,-232.22222222222223
nih,unweighted,empirical,463,9,-0.08754208754208755,0.12283120762955305,5.777777777777778,-237.55555555555554
nih,unweighted,guarded,463,9,0.0033670033670033764,0.10260829598988853,-0.2222222222222222,-198.44444444444446
nih,unweighted,empirical,464,9,-0.008547008547008579,0.03740316799630017,0.6666666666666666,-71.88888888888889
nih,unweighted,guarded,464,9,-0.07264957264957268,0.17198520060122557,5.666666666666667,-330.55555555555554
nih,unweighted,empirical,465,9,0.007285974499089298,0.016961778694630694,-0.4444444444444444,-32.888888888888886
nih,unweighted,guarded,465,9,-0.027322404371584706,0.11357515328634464,1.6666666666666667,-220.22222222222223
nih,unweighted,empirical,466,9,-0.001522070015220694,0.06042783832093639,0.1111111111111111,-116.44444444444444
nih,unweighted,guarded,466,9,0.0182648401826484,0.11318687654961658,-1.3333333333333333,-218.11111111111111
nih,unweighted,empirical,467,9,0.026365348399246685,0.059305054668269505,-1.5555555555555556,-115.11111111111111
nih,unweighted,guarded,467,9,-0.02824858757062147,0.17127482969832272,1.6666666666666667,-332.44444444444446
nih,unweighted,empirical,468,9,-0.036507936507936475,0.08221070811744387,2.5555555555555554,-158.66666666666666
nih,unweighted,guarded,468,9,-0.042857142857142864,0.1465169833045481,3.0,-282.77777777777777
nih,unweighted,empirical,469,9,0.014571948998178498,0.011288751360953543,-0.8888888888888888,-21.88888888888889
nih,unweighted,guarded,469,9,0.01821493624772314,0.10578190361583863,-1.1111111111111112,-205.11111111111111
nih,unweighted,empirical,470,9,-0.06324786324786322,0.0478323284524835,4.111111111111111,-92.55555555555556
nih,unweighted,guarded,470,9,-0.023931623931623944,0.06241745621590584,1.5555555555555556,-120.77777777777777
nih,unweighted,empirical,471,9,-0.17543859649122806,0.1286093786093786,13.333333333333334,-247.44444444444446
nih,unweighted,guarded,471,9,-0.06140350877192982,0.142989142989143,4.666666666666667,-275.1111111111111
nih,unweighted,empirical,472,9,0.02192982456140348,0.02292677292677297,-1.6666666666666667,-44.111111111111114
nih,unweighted,guarded,472,9,0.03216374269005846,0.10412335412335412,-2.4444444444444446,-200.33333333333334
nih,unweighted,empirical,473,9,-0.034313725490196095,0.055555555555555546,2.3333333333333335,-107.33333333333333
nih,unweighted,guarded,473,9,-0.016339869281045756,0.11122613296526342,1.1111111111111112,-214.88888888888889
nih,unweighted,empirical,474,9,-0.06535947712418304,0.09566159283963284,3.3333333333333335,-186.44444444444446
nih,unweighted,guarded,474,9,-0.010893246187363833,0.11436064078444784,0.5555555555555556,-222.88888888888889
nih,unweighted,empirical,475,9,-0.07092198581560286,0.0339648404164533,3.3333333333333335,-66.33333333333333
nih,unweighted,guarded,475,9,-0.056737588652482254,0.10724241907037606,2.6666666666666665,-209.44444444444446
nih,unweighted,empirical,476,9,-0.09722222222222225,0.03566529492455418,5.444444444444445,-69.33333333333333
nih,unweighted,guarded,476,9,-0.08134920634920637,0.14980566986739824,4.555555555555555,-291.22222222222223
nih,unweighted,empirical,477,9,-0.015873015873015865,0.0464594127806563,1.1111111111111112,-89.66666666666667
nih,unweighted,guarded,477,9,-0.022222222222222216,0.10431778929188253,1.5555555555555556,-201.33333333333334
nih,unweighted,empirical,478,9,-0.07462686567164177,0.10214404782433752,5.0,-197.44444444444446
nih,unweighted,guarded,478,9,-0.0016583747927031557,0.10162671725010063,0.1111111111111111,-196.44444444444446
nih,unweighted,empirical,479,9,-0.11111111111111109,0.09411362080766597,5.777777777777778,-183.33333333333334
nih,unweighted,guarded,479,9,-0.053418803418803416,0.15554414784394252,2.7777777777777777,-303.0
nih,unweighted,empirical,480,9,-0.021021021021020967,0.0607476635514019,1.5555555555555556,-117.0
nih,unweighted,guarded,480,9,-0.015015015015015034,0.08601592246452057,1.1111111111111112,-165.66666666666666
nih,unweighted,empirical,481,9,0.06467661691542291,0.005518192791860684,-4.333333333333333,-10.666666666666666
nih,unweighted,guarded,481,9,-0.001658374792703131,0.01414036902914294,0.1111111111111111,-27.333333333333332
nih,unweighted,empirical,482,9,-0.0642361111111111,0.09463957759412302,4.111111111111111,-183.22222222222223
nih,unweighted,guarded,482,9,-0.041666666666666664,0.16988062442607899,2.6666666666666665,-328.8888888888889
nih,unweighted,empirical,483,9,-0.06262626262626259,0.07992002285061411,3.4444444444444446,-155.44444444444446
nih,unweighted,guarded,483,9,-0.00606060606060605,0.11065409882890602,0.3333333333333333,-215.22222222222223
nih,unweighted,empirical,484,9,-0.07131011608623544,0.14887624303040756,4.777777777777778,-287.77777777777777
nih,unweighted,guarded,484,9,-0.048092868988391366,0.16502845318158302,3.2222222222222223,-319.0
nih,unweighted,empirical,485,9,-0.039426523297491016,0.061288843022589176,2.4444444444444446,-118.77777777777777
nih,unweighted,guarded,485,9,-0.01971326164874554,0.17543859649122806,1.2222222222222223,-340.0
nih,unweighted,empirical,486,9,-0.0438957475994513,0.0922934398703028,3.5555555555555554,-177.11111111111111
nih,unweighted,guarded,486,9,-0.013717421124828556,0.11157431532626948,1.1111111111111112,-214.11111111111111
nih,unweighted,empirical,487,9,-0.12280701754385964,0.04209979209979209,9.333333333333334,-81.0
nih,unweighted,guarded,487,9,-0.05847953216374267,0.12214137214137215,4.444444444444445,-235.0
nih,unweighted,empirical,488,9,-0.04718417047184171,0.03597993426742775,3.4444444444444446,-69.33333333333333
nih,unweighted,guarded,488,9,-0.0837138508371385,0.15452920486651672,6.111111111111111,-297.77777777777777
nih,unweighted,empirical,489,9,-0.0526315789473684,0.08650958650958654,4.0,-166.44444444444446
nih,unweighted,guarded,489,9,-0.032163742690058506,0.12803187803187807,2.4444444444444446,-246.33333333333334
nih,unweighted,empirical,490,9,-0.04320987654320992,0.08336188192303302,2.3333333333333335,-162.22222222222223
nih,unweighted,guarded,490,9,-0.02263374485596707,0.1412013246545621,1.2222222222222223,-274.77777777777777
nih,unweighted,empirical,491,9,-0.061032863849765265,0.029491388744887954,4.333333333333333,-56.888888888888886
nih,unweighted,guarded,491,9,-0.001564945226917031,0.11612234318299637,0.1111111111111111,-224.0
nih,unweighted,empirical,492,9,-0.1129629629629629,0.10297823596792671,6.777777777777778,-199.77777777777777
nih,unweighted,guarded,492,9,-0.10555555555555554,0.16735395189003435,6.333333333333333,-324.6666666666667
nih,unweighted,empirical,493,9,0.0,0.030287385992083988,0.0,-58.666666666666664
nih,unweighted,guarded,493,9,-1.2335811384723961e-17,0.11443813457236279,0.0,-221.66666666666666
nih,unweighted,empirical,494,9,-0.06944444444444439,0.012390502535730756,5.0,-23.88888888888889
nih,unweighted,guarded,494,9,-0.04475308641975308,0.08788612263715993,3.2222222222222223,-169.44444444444446
nih,unweighted,empirical,495,9,-0.04100529100529102,0.027139874739039657,3.4444444444444446,-52.0
nih,unweighted,guarded,495,9,-0.01719576719576721,0.0855949895615866,1.4444444444444444,-164.0
nih,unweighted,empirical,496,9,-0.04629629629629631,0.1241122565864834,2.7777777777777777,-240.77777777777777
nih,unweighted,guarded,496,9,0.027777777777777752,0.11053837342497137,-1.6666666666666667,-214.44444444444446
nih,unweighted,empirical,497,9,-0.1111111111111111,0.07600527734755923,7.0,-147.22222222222223
nih,unweighted,guarded,497,9,-0.06525573192239859,0.13468708770722193,4.111111111111111,-260.8888888888889
nih,unweighted,empirical,498,9,-0.026041666666666668,0.12821395775941233,1.6666666666666667,-248.22222222222223
nih,unweighted,guarded,498,9,0.036458333333333336,0.14187327823691462,-2.3333333333333335,-274.6666666666667
nih,unweighted,empirical,499,9,0.024904214559386986,0.00932600984094292,-1.4444444444444444,-18.11111111111111
nih,unweighted,guarded,499,9,0.017241379310344838,0.0881107678224053,-1.0,-171.11111111111111
nih,unweighted,empirical,500,9,-0.04513888888888889,0.02289944903581266,2.888888888888889,-44.333333333333336
nih,unweighted,guarded,500,9,-0.020833333333333332,0.1174242424242424,1.3333333333333333,-227.33333333333334
nih,balanced,empirical,0,9,-0.030595813204508843,0.02934576212670465,2.111111111111111,-56.666666666666664
nih,balanced,guarded,0,9,-0.012882447665056394,0.12446055584325912,0.8888888888888888,-240.33333333333334
nih,balanced,empirical,1,9,-0.03375527426160336,0.07739024813465209,2.6666666666666665,-148.66666666666666
nih,balanced,guarded,1,9,0.021097046413502088,0.10434380241772229,-1.6666666666666667,-200.44444444444446
nih,balanced,empirical,2,9,-0.08960573476702509,0.018117188395826198,5.555555555555555,-35.111111111111114
nih,balanced,guarded,2,9,-0.06989247311827958,0.1104804494897374,4.333333333333333,-214.11111111111111
nih,balanced,empirical,3,9,-0.017361111111111112,0.038510101010100946,1.1111111111111112,-74.55555555555556
nih,balanced,guarded,3,9,-0.026041666666666668,0.11070936639118457,1.6666666666666667,-214.33333333333334
nih,balanced,empirical,4,9,-0.017214397496087677,0.006105639076090075,1.2222222222222223,-11.777777777777779
nih,balanced,guarded,4,9,-0.028169014084507067,0.09469500604803872,2.0,-182.66666666666666
nih,balanced,empirical,5,9,0.04985754985754984,0.011793270898369753,-3.888888888888889,-22.666666666666668
nih,balanced,guarded,5,9,-0.0071225071225070975,0.07070181523875597,0.5555555555555556,-135.88888888888889
nih,balanced,empirical,6,9,-0.1251758087201125,0.12152235525478629,9.88888888888889,-233.44444444444446
nih,balanced,guarded,6,9,-0.040787623066104076,0.11926658569032332,3.2222222222222223,-229.11111111111111
nih,balanced,empirical,7,9,-0.023297491039426514,0.03451439055154225,1.4444444444444444,-66.88888888888889
nih,balanced,guarded,7,9,-0.0734767025089606,0.1508427932576539,4.555555555555555,-292.3333333333333
nih,balanced,empirical,8,9,-0.07679738562091504,0.061536691971474565,5.222222222222222,-118.88888888888889
nih,balanced,guarded,8,9,-0.07189542483660132,0.17207269381182427,4.888888888888889,-332.44444444444446
nih,balanced,empirical,9,9,-0.03880070546737216,0.03040211093902366,2.4444444444444446,-58.888888888888886
nih,balanced,guarded,9,9,-0.03703703703703701,0.11833878276831299,2.3333333333333335,-229.22222222222223
nih,balanced,empirical,10,9,-0.057189542483660136,0.0657349896480331,3.888888888888889,-127.0
nih,balanced,guarded,10,9,-0.05555555555555555,0.09771106510236943,3.7777777777777777,-188.77777777777777
nih,balanced,empirical,11,9,-0.028571428571428543,0.07489925158318943,2.0,-144.55555555555554
nih,balanced,guarded,11,9,-0.009523809523809514,0.12642487046632125,0.6666666666666666,-244.0
nih,balanced,empirical,12,9,-0.04336043360433603,0.07623682076236821,3.5555555555555554,-146.22222222222223
nih,balanced,guarded,12,9,-0.016260162601626018,0.13492063492063494,1.3333333333333333,-258.77777777777777
nih,balanced,empirical,13,9,-0.03225806451612903,0.060600848526545126,2.0,-117.44444444444444
nih,balanced,guarded,13,9,-0.06272401433691757,0.12515766540534345,3.888888888888889,-242.55555555555554
nih,balanced,empirical,14,9,-0.04475308641975311,0.024838635315813748,3.2222222222222223,-47.888888888888886
nih,balanced,guarded,14,9,-0.03703703703703706,0.10367680958967267,2.6666666666666665,-199.88888888888889
nih,balanced,empirical,15,9,-0.11403508771929823,0.11682836682836685,8.666666666666666,-224.77777777777777
nih,balanced,guarded,15,9,-0.0453216374269006,0.12624162624162624,3.4444444444444446,-242.88888888888889
nih,balanced,empirical,16,9,0.09961685823754786,-0.0016020139604073903,-5.777777777777778,3.111111111111111
nih,balanced,guarded,16,9,0.078544061302682,0.019681885799290547,-4.555555555555555,-38.22222222222222
nih,balanced,empirical,17,9,-0.03198653198653196,0.06193266689647246,2.111111111111111,-119.77777777777777
nih,balanced,guarded,17,9,-0.006734006734006741,0.10295300471101919,0.4444444444444444,-199.11111111111111
nih,balanced,empirical,18,9,-0.04639804639804641,0.07129969151970202,4.222222222222222,-136.11111111111111
nih,balanced,guarded,18,9,-0.02075702075702077,0.13095861707700368,1.8888888888888888,-250.0
nih,balanced,empirical,19,9,-0.012698412698412678,0.0863557858376511,0.8888888888888888,-166.66666666666666
nih,balanced,guarded,19,9,0.001587301587301594,0.12101324122049507,-0.1111111111111111,-233.55555555555554
nih,balanced,empirical,20,9,-0.09618573797678275,0.09110766224061623,6.444444444444445,-176.11111111111111
nih,balanced,guarded,20,9,-0.09950248756218903,0.14973846065413574,6.666666666666667,-289.44444444444446
nih,balanced,empirical,21,9,0.03216374269005849,0.009124509124509177,-2.4444444444444446,-17.555555555555557
nih,balanced,guarded,21,9,0.055555555555555566,0.011954261954261932,-4.222222222222222,-23.0
nih,balanced,empirical,22,9,-0.03703703703703704,0.013745704467353952,2.2222222222222223,-26.666666666666668
nih,balanced,guarded,22,9,0.01111111111111112,0.08974799541809851,-0.6666666666666666,-174.11111111111111
nih,balanced,empirical,23,9,-0.004566210045662106,0.04595514040246783,0.3333333333333333,-88.55555555555556
nih,balanced,guarded,23,9,-0.031963470319634674,0.13625093697745486,2.3333333333333335,-262.55555555555554
nih,balanced,empirical,24,9,-0.09677419354838708,0.10061919504643962,6.0,-195.0
nih,balanced,guarded,24,9,-0.05734767025089604,0.10732714138286895,3.5555555555555554,-208.0
nih,balanced,empirical,25,9,-0.041025641025641026,0.10502440424921043,2.6666666666666665,-203.22222222222223
nih,balanced,guarded,25,9,0.013675213675213713,0.10209589434395638,-0.8888888888888888,-197.55555555555554
nih,balanced,empirical,26,9,-0.07526881720430105,0.035947712418300685,4.666666666666667,-69.66666666666667
nih,balanced,guarded,26,9,-0.03046594982078854,0.09328058708863661,1.8888888888888888,-180.77777777777777
nih,balanced,empirical,27,9,-0.0515873015873016,0.045929018789144065,4.333333333333333,-88.0
nih,balanced,guarded,27,9,-0.062169312169312194,0.16852238459754112,5.222222222222222,-322.8888888888889
nih,balanced,empirical,28,9,-0.043771043771043766,0.057106744800643434,2.888888888888889,-110.44444444444444
nih,balanced,guarded,28,9,-0.013468013468013455,0.0777318166149604,0.8888888888888888,-150.33333333333334
nih,balanced,empirical,29,9,-0.04214559386973175,0.016020139604073693,2.4444444444444446,-31.11111111111111
nih,balanced,guarded,29,9,0.0,0.043426021283899746,0.0,-84.33333333333333
nih,balanced,empirical,30,9,-0.0057720057720057494,0.01542728375801699,0.4444444444444444,-29.666666666666668
nih,balanced,guarded,30,9,-0.02597402597402597,0.10527532212399611,2.0,-202.44444444444446
nih,balanced,empirical,31,9,0.055555555555555546,0.017461964038727535,-4.0,-33.666666666666664
nih,balanced,guarded,31,9,0.012345679012345685,0.12655601659751037,-0.8888888888888888,-244.0
nih,balanced,empirical,32,9,-0.06944444444444446,0.10857538035961277,5.0,-209.33333333333334
nih,balanced,guarded,32,0,,,,
nih,balanced,empirical,33,9,-0.05936073059360733,0.028368794326241162,4.333333333333333,-54.666666666666664
nih,balanced,guarded,33,9,-0.028919330289193284,0.11128409156431987,2.111111111111111,-214.44444444444446
nih,balanced,empirical,34,9,-0.02693602693602694,0.0893944616798805,1.7777777777777777,-172.88888888888889
nih,balanced,guarded,34,9,-0.006734006734006765,0.13104676548316674,0.4444444444444444,-253.44444444444446
nih,balanced,empirical,35,9,-0.06965174129353237,0.07271368626774732,4.666666666666667,-140.55555555555554
nih,balanced,guarded,35,9,-0.04477611940298513,0.11312295223314361,3.0,-218.66666666666666
nih,balanced,empirical,36,9,-0.12499999999999997,0.049247685185185186,10.0,-94.55555555555556
nih,balanced,guarded,36,9,-0.14166666666666666,0.1421296296296296,11.333333333333334,-272.8888888888889
nih,balanced,empirical,37,9,0.10628019323671498,0.012774037631624399,-7.333333333333333,-24.666666666666668
nih,balanced,guarded,37,9,-0.0016103059581320646,0.078830772771736,0.1111111111111111,-152.22222222222223
nih,balanced,empirical,38,9,0.011695906432748513,0.04833679833679833,-0.8888888888888888,-93.0
nih,balanced,guarded,38,9,-0.02192982456140349,0.14275814275814275,1.6666666666666667,-274.6666666666667
nih,balanced,empirical,39,9,-0.06565656565656565,0.030162013098931368,4.333333333333333,-58.333333333333336
nih,balanced,guarded,39,9,-0.04545454545454546,0.10151671837297485,3.0,-196.33333333333334
nih,balanced,empirical,40,9,-0.06349206349206345,0.08336170695721251,2.6666666666666665,-163.22222222222223
nih,balanced,guarded,40,9,-0.018518518518518514,0.1082737487231869,0.7777777777777778,-212.0
nih,balanced,empirical,41,9,-0.06756756756756757,0.033460251528787385,5.0,-64.44444444444444
nih,balanced,guarded,41,9,-0.0675675675675676,0.0957078573901004,5.0,-184.33333333333334
nih,balanced,empirical,42,9,-0.06286549707602335,0.06716331716331717,4.777777777777778,-129.22222222222223
nih,balanced,guarded,42,9,0.029239766081871375,0.10631785631785633,-2.2222222222222223,-204.55555555555554
nih,balanced,empirical,43,9,-0.007309941520467822,0.0336105336105336,0.5555555555555556,-64.66666666666667
nih,balanced,guarded,43,9,-0.0233918128654971,0.15251790251790254,1.7777777777777777,-293.44444444444446
nih,balanced,empirical,44,9,-0.013071895424836642,0.025362318840579687,0.8888888888888888,-49.0
nih,balanced,guarded,44,9,-0.08823529411764706,0.1755808603634691,6.0,-339.22222222222223
nih,balanced,empirical,45,9,-0.0182648401826484,0.025831747679178903,1.3333333333333333,-49.77777777777778
nih,balanced,guarded,45,9,-0.08219178082191782,0.1397105460416306,6.0,-269.22222222222223
nih,balanced,empirical,46,9,-0.10085470085470086,0.0923916164226242,6.555555555555555,-178.77777777777777
nih,balanced,guarded,46,9,-0.034188034188034164,0.12535170829744471,2.2222222222222223,-242.55555555555554
nih,balanced,empirical,47,9,-0.05128205128205126,0.01786333680194247,4.0,-34.333333333333336
nih,balanced,guarded,47,9,-0.01994301994301996,0.08336223840906465,1.5555555555555556,-160.22222222222223
nih,balanced,empirical,48,9,-0.03656821378340368,0.04847012551333217,2.888888888888889,-93.11111111111111
nih,balanced,guarded,48,9,-0.03938115330520393,0.12464572849788885,3.111111111111111,-239.44444444444446
nih,balanced,empirical,49,9,0.06739526411657559,0.01547189272821043,-4.111111111111111,-30.0
nih,balanced,guarded,49,9,0.034608378870674,0.05289095180791935,-2.111111111111111,-102.55555555555556
nih,balanced,empirical,50,9,0.08838383838383837,-0.0021501627150162855,-7.777777777777778,4.111111111111111
nih,balanced,guarded,50,9,0.017676767676767673,0.007670850767085057,-1.5555555555555556,-14.666666666666666
nih,balanced,empirical,51,9,-0.01801801801801807,0.06363216799353871,1.3333333333333333,-122.55555555555556
nih,balanced,guarded,51,9,-0.036036036036036036,0.09553478712357216,2.6666666666666665,-184.0
nih,balanced,empirical,52,9,0.051529790660225436,0.011680764140629537,-3.5555555555555554,-22.555555555555557
nih,balanced,guarded,52,9,-0.027375201288244753,0.13757983773519766,1.8888888888888888,-265.6666666666667
nih,balanced,empirical,53,9,0.03196347031963468,0.05189413596263623,-2.3333333333333335,-100.0
nih,balanced,guarded,53,9,0.007610350076103494,0.12835149628092024,-0.5555555555555556,-247.33333333333334
nih,balanced,empirical,54,9,0.04273504273504276,-0.004971673025783373,-3.3333333333333335,9.555555555555555
nih,balanced,guarded,54,9,-0.025641025641025637,0.08711989825413342,2.0,-167.44444444444446
nih,balanced,empirical,55,9,-0.04761904761904762,0.042179464956376,3.6666666666666665,-81.11111111111111
nih,balanced,guarded,55,9,-0.05772005772005773,0.1492459698387935,4.444444444444445,-287.0
nih,balanced,empirical,56,9,-0.009416195856873786,0.06262522182151238,0.5555555555555556,-121.55555555555556
nih,balanced,guarded,56,9,-0.06214689265536724,0.15038067433739766,3.6666666666666665,-291.8888888888889
nih,balanced,empirical,57,9,0.03703703703703704,-0.02186546981989758,-2.5555555555555554,42.22222222222222
nih,balanced,guarded,57,9,-0.008051529790660199,0.1239426894527879,0.5555555555555556,-239.33333333333334
nih,balanced,empirical,58,9,-0.13703703703703704,0.054352806414662086,8.222222222222221,-105.44444444444444
nih,balanced,guarded,58,9,-0.012962962962962942,0.08264604810996565,0.7777777777777778,-160.33333333333334
nih,balanced,empirical,59,9,0.015015015015015034,0.02319141571478019,-1.1111111111111112,-44.666666666666664
nih,balanced,guarded,59,9,0.010510510510510515,0.10263066805122881,-0.7777777777777778,-197.66666666666666
nih,balanced,empirical,60,9,-0.009107468123861576,0.01209099765056444,0.5555555555555556,-23.444444444444443
nih,balanced,guarded,60,9,-0.0036429872495445936,0.09764483410692797,0.2222222222222222,-189.33333333333334
nih,balanced,empirical,61,9,-0.07026143790849676,0.06412468368990114,4.777777777777778,-123.88888888888889
nih,balanced,guarded,61,9,-0.011437908496732034,0.12888198757763975,0.7777777777777778,-249.0
nih,balanced,empirical,62,9,-0.022222222222222206,0.027488425925925954,1.7777777777777777,-52.77777777777778
nih,balanced,guarded,62,9,0.018055555555555564,0.0670138888888889,-1.4444444444444444,-128.66666666666666
nih,balanced,empirical,63,9,-0.06557377049180332,0.04704601455503981,4.0,-91.22222222222223
nih,balanced,guarded,63,9,-0.07103825136612019,0.1416537734227265,4.333333333333333,-274.6666666666667
nih,balanced,empirical,64,9,-0.03912363067292644,0.09498300789125048,2.7777777777777777,-183.22222222222223
nih,balanced,guarded,64,9,0.020344287949921776,0.10823109267899311,-1.4444444444444444,-208.77777777777777
nih,balanced,empirical,65,9,0.047358834244080175,0.04292017649418373,-2.888888888888889,-83.22222222222223
nih,balanced,guarded,65,9,-0.025500910746812402,0.11122571772391265,1.5555555555555556,-215.66666666666666
nih,balanced,empirical,66,9,-0.0488215488215488,0.03613696426519589,3.2222222222222223,-69.88888888888889
nih,balanced,guarded,66,9,-0.055555555555555546,0.17821440882454326,3.6666666666666665,-344.6666666666667
nih,balanced,empirical,67,9,-0.07870370370370369,0.06189488243430154,5.666666666666667,-119.33333333333333
nih,balanced,guarded,67,9,-0.06327160493827161,0.1439603503918857,4.555555555555555,-277.55555555555554
nih,balanced,empirical,68,9,-0.04738562091503266,0.030020703933747388,3.2222222222222223,-58.0
nih,balanced,guarded,68,9,-0.06209150326797387,0.1346330802852542,4.222222222222222,-260.1111111111111
nih,balanced,empirical,69,9,-0.046296296296296294,0.027090492554410057,2.7777777777777777,-52.55555555555556
nih,balanced,guarded,69,9,-0.025925925925925884,0.10005727376861401,1.5555555555555556,-194.11111111111111
nih,balanced,empirical,70,9,0.015873015873015865,0.009177995755176947,-1.0,-17.77777777777778
nih,balanced,guarded,70,9,0.01587301587301588,0.05610049905351919,-1.0,-108.66666666666667
nih,balanced,empirical,71,9,-0.1206896551724138,0.08685204256779949,7.0,-168.66666666666666
nih,balanced,guarded,71,9,-0.04214559386973184,0.10310104130907428,2.4444444444444446,-200.22222222222223
nih,balanced,empirical,72,9,-0.038142620232172485,0.01942863712134278,2.5555555555555554,-37.55555555555556
nih,balanced,guarded,72,9,-0.02653399668325039,0.10668506064263955,1.7777777777777777,-206.22222222222223
nih,balanced,empirical,73,9,-0.03805175038051752,0.032462665052182454,2.7777777777777777,-62.55555555555556
nih,balanced,guarded,73,9,-0.056316590563165875,0.12143227815256874,4.111111111111111,-234.0
nih,balanced,empirical,74,9,-0.006172839506172867,0.0010949746426924564,0.4444444444444444,-2.111111111111111
nih,balanced,guarded,74,9,-0.0354938271604938,0.0896150299677271,2.5555555555555554,-172.77777777777777
nih,balanced,empirical,75,9,0.0188034188034188,0.00424921045076079,-1.2222222222222223,-8.222222222222221
nih,balanced,guarded,75,9,-0.029059829059829043,0.08682170542635657,1.8888888888888888,-168.0
nih,balanced,empirical,76,9,-0.017094017094017106,0.01814527706000573,1.1111111111111112,-35.111111111111114
nih,balanced,guarded,76,9,-0.05470085470085473,0.13993683606086704,3.5555555555555554,-270.77777777777777
nih,balanced,empirical,77,9,-0.027397260273972587,0.023698322089603874,2.0,-45.666666666666664
nih,balanced,guarded,77,9,-0.004566210045662069,0.1007322839185839,0.3333333333333333,-194.11111111111111
nih,balanced,empirical,78,9,0.022927689594356218,0.06636838180462341,-1.4444444444444444,-128.55555555555554
nih,balanced,guarded,78,9,0.005291005291005235,0.13342511329088513,-0.3333333333333333,-258.44444444444446
nih,balanced,empirical,79,9,-0.06734006734006735,0.038894634034241045,4.444444444444445,-75.22222222222223
nih,balanced,guarded,79,9,0.021885521885521855,0.04147994944272093,-1.4444444444444444,-80.22222222222223
nih,balanced,empirical,80,9,0.010510510510510503,0.0016153224875966104,-0.7777777777777778,-3.111111111111111
nih,balanced,guarded,80,9,0.006006006006006006,0.042344525210568834,-0.4444444444444444,-81.55555555555556
nih,balanced,empirical,81,9,-0.03463203463203457,0.05223320043912868,2.6666666666666665,-100.44444444444444
nih,balanced,guarded,81,9,-0.01731601731601731,0.1496504304616629,1.3333333333333333,-287.77777777777777
nih,balanced,empirical,82,9,-0.04126984126984128,0.057167530224525046,2.888888888888889,-110.33333333333333
nih,balanced,guarded,82,9,-0.01587301587301589,0.08825561312607944,1.1111111111111112,-170.33333333333334
nih,balanced,empirical,83,9,-0.03381642512077297,0.02491512745267277,2.3333333333333335,-48.111111111111114
nih,balanced,guarded,83,9,-0.04025764895330111,0.06950917774325337,2.7777777777777777,-134.22222222222223
nih,balanced,empirical,84,9,0.03298611111111111,0.009182736455463723,-2.111111111111111,-17.77777777777778
nih,balanced,guarded,84,9,-0.0625,0.1237373737373737,4.0,-239.55555555555554
nih,balanced,empirical,85,9,-0.062378167641325505,0.09155372562474985,3.5555555555555554,-177.88888888888889
nih,balanced,guarded,85,9,-0.04093567251461985,0.1059644307199634,2.3333333333333335,-205.88888888888889
nih,balanced,empirical,86,9,-0.07296849087893868,0.03046502270506409,4.888888888888889,-58.888888888888886
nih,balanced,guarded,86,9,-0.023217247097844094,0.13646030924872107,1.5555555555555556,-263.77777777777777
nih,balanced,empirical,87,9,-0.025641025641025637,0.03324720068906116,1.6666666666666667,-64.33333333333333
nih,balanced,guarded,87,9,-0.044444444444444495,0.12805053115130638,2.888888888888889,-247.77777777777777
nih,balanced,empirical,88,9,-0.09670781893004118,0.04556354916067148,5.222222222222222,-88.66666666666667
nih,balanced,guarded,88,9,-0.0617283950617284,0.09712230215827337,3.3333333333333335,-189.0
nih,balanced,empirical,89,9,0.05916305916305918,0.011613797885248696,-4.555555555555555,-22.333333333333332
nih,balanced,guarded,89,9,0.01010101010101013,0.09972843358178773,-0.7777777777777778,-191.77777777777777
nih,balanced,empirical,90,9,-0.028192371475953586,0.012415933781686496,1.8888888888888888,-24.0
nih,balanced,guarded,90,9,-0.06799336650082916,0.18031844570903027,4.555555555555555,-348.55555555555554
nih,balanced,empirical,91,9,-0.04444444444444446,0.033763996554694184,2.888888888888889,-65.33333333333333
nih,balanced,guarded,91,9,-0.06666666666666664,0.1437840941716911,4.333333333333333,-278.22222222222223
nih,balanced,empirical,92,9,-0.052777777777777764,0.04311342592592596,4.222222222222222,-82.77777777777777
nih,balanced,guarded,92,9,-0.006944444444444444,0.12372685185185182,0.5555555555555556,-237.55555555555554
nih,balanced,empirical,93,9,-0.026365348399246695,0.02661858148720591,1.5555555555555556,-51.666666666666664
nih,balanced,guarded,93,9,0.03201506591337101,0.13045967141794038,-1.8888888888888888,-253.22222222222223
nih,balanced,empirical,94,9,-0.03431372549019608,0.0395675178283874,2.3333333333333335,-76.44444444444444
nih,balanced,guarded,94,9,-0.006535947712418277,0.09069473199907985,0.4444444444444444,-175.22222222222223
nih,balanced,empirical,95,9,-0.07863247863247864,0.086534596612116,5.111111111111111,-167.44444444444446
nih,balanced,guarded,95,9,-0.020512820512820513,0.11673844387022683,1.3333333333333333,-225.88888888888889
nih,balanced,empirical,96,9,-0.07296849087893863,0.10639765476806348,4.888888888888889,-205.66666666666666
nih,balanced,guarded,96,9,-0.006633499170812598,0.09743059148128988,0.4444444444444444,-188.33333333333334
nih,balanced,empirical,97,9,0.016583747927031448,0.03299419440133359,-1.1111111111111112,-63.77777777777778
nih,balanced,guarded,97,9,-0.02487562189054726,0.06742541817554751,1.6666666666666667,-130.33333333333334
nih,balanced,empirical,98,9,-0.1067538126361656,0.02525511658400322,5.444444444444445,-49.22222222222222
nih,balanced,guarded,98,9,-0.03485838779956427,0.1259905364574426,1.7777777777777777,-245.55555555555554
nih,balanced,empirical,99,9,-0.004694835680751192,0.021139335291745855,0.3333333333333333,-40.77777777777778
nih,balanced,guarded,99,9,-0.02503912363067293,0.10581187719601402,1.7777777777777777,-204.11111111111111
nih,balanced,empirical,100,9,-0.06324786324786325,0.04570772322710307,4.111111111111111,-88.44444444444444
nih,balanced,guarded,100,9,-0.013675213675213701,0.13362044214757393,0.8888888888888888,-258.55555555555554
nih,balanced,empirical,101,9,-0.06481481481481483,0.05910652920962202,3.888888888888889,-114.66666666666667
nih,balanced,guarded,101,9,-0.040740740740740716,0.1306987399770905,2.4444444444444446,-253.55555555555554
nih,balanced,empirical,102,9,-0.029629629629629624,0.06901489117983965,1.7777777777777777,-133.88888888888889
nih,balanced,guarded,102,9,-0.02037037037037041,0.10063001145475368,1.2222222222222223,-195.22222222222223
nih,balanced,empirical,103,9,-0.013888888888888876,0.03182870370370369,1.1111111111111112,-61.111111111111114
nih,balanced,guarded,103,9,-0.03472222222222226,0.13234953703703706,2.7777777777777777,-254.11111111111111
nih,balanced,empirical,104,9,-0.062499999999999986,0.10787037037037035,5.0,-207.11111111111111
nih,balanced,guarded,104,9,-0.044444444444444425,0.10167824074074075,3.5555555555555554,-195.22222222222223
nih,balanced,empirical,105,9,-0.04666666666666666,0.05840455840455838,2.3333333333333335,-113.88888888888889
nih,balanced,guarded,105,9,-0.015555555555555569,0.12233618233618238,0.7777777777777778,-238.55555555555554
nih,balanced,empirical,106,9,-0.014619883040935668,0.022695772695772682,1.1111111111111112,-43.666666666666664
nih,balanced,guarded,106,9,-0.0526315789473684,0.14316239316239315,4.0,-275.44444444444446
nih,balanced,empirical,107,9,-0.022222222222222216,0.021590582830892893,1.4444444444444444,-41.77777777777778
nih,balanced,guarded,107,9,-0.025641025641025675,0.13201263278782663,1.6666666666666667,-255.44444444444446
nih,balanced,empirical,108,9,-0.0013888888888888963,0.009317129629629618,0.1111111111111111,-17.88888888888889
nih,balanced,guarded,108,9,-0.04305555555555553,0.16041666666666662,3.4444444444444446,-308.0
nih,balanced,empirical,109,9,-0.011608623548922016,0.010921423233890892,0.7777777777777778,-21.11111111111111
nih,balanced,guarded,109,9,0.001658374792703168,0.10306374662298101,-0.1111111111111111,-199.22222222222223
nih,balanced,empirical,110,9,0.053872053872053884,0.014707572101574128,-3.5555555555555554,-28.444444444444443
nih,balanced,guarded,110,9,0.018518518518518504,0.08824543260944503,-1.2222222222222223,-170.66666666666666
nih,balanced,empirical,111,9,0.018779342723004695,0.031910604227867054,-1.3333333333333333,-61.55555555555556
nih,balanced,guarded,111,9,-0.003129890453834161,0.15269857727089453,0.2222222222222222,-294.55555555555554
nih,balanced,empirical,112,9,-0.07549857549857548,0.02058041392068451,5.888888888888889,-39.55555555555556
nih,balanced,guarded,112,9,-0.04843304843304846,0.105676956873627,3.7777777777777777,-203.11111111111111
nih,balanced,empirical,113,9,-0.023148148148148164,0.023850182149362482,1.1111111111111112,-46.55555555555556
nih,balanced,guarded,113,9,-0.04861111111111108,0.111908014571949,2.3333333333333335,-218.44444444444446
nih,balanced,empirical,114,9,0.007936507936507896,0.024582613701784703,-0.5555555555555556,-47.44444444444444
nih,balanced,guarded,114,9,-0.0380952380952381,0.11168681635002883,2.6666666666666665,-215.55555555555554
nih,balanced,empirical,115,9,-0.04957264957264959,0.03611828883146711,3.2222222222222223,-69.88888888888889
nih,balanced,guarded,115,9,-0.05470085470085473,0.12713178294573643,3.5555555555555554,-246.0
nih,balanced,empirical,116,9,-0.023679417122040088,0.02590109449315223,1.4444444444444444,-50.22222222222222
nih,balanced,guarded,116,9,-0.02367941712204005,0.08904933814681106,1.4444444444444444,-172.66666666666666
nih,balanced,empirical,117,9,-0.0597014925373134,0.028280738058285904,4.0,-54.666666666666664
nih,balanced,guarded,117,9,-0.03316749585406303,0.10777720296602863,2.2222222222222223,-208.33333333333334
nih,balanced,empirical,118,9,-0.04242424242424243,0.06780919737217936,2.3333333333333335,-131.88888888888889
nih,balanced,guarded,118,9,-0.03232323232323232,0.12596401028277635,1.7777777777777777,-245.0
nih,balanced,empirical,119,9,-0.04184704184704181,0.10001733402669444,3.2222222222222223,-192.33333333333334
nih,balanced,guarded,119,9,-0.03463203463203462,0.1463569653897267,2.6666666666666665,-281.44444444444446
nih,balanced,empirical,120,9,-0.05898491083676267,0.06646980487522436,4.777777777777778,-127.55555555555556
nih,balanced,guarded,120,9,-0.07818930041152265,0.1741068843726478,6.333333333333333,-334.1111111111111
nih,balanced,empirical,121,9,-0.06280193236714973,0.04073882271707236,4.333333333333333,-78.66666666666667
nih,balanced,guarded,121,9,-0.07890499194847021,0.10817653489844063,5.444444444444445,-208.88888888888889
nih,balanced,empirical,122,9,-0.01763668430335093,0.03218034761658923,1.1111111111111112,-62.333333333333336
nih,balanced,guarded,122,9,0.037037037037037056,0.10485860150289682,-2.3333333333333335,-203.11111111111111
nih,balanced,empirical,123,9,0.007407407407407406,0.017489177489177467,-0.5555555555555556,-33.666666666666664
nih,balanced,guarded,123,9,-0.005925925925925964,0.12323232323232323,0.4444444444444444,-237.22222222222223
nih,balanced,empirical,124,9,-0.018518518518518514,0.03079397908767091,1.2222222222222223,-59.55555555555556
nih,balanced,guarded,124,9,-0.04040404040404043,0.09502470412501435,2.6666666666666665,-183.77777777777777
nih,balanced,empirical,125,9,-0.046296296296296294,0.06201014292300602,3.3333333333333335,-119.55555555555556
nih,balanced,guarded,125,9,0.004629629629629626,0.130129091747349,-0.3333333333333333,-250.88888888888889
nih,balanced,empirical,126,9,-0.04305555555555556,0.11788194444444446,3.4444444444444446,-226.33333333333334
nih,balanced,guarded,126,9,-0.013888888888888914,0.08686342592592594,1.1111111111111112,-166.77777777777777
nih,balanced,empirical,127,9,0.016296296296296302,0.04242424242424243,-1.2222222222222223,-81.66666666666667
nih,balanced,guarded,127,9,0.0014814814814815033,0.13327561327561327,-0.1111111111111111,-256.55555555555554
nih,balanced,empirical,128,9,0.009661835748792251,0.03337361183036997,-0.6666666666666666,-64.44444444444444
nih,balanced,guarded,128,9,0.0032206119162640798,0.12538120720409685,-0.2222222222222222,-242.11111111111111
nih,balanced,empirical,129,9,-0.05772005772005771,0.07303403247240997,4.444444444444445,-140.44444444444446
nih,balanced,guarded,129,9,-0.02164502164502165,0.11954700410238633,1.6666666666666667,-229.88888888888889
nih,balanced,empirical,130,9,-0.06280193236714982,0.06162610046607976,4.333333333333333,-119.0
nih,balanced,guarded,130,9,-0.08534621578099838,0.12492088152367797,5.888888888888889,-241.22222222222223
nih,balanced,empirical,131,9,-0.039316239316239336,0.03749641113982199,2.5555555555555554,-72.55555555555556
nih,balanced,guarded,131,9,-0.0410256410256411,0.1157048521389607,2.6666666666666665,-223.88888888888889
nih,balanced,empirical,132,9,-0.09523809523809518,0.11371121511527127,7.333333333333333,-218.66666666666666
nih,balanced,guarded,132,9,0.04184704184704186,0.0814699254636852,-3.2222222222222223,-156.66666666666666
nih,balanced,empirical,133,9,-0.017214397496087625,0.02332814930015555,1.2222222222222223,-45.0
nih,balanced,guarded,133,9,-0.014084507042253539,0.018604919071482057,1.0,-35.888888888888886
nih,balanced,empirical,134,9,-0.07628524046434496,0.068632522848767,5.111111111111111,-132.66666666666666
nih,balanced,guarded,134,9,-0.07296849087893859,0.13122952233143648,4.888888888888889,-253.66666666666666
nih,balanced,empirical,135,9,-0.003044140030441388,0.06233062330623307,0.2222222222222222,-120.11111111111111
nih,balanced,guarded,135,9,-0.0182648401826484,0.10793980280228335,1.3333333333333333,-208.0
nih,balanced,empirical,136,9,0.011608623548922115,0.08087601310570787,-0.7777777777777778,-156.33333333333334
nih,balanced,guarded,136,9,0.04477611940298509,0.11082370523653505,-3.0,-214.22222222222223
nih,balanced,empirical,137,9,-0.18915343915343918,0.10902342843887732,15.88888888888889,-208.88888888888889
nih,balanced,guarded,137,9,-0.07010582010582012,0.15158895847831133,5.888888888888889,-290.44444444444446
nih,balanced,empirical,138,9,-0.057017543859649106,0.060291060291060315,4.333333333333333,-116.0
nih,balanced,guarded,138,9,-0.057017543859649106,0.0958073458073458,4.333333333333333,-184.33333333333334
nih,balanced,empirical,139,9,-0.0308641975308642,0.03774781005071462,2.2222222222222223,-72.77777777777777
nih,balanced,guarded,139,9,-0.050925925925925965,0.11312816966343936,3.6666666666666665,-218.11111111111111
nih,balanced,empirical,140,9,-0.024853801169590645,0.011492261492261494,1.8888888888888888,-22.11111111111111
nih,balanced,guarded,140,9,-0.05847953216374269,0.1261261261261261,4.444444444444445,-242.66666666666666
nih,balanced,empirical,141,9,-0.04007285974499088,0.12125379634404905,2.4444444444444446,-235.11111111111111
nih,balanced,guarded,141,9,0.02003642987249548,0.10022348289496305,-1.2222222222222223,-194.33333333333334
nih,balanced,empirical,142,9,-0.03259259259259257,0.03220779220779224,2.4444444444444446,-62.0
nih,balanced,guarded,142,9,0.004444444444444436,0.0883116883116883,-0.3333333333333333,-170.0
nih,balanced,empirical,143,9,-0.044733044733044736,0.05257988097301672,3.4444444444444446,-101.11111111111111
nih,balanced,guarded,143,9,-0.0331890331890332,0.12208932801756513,2.5555555555555554,-234.77777777777777
nih,balanced,empirical,144,9,0.0015649452269170065,0.0006336040550659247,-0.1111111111111111,-1.2222222222222223
nih,balanced,guarded,144,9,-0.028169014084507067,0.07626288808248376,2.0,-147.11111111111111
nih,balanced,empirical,145,9,-0.06088280060882805,0.051605835207288266,4.444444444444445,-99.44444444444444
nih,balanced,guarded,145,9,-0.11263318112633182,0.17938072997751256,8.222222222222221,-345.6666666666667
nih,balanced,empirical,146,9,0.001443001443001431,-0.0038712659617495568,-0.1111111111111111,7.444444444444445
nih,balanced,guarded,146,9,-0.007215007215007218,0.06696712312936964,0.5555555555555556,-128.77777777777777
nih,balanced,empirical,147,9,-0.07650273224043716,0.0579909460775887,4.666666666666667,-112.44444444444444
nih,balanced,guarded,147,9,-0.03825136612021859,0.09930662999255058,2.3333333333333335,-192.55555555555554
nih,balanced,empirical,148,9,0.03174603174603176,0.014968336211859494,-2.2222222222222223,-28.88888888888889
nih,balanced,guarded,148,9,-0.030158730158730176,0.07305699481865283,2.111111111111111,-141.0
nih,balanced,empirical,149,9,-0.07253086419753088,0.07393960350391887,5.222222222222222,-142.55555555555554
nih,balanced,guarded,149,9,-0.035493827160493846,0.13266482249884737,2.5555555555555554,-255.77777777777777
nih,balanced,empirical,150,9,-0.09076682316118935,0.06428201140487297,6.444444444444445,-124.0
nih,balanced,guarded,150,9,-0.06885758998435056,0.15609699902079371,4.888888888888889,-301.1111111111111
nih,balanced,empirical,151,9,-0.009107468123861527,0.07970889920348405,0.5555555555555556,-154.55555555555554
nih,balanced,guarded,151,9,0.0163934426229508,0.11907627070081947,-1.0,-230.88888888888889
nih,balanced,empirical,152,9,-0.08534621578099842,0.06789803786178722,5.888888888888889,-131.11111111111111
nih,balanced,guarded,152,9,-0.04669887278582931,0.12486334081362568,3.2222222222222223,-241.11111111111111
nih,balanced,empirical,153,9,-0.032128514056224904,0.014200428910914047,2.6666666666666665,-27.22222222222222
nih,balanced,guarded,153,9,-0.04685408299866128,0.1449602967599838,3.888888888888889,-277.8888888888889
nih,balanced,empirical,154,9,0.0018214936247723152,0.008308979428112965,-0.1111111111111111,-16.11111111111111
nih,balanced,guarded,154,9,-0.02003642987249547,0.0955819150764999,1.2222222222222223,-185.33333333333334
nih,balanced,empirical,155,9,-0.08457711442786067,0.059550497212163024,5.666666666666667,-115.11111111111111
nih,balanced,guarded,155,9,-0.04145936981757876,0.11553716157958267,2.7777777777777777,-223.33333333333334
nih,balanced,empirical,156,9,0.005050505050505046,0.006779271515569316,-0.3333333333333333,-13.11111111111111
nih,balanced,guarded,156,9,0.008417508417508386,0.06716074916695393,-0.5555555555555556,-129.88888888888889
nih,balanced,empirical,157,9,0.0018214936247723029,0.05248982866311388,-0.1111111111111111,-101.77777777777777
nih,balanced,guarded,157,9,-0.009107468123861576,0.1325425477050026,0.5555555555555556,-257.0
nih,balanced,empirical,158,9,-0.050078247261345826,0.029779390588099766,3.5555555555555554,-57.44444444444444
nih,balanced,guarded,158,9,-0.010954616588419428,0.11076550889925692,0.7777777777777778,-213.66666666666666
nih,balanced,empirical,159,9,-0.017361111111111112,0.05785123966942149,1.1111111111111112,-112.0
nih,balanced,guarded,159,9,-0.001736111111111111,0.10451101928374655,0.1111111111111111,-202.33333333333334
nih,balanced,empirical,160,9,-0.08253968253968252,0.04168105929763963,5.777777777777778,-80.44444444444444
nih,balanced,guarded,160,9,-0.025396825396825404,0.10028785261945886,1.7777777777777777,-193.55555555555554
nih,balanced,empirical,161,9,-0.03225806451612905,0.07212475633528266,2.0,-139.77777777777777
nih,balanced,guarded,161,9,0.0035842293906810127,0.06879944960440318,-0.2222222222222222,-133.33333333333334
nih,balanced,empirical,162,9,-0.0013227513227512934,0.055207608443516604,0.1111111111111111,-105.77777777777777
nih,balanced,guarded,162,9,-0.029100529100529085,0.10264439805149617,2.4444444444444446,-196.66666666666666
nih,balanced,empirical,163,9,0.017460317460317523,0.030742659758203797,-1.2222222222222223,-59.333333333333336
nih,balanced,guarded,163,9,-0.012698412698412665,0.07322970639032816,0.8888888888888888,-141.33333333333334
nih,balanced,empirical,164,9,-0.0923317683881064,0.08426933932377169,6.555555555555555,-162.55555555555554
nih,balanced,guarded,164,9,-0.023474178403755874,0.13040723460630144,1.6666666666666667,-251.55555555555554
nih,balanced,empirical,165,9,-0.11111111111111113,0.07111806642323074,9.222222222222221,-136.33333333333334
nih,balanced,guarded,165,9,-0.030789825970548863,0.11012577522749667,2.5555555555555554,-211.11111111111111
nih,balanced,empirical,166,9,-0.031550068587105615,0.05697411846447802,2.5555555555555554,-109.33333333333333
nih,balanced,guarded,166,9,0.002743484224965731,0.08059753343755426,-0.2222222222222222,-154.66666666666666
nih,balanced,empirical,167,9,-0.018214936247723166,0.00773594636410519,1.1111111111111112,-15.0
nih,balanced,guarded,167,9,2.4671622769447922e-17,0.10452123087502145,0.0,-202.66666666666666
nih,balanced,empirical,168,9,-0.016296296296296302,0.03988455988455993,1.2222222222222223,-76.77777777777777
nih,balanced,guarded,168,9,0.010370370370370363,0.12467532467532469,-0.7777777777777778,-240.0
nih,balanced,empirical,169,9,-0.17592592592592593,0.15756108805901337,12.666666666666666,-303.77777777777777
nih,balanced,guarded,169,9,-0.09722222222222224,0.12448132780082988,7.0,-240.0
nih,balanced,empirical,170,9,-0.04371584699453552,0.018623574580253297,2.6666666666666665,-36.111111111111114
nih,balanced,guarded,170,9,-0.018214936247723103,0.0853246232307604,1.1111111111111112,-165.44444444444446
nih,balanced,empirical,171,9,-0.08249158249158245,0.024014707572101533,5.444444444444445,-46.44444444444444
nih,balanced,guarded,171,9,-0.09764309764309767,0.13817074571986676,6.444444444444445,-267.22222222222223
nih,balanced,empirical,172,9,-0.03578154425612053,0.02925181750529509,2.111111111111111,-56.77777777777778
nih,balanced,guarded,172,9,-0.058380414312617694,0.13246322056213863,3.4444444444444446,-257.1111111111111
nih,balanced,empirical,173,9,-0.0954861111111111,0.03655876951331495,6.111111111111111,-70.77777777777777
nih,balanced,guarded,173,9,-0.050347222222222224,0.09349173553719005,3.2222222222222223,-181.0
nih,balanced,empirical,174,9,-0.015250544662309375,0.04361210877373012,0.7777777777777778,-85.0
nih,balanced,guarded,174,9,-0.032679738562091484,0.07377002451399578,1.6666666666666667,-143.77777777777777
nih,balanced,empirical,175,9,0.026819923371647528,0.0241040831736075,-2.3333333333333335,-46.111111111111114
nih,balanced,guarded,175,9,0.05108556832694766,-0.02114189463901956,-4.444444444444445,40.44444444444444
nih,balanced,empirical,176,9,-0.08802308802308806,0.08308776795516265,6.777777777777778,-159.77777777777777
nih,balanced,guarded,176,9,-0.07215007215007216,0.1761714913040966,5.555555555555555,-338.77777777777777
nih,balanced,empirical,177,9,0.0030864197530863966,0.024204702627939143,-0.2222222222222222,-46.666666666666664
nih,balanced,guarded,177,9,-0.015432098765432093,0.07497694790225912,1.1111111111111112,-144.55555555555554
nih,balanced,empirical,178,9,-0.06666666666666662,0.08468624064478984,4.666666666666667,-163.44444444444446
nih,balanced,guarded,178,9,-0.017460317460317436,0.09999999999999998,1.2222222222222223,-193.0
nih,balanced,empirical,179,9,-0.05061728395061728,0.039732402559627684,4.555555555555555,-75.88888888888889
nih,balanced,guarded,179,9,-0.012345679012345685,0.1185573007562536,1.1111111111111112,-226.44444444444446
nih,balanced,empirical,180,9,-0.04225352112676059,0.03893784920223494,3.0,-75.11111111111111
nih,balanced,guarded,180,9,0.009389671361502348,0.09601981452681298,-0.6666666666666666,-185.22222222222223
nih,balanced,empirical,181,9,-0.04735883424408015,0.019712337401868077,2.888888888888889,-38.22222222222222
nih,balanced,guarded,181,9,0.018214936247723093,-0.013810096842587827,-1.1111111111111112,26.77777777777778
nih,balanced,empirical,182,9,0.02777777777777779,-0.0052119129438717255,-1.6666666666666667,10.11111111111111
nih,balanced,guarded,182,9,0.035185185185185174,0.017525773195876324,-2.111111111111111,-34.0
nih,balanced,empirical,183,9,0.06093189964157705,-0.015021213163628058,-3.7777777777777777,29.11111111111111
nih,balanced,guarded,183,9,-0.02329749103942649,0.08594197913083362,1.4444444444444444,-166.55555555555554
nih,balanced,empirical,184,9,-0.09076682316118938,0.10863429525948964,6.444444444444445,-209.55555555555554
nih,balanced,guarded,184,9,-0.07981220657276998,0.1267208110131905,5.666666666666667,-244.44444444444446
nih,balanced,empirical,185,9,0.04477611940298512,0.07288612979249293,-3.0,-140.88888888888889
nih,balanced,guarded,185,9,0.03482587064676617,0.12714835891245616,-2.3333333333333335,-245.77777777777777
nih,balanced,empirical,186,9,-0.08249158249158248,0.12105021257037801,5.444444444444445,-234.11111111111111
nih,balanced,guarded,186,9,-0.040404040404040394,0.1402389980466506,2.6666666666666665,-271.22222222222223
nih,balanced,empirical,187,9,0.03753753753753754,0.002884504442136825,-2.7777777777777777,-5.555555555555555
nih,balanced,guarded,187,9,-0.019519519519519506,0.13989846544363674,1.4444444444444444,-269.44444444444446
nih,balanced,empirical,188,9,-0.06572769953051641,0.03916825067680428,4.666666666666667,-75.55555555555556
nih,balanced,guarded,188,9,-0.03755868544600936,0.08156212199758078,2.6666666666666665,-157.33333333333334
nih,balanced,empirical,189,9,-0.02702702702702702,0.06068997346255917,2.0,-116.88888888888889
nih,balanced,guarded,189,9,-0.03903903903903905,0.13037960078458521,2.888888888888889,-251.11111111111111
nih,balanced,empirical,190,9,0.009259259259259276,0.0565928999538958,-0.6666666666666666,-109.11111111111111
nih,balanced,guarded,190,9,0.021604938271604937,0.07140387275242048,-1.5555555555555556,-137.66666666666666
nih,balanced,empirical,191,9,-0.03398692810457514,0.03504496663765591,2.888888888888889,-67.11111111111111
nih,balanced,guarded,191,9,-0.01307189542483663,0.10084131128517553,1.1111111111111112,-193.11111111111111
nih,balanced,empirical,192,9,-0.03652968036529683,0.03286628610966962,2.6666666666666665,-63.333333333333336
nih,balanced,guarded,192,9,-0.08219178082191778,0.14599550250821658,6.0,-281.3333333333333
nih,balanced,empirical,193,9,-0.003129890453834149,0.040205057312366836,0.2222222222222222,-77.55555555555556
nih,balanced,guarded,193,9,-0.01877934272300472,0.12182477967858994,1.3333333333333333,-235.0
nih,balanced,empirical,194,9,-0.05100182149362474,0.06693026187611024,3.111111111111111,-129.77777777777777
nih,balanced,guarded,194,9,-0.027322404371584667,0.08297518766832848,1.6666666666666667,-160.88888888888889
nih,balanced,empirical,195,9,-0.0484848484848485,0.08203370465581261,2.6666666666666665,-159.55555555555554
nih,balanced,guarded,195,9,-0.050505050505050525,0.1514424450157098,2.7777777777777777,-294.55555555555554
nih,balanced,empirical,196,9,-0.04288499025341134,0.01372448104306053,2.4444444444444446,-26.666666666666668
nih,balanced,guarded,196,9,-0.03313840155945418,0.07228226682678562,1.8888888888888888,-140.44444444444446
nih,balanced,empirical,197,9,-0.021909233176838808,0.06048038707447726,1.5555555555555556,-116.66666666666667
nih,balanced,guarded,197,9,-0.05164319248826291,0.11583434133978458,3.6666666666666665,-223.44444444444446
nih,balanced,empirical,198,9,-0.07198748043818469,0.06647082541328264,5.111111111111111,-128.22222222222223
nih,balanced,guarded,198,9,-0.04225352112676058,0.09561661194631645,3.0,-184.44444444444446
nih,balanced,empirical,199,9,-0.13930348258706465,0.07667988733689718,9.333333333333334,-148.22222222222223
nih,balanced,guarded,199,9,-0.06301824212271973,0.09185491751451401,4.222222222222222,-177.55555555555554
nih,balanced,empirical,200,9,-0.037581699346405234,0.01777087646652864,2.5555555555555554,-34.333333333333336
nih,balanced,guarded,200,9,-0.11437908496732024,0.18765815504945943,7.777777777777778,-362.55555555555554
nih,balanced,empirical,201,9,-0.012345679012345697,0.05908334767395169,0.7777777777777778,-114.44444444444444
nih,balanced,guarded,201,9,-0.0211640211640212,0.13973498537256923,1.3333333333333333,-270.6666666666667
nih,balanced,empirical,202,9,-0.020512820512820575,0.01969566465690494,1.3333333333333333,-38.111111111111114
nih,balanced,guarded,202,9,-0.030769230769230785,0.13867355727820843,2.0,-268.3333333333333
nih,balanced,empirical,203,9,-0.01874163319946455,0.008983944821190557,1.5555555555555556,-17.22222222222222
nih,balanced,guarded,203,9,0.014725568942436422,0.03941343534457774,-1.2222222222222223,-75.55555555555556
nih,balanced,empirical,204,9,0.036630036630036625,-0.02136080554100455,-3.3333333333333335,40.77777777777778
nih,balanced,guarded,204,9,-0.09157509157509158,0.10732786217333101,8.333333333333334,-204.88888888888889
nih,balanced,empirical,205,9,-0.12021857923497269,0.07821901323706376,7.333333333333333,-151.66666666666666
nih,balanced,guarded,205,9,-0.047358834244080134,0.10606842014784255,2.888888888888889,-205.66666666666666
nih,balanced,empirical,206,9,0.016393442622950814,0.023666265543521865,-1.0,-45.888888888888886
nih,balanced,guarded,206,9,0.0036429872495446305,0.11901896739441867,-0.2222222222222222,-230.77777777777777
nih,balanced,empirical,207,9,0.00182149362477234,0.005157297576070147,-0.1111111111111111,-10.0
nih,balanced,guarded,207,9,-0.018214936247723152,0.09558191507649991,1.1111111111111112,-185.33333333333334
nih,balanced,empirical,208,9,0.002812939521800284,0.0454624327607149,-0.2222222222222222,-87.33333333333333
nih,balanced,guarded,208,9,0.004219409282700444,0.15940771588871536,-0.3333333333333333,-306.22222222222223
nih,balanced,empirical,209,9,-0.14170692431561996,0.1362564014039933,9.777777777777779,-263.1111111111111
nih,balanced,guarded,209,9,-0.035426731078904976,0.15294320731917838,2.4444444444444446,-295.3333333333333
nih,balanced,empirical,210,9,-0.0779436152570481,0.05357245502098061,5.222222222222222,-103.55555555555556
nih,balanced,guarded,210,9,-0.04311774461028195,0.10909926998907854,2.888888888888889,-210.88888888888889
nih,balanced,empirical,211,9,-0.02857142857142858,0.052158894645941305,2.0,-100.66666666666667
nih,balanced,guarded,211,9,-0.08253968253968252,0.16350028785261944,5.777777777777778,-315.55555555555554
nih,balanced,empirical,212,9,-0.08496732026143794,0.1121463077984817,5.777777777777778,-216.66666666666666
nih,balanced,guarded,212,9,-0.06209150326797389,0.09604324821716126,4.222222222222222,-185.55555555555554
nih,balanced,empirical,213,9,0.07568438003220611,-0.007019966626388152,-5.222222222222222,13.555555555555555
nih,balanced,guarded,213,9,-0.03059581320450888,0.12520858507393978,2.111111111111111,-241.77777777777777
nih,balanced,empirical,214,9,0.003472222222222222,0.023071625344352586,-0.2222222222222222,-44.666666666666664
nih,balanced,guarded,214,9,0.006944444444444444,0.04218319559228653,-0.4444444444444444,-81.66666666666667
nih,balanced,empirical,215,9,-0.043402777777777776,0.03667355371900827,2.7777777777777777,-71.0
nih,balanced,guarded,215,9,-0.006944444444444444,0.13154269972451788,0.4444444444444444,-254.66666666666666
nih,balanced,empirical,216,9,-0.12059620596205962,0.05457073340285017,9.88888888888889,-104.66666666666667
nih,balanced,guarded,216,9,-0.12737127371273715,0.18954929903835013,10.444444444444445,-363.55555555555554
nih,balanced,empirical,217,9,-0.07131011608623554,0.06242455595792377,4.777777777777778,-120.66666666666667
nih,balanced,guarded,217,9,-0.0066334991708125735,0.12030809909754556,0.4444444444444444,-232.55555555555554
nih,balanced,empirical,218,9,0.002962962962962945,0.01483405483405483,-0.2222222222222222,-28.555555555555557
nih,balanced,guarded,218,9,-0.01629629629629629,0.09356421356421357,1.2222222222222223,-180.11111111111111
nih,balanced,empirical,219,9,-0.08781362007168458,0.036979704162366706,5.444444444444445,-71.66666666666667
nih,balanced,guarded,219,9,-0.08602150537634408,0.17257195275771128,5.333333333333333,-334.44444444444446
nih,balanced,empirical,220,9,0.01269841269841269,0.015774323546344265,-0.8888888888888888,-30.444444444444443
nih,balanced,guarded,220,9,-0.06190476190476192,0.13891767415083478,4.333333333333333,-268.1111111111111
nih,balanced,empirical,221,9,-0.031944444444444456,0.03645833333333332,2.5555555555555554,-70.0
nih,balanced,guarded,221,9,-0.06944444444444446,0.11527777777777778,5.555555555555555,-221.33333333333334
nih,balanced,empirical,222,9,-0.05555555555555558,0.01965191332411251,4.0,-37.888888888888886
nih,balanced,guarded,222,9,-0.023148148148148126,0.0925541724296911,1.6666666666666667,-178.44444444444446
nih,balanced,empirical,223,9,-0.011544011544011499,0.01340498064367019,0.8888888888888888,-25.77777777777778
nih,balanced,guarded,223,9,0.0014430014430014434,0.09117698041254983,-0.1111111111111111,-175.33333333333334
nih,balanced,empirical,224,9,-0.11442786069651738,0.05489452204403053,7.666666666666667,-106.11111111111111
nih,balanced,guarded,224,9,-0.02155887230514096,0.08334770362706212,1.4444444444444444,-161.11111111111111
nih,balanced,empirical,225,9,-0.0638888888888889,0.05086805555555555,5.111111111111111,-97.66666666666667
nih,balanced,guarded,225,9,-0.034722222222222245,0.14230324074074074,2.7777777777777777,-273.22222222222223
nih,balanced,empirical,226,9,-0.024943310657596425,0.03872657896235548,1.2222222222222223,-75.55555555555556
nih,balanced,guarded,226,0,,,,
nih,balanced,empirical,227,9,0.010335917312661543,0.03361198188784398,-0.8888888888888888,-64.33333333333333
nih,balanced,guarded,227,9,-0.031007751937984513,0.11552304655752928,2.6666666666666665,-221.11111111111111
nih,balanced,empirical,228,9,-0.0531400966183575,0.026008400943667645,3.6666666666666665,-50.22222222222222
nih,balanced,guarded,228,9,-0.043478260869565265,0.14609586282294718,3.0,-282.1111111111111
nih,balanced,empirical,229,9,0.03333333333333331,0.013471502590673609,-2.3333333333333335,-26.0
nih,balanced,guarded,229,9,0.06507936507936504,0.03051237766263669,-4.555555555555555,-58.888888888888886
nih,balanced,empirical,230,9,-0.037851037851037814,0.036843024270997,3.4444444444444446,-70.33333333333333
nih,balanced,guarded,230,9,0.006105006105006108,0.09260229323089458,-0.5555555555555556,-176.77777777777777
nih,balanced,empirical,231,9,0.1245791245791246,-0.04130759508215552,-8.222222222222221,79.88888888888889
nih,balanced,guarded,231,9,0.02356902356902361,0.032345168332758835,-1.5555555555555556,-62.55555555555556
nih,balanced,empirical,232,9,-0.033333333333333354,0.014699074074074102,2.6666666666666665,-28.22222222222222
nih,balanced,guarded,232,9,-0.030555555555555544,0.14276620370370374,2.4444444444444446,-274.1111111111111
nih,balanced,empirical,233,9,-0.11952861952861954,0.064345627944387,7.888888888888889,-124.44444444444444
nih,balanced,guarded,233,9,-0.13804713804713808,0.182867976559807,9.11111111111111,-353.6666666666667
nih,balanced,empirical,234,9,-0.029239766081871375,0.047759297759297756,2.2222222222222223,-91.88888888888889
nih,balanced,guarded,234,9,-0.039473684210526314,0.07363132363132362,3.0,-141.66666666666666
nih,balanced,empirical,235,9,-0.026722925457102704,0.05402278905662562,2.111111111111111,-103.77777777777777
nih,balanced,guarded,235,9,-0.03516174402250353,0.13430504945340965,2.7777777777777777,-258.0
nih,balanced,empirical,236,9,-0.11302681992337164,0.07718274402105506,6.555555555555555,-149.88888888888889
nih,balanced,guarded,236,9,-0.057471264367816084,0.11282755464011905,3.3333333333333335,-219.11111111111111
nih,balanced,empirical,237,9,-0.11746031746031743,0.1436384571099597,8.222222222222221,-277.22222222222223
nih,balanced,guarded,237,9,-0.049206349206349205,0.14415659182498558,3.4444444444444446,-278.22222222222223
nih,balanced,empirical,238,9,0.03298611111111111,0.053948576675849416,-2.111111111111111,-104.44444444444444
nih,balanced,guarded,238,9,0.07118055555555555,0.029843893480257105,-4.555555555555555,-57.77777777777778
nih,balanced,empirical,239,9,-0.0376068376068376,0.06879127189204713,2.4444444444444446,-133.11111111111111
nih,balanced,guarded,239,9,-0.049572649572649556,0.14642549526270457,3.2222222222222223,-283.3333333333333
nih,balanced,empirical,240,9,-0.04740740740740739,0.06782106782106781,3.5555555555555554,-130.55555555555554
nih,balanced,guarded,240,9,0.0,0.09569985569985573,0.0,-184.22222222222223
nih,balanced,empirical,241,9,0.13185185185185183,-0.03832611832611829,-9.88888888888889,73.77777777777777
nih,balanced,guarded,241,9,0.08,-0.025454545454545435,-6.0,49.0
nih,balanced,empirical,242,9,0.13394216133942163,0.003344288762036592,-9.777777777777779,-6.444444444444445
nih,balanced,guarded,242,9,0.033485540334855374,0.0076111399411866116,-2.4444444444444446,-14.666666666666666
nih,balanced,empirical,243,9,-0.005208333333333333,0.02978650137741048,0.3333333333333333,-57.666666666666664
nih,balanced,guarded,243,9,-0.024305555555555556,0.12322084481175392,1.5555555555555556,-238.55555555555554
nih,balanced,empirical,244,9,0.022222222222222168,0.004329004329004343,-1.6666666666666667,-8.333333333333334
nih,balanced,guarded,244,9,0.013333333333333345,0.0470995670995671,-1.0,-90.66666666666667
nih,balanced,empirical,245,9,-0.10331384015594547,0.12191913993252129,5.888888888888889,-236.88888888888889
nih,balanced,guarded,245,9,-0.03508771929824561,0.1271230056613485,2.0,-247.0
nih,balanced,empirical,246,9,-0.02303523035230352,0.0356853203568532,1.8888888888888888,-68.44444444444444
nih,balanced,guarded,246,9,-0.013550135501355,0.1065345846367744,1.1111111111111112,-204.33333333333334
nih,balanced,empirical,247,9,-0.051409618573797666,0.06834511697419098,3.4444444444444446,-132.11111111111111
nih,balanced,guarded,247,9,-0.03814262023217247,0.1343335057768581,2.5555555555555554,-259.6666666666667
nih,balanced,empirical,248,9,-0.06552706552706551,0.060700659035726696,5.111111111111111,-116.66666666666667
nih,balanced,guarded,248,9,-0.03133903133903135,0.13527575442247658,2.4444444444444446,-260.0
nih,balanced,empirical,249,9,0.01721439749608765,0.029433788376245613,-1.2222222222222223,-56.77777777777778
nih,balanced,guarded,249,9,-0.00782472613458528,0.15673060307585965,0.5555555555555556,-302.3333333333333
nih,balanced,empirical,250,9,-0.042042042042042045,0.0422291450328833,3.111111111111111,-81.33333333333333
nih,balanced,guarded,250,9,-0.036036036036036063,0.09593861774547133,2.6666666666666665,-184.77777777777777
nih,balanced,empirical,251,9,-0.09259259259259262,0.13736642537056187,6.111111111111111,-265.6666666666667
nih,balanced,guarded,251,9,-0.0420875420875421,0.15425715270596346,2.7777777777777777,-298.3333333333333
nih,balanced,empirical,252,9,-0.052991452991453,0.045363192650014365,3.4444444444444446,-87.77777777777777
nih,balanced,guarded,252,9,-0.03076923076923077,0.10490956072351419,2.0,-203.0
nih,balanced,empirical,253,9,0.001564945226917031,0.029606589482172627,-0.1111111111111111,-57.111111111111114
nih,balanced,guarded,253,9,-0.009389671361502408,0.10201025286561832,0.6666666666666666,-196.77777777777777
nih,balanced,empirical,254,9,-0.10840108401084016,0.09303672807322438,8.88888888888889,-178.44444444444446
nih,balanced,guarded,254,9,-0.031165311653116548,0.13943923068010664,2.5555555555555554,-267.44444444444446
nih,balanced,empirical,255,9,-0.04761904761904764,0.061715601611974646,3.3333333333333335,-119.11111111111111
nih,balanced,guarded,255,9,0.004761904761904769,0.10097869890616006,-0.3333333333333333,-194.88888888888889
nih,balanced,empirical,256,9,-0.04804804804804803,0.09628475827852778,3.5555555555555554,-185.44444444444446
nih,balanced,guarded,256,9,-0.0675675675675676,0.182589131187262,5.0,-351.6666666666667
nih,balanced,empirical,257,9,-0.033033033033033,0.011249567324333675,2.4444444444444446,-21.666666666666668
nih,balanced,guarded,257,9,-0.025525525525525512,0.09830391138802354,1.8888888888888888,-189.33333333333334
nih,balanced,empirical,258,9,-0.04377104377104376,0.022693324141100764,2.888888888888889,-43.888888888888886
nih,balanced,guarded,258,9,-0.0707070707070707,0.17304377800758358,4.666666666666667,-334.6666666666667
nih,balanced,empirical,259,9,-0.04444444444444441,0.06225658648339057,2.6666666666666665,-120.77777777777777
nih,balanced,guarded,259,9,-0.024074074074074064,0.15349369988545247,1.4444444444444444,-297.77777777777777
nih,balanced,empirical,260,9,-0.09318996415770611,0.10365783740396742,5.777777777777778,-200.88888888888889
nih,balanced,guarded,260,9,-0.05555555555555558,0.11724572870083705,3.4444444444444446,-227.22222222222223
nih,balanced,empirical,261,9,-0.10814814814814815,0.08438672438672441,8.11111111111111,-162.44444444444446
nih,balanced,guarded,261,9,-0.11407407407407405,0.1714862914862915,8.555555555555555,-330.1111111111111
nih,balanced,empirical,262,9,-0.04975124378109454,0.04546760935793524,3.3333333333333335,-87.88888888888889
nih,balanced,guarded,262,9,-0.033167495854063055,0.07087428867046043,2.2222222222222223,-137.0
nih,balanced,empirical,263,9,-0.04406130268199236,0.06911545943471793,2.5555555555555554,-134.22222222222223
nih,balanced,guarded,263,9,-0.0363984674329502,0.10001144295686006,2.111111111111111,-194.22222222222223
nih,balanced,empirical,264,9,-0.02666666666666668,0.025569985569985576,2.0,-49.22222222222222
nih,balanced,guarded,264,9,-0.0103703703703704,0.07769119769119771,0.7777777777777778,-149.55555555555554
nih,balanced,empirical,265,9,-0.1111111111111111,0.09208167042628264,8.777777777777779,-176.88888888888889
nih,balanced,guarded,265,9,-0.04641350210970466,0.10486436462490602,3.6666666666666665,-201.44444444444446
nih,balanced,empirical,266,9,-0.0128205128205128,0.06220372297375418,1.0,-119.55555555555556
nih,balanced,guarded,266,9,-0.05128205128205126,0.15498901607122206,4.0,-297.8888888888889
nih,balanced,empirical,267,9,-0.016296296296296316,0.024415584415584408,1.2222222222222223,-47.0
nih,balanced,guarded,267,9,-0.05777777777777779,0.17362193362193362,4.333333333333333,-334.22222222222223
nih,balanced,empirical,268,9,-0.008438818565400852,0.03586095205043668,0.6666666666666666,-68.88888888888889
nih,balanced,guarded,268,9,0.00843881856540084,0.08473595928046736,-0.6666666666666666,-162.77777777777777
nih,balanced,empirical,269,9,-0.12222222222222223,0.07795048934945308,8.555555555555555,-150.44444444444446
nih,balanced,guarded,269,9,-0.04920634920634922,0.132181922855498,3.4444444444444446,-255.11111111111111
nih,balanced,empirical,270,9,-0.04121863799283157,0.10583648664144017,2.5555555555555554,-205.11111111111111
nih,balanced,guarded,270,9,-0.01792114695340499,0.11621373695677104,1.1111111111111112,-225.22222222222223
nih,balanced,empirical,271,9,-0.0692640692640693,0.0908302998786618,5.333333333333333,-174.66666666666666
nih,balanced,guarded,271,9,-0.04761904761904764,0.166117755821344,3.6666666666666665,-319.44444444444446
nih,balanced,empirical,272,9,-0.05282331511839706,0.051343762535098265,3.2222222222222223,-99.55555555555556
nih,balanced,guarded,272,9,-0.08196721311475404,0.13288636754340724,5.0,-257.6666666666667
nih,balanced,empirical,273,9,-0.0030441400304414,0.0384593207634204,0.2222222222222222,-74.11111111111111
nih,balanced,guarded,273,9,-0.01369863013698632,0.1263333909934844,1.0,-243.44444444444446
nih,balanced,empirical,274,9,-0.035493827160493846,0.08396726602120791,2.5555555555555554,-161.88888888888889
nih,balanced,guarded,274,9,-0.024691358024691357,0.12920700783771324,1.7777777777777777,-249.11111111111111
nih,balanced,empirical,275,9,0.009971509971510022,0.011446409989594156,-0.7777777777777778,-22.0
nih,balanced,guarded,275,9,0.029914529914529933,0.04312637299109718,-2.3333333333333335,-82.88888888888889
nih,balanced,empirical,276,9,-0.05740740740740743,0.03465063001145477,3.4444444444444446,-67.22222222222223
nih,balanced,guarded,276,9,-0.05370370370370367,0.13768613974799543,3.2222222222222223,-267.1111111111111
nih,balanced,empirical,277,9,-0.0169491525423729,0.06571641192970401,1.0,-127.55555555555556
nih,balanced,guarded,277,9,0.03954802259887009,0.09491098517373633,-2.3333333333333335,-184.22222222222223
nih,balanced,empirical,278,9,0.04938271604938275,0.010784145012332935,-3.111111111111111,-20.88888888888889
nih,balanced,guarded,278,9,0.03703703703703704,0.010898869959272632,-2.3333333333333335,-21.11111111111111
nih,balanced,empirical,279,9,-0.03838383838383838,0.0792345044273065,2.111111111111111,-154.11111111111111
nih,balanced,guarded,279,9,-0.0060606060606060875,0.12253641816623818,0.3333333333333333,-238.33333333333334
nih,balanced,empirical,280,9,-0.03954802259887005,0.03623561737935773,2.3333333333333335,-70.33333333333333
nih,balanced,guarded,280,9,-0.04331450094161958,0.08495048371400768,2.5555555555555554,-164.88888888888889
nih,balanced,empirical,281,9,-0.10829817158931083,0.09451096072647344,8.555555555555555,-181.55555555555554
nih,balanced,guarded,281,9,-0.08579465541490859,0.17843715657354384,6.777777777777778,-342.77777777777777
nih,balanced,empirical,282,9,-0.10654490106544898,0.12183589921005596,7.777777777777778,-234.77777777777777
nih,balanced,guarded,282,9,-0.05327245053272448,0.1177996886351842,3.888888888888889,-227.0
nih,balanced,empirical,283,9,-0.135042735042735,0.07884008039046801,8.777777777777779,-152.55555555555554
nih,balanced,guarded,283,9,-0.12820512820512825,0.1804191788687913,8.333333333333334,-349.1111111111111
nih,balanced,empirical,284,9,0.020833333333333322,0.00023148148148150534,-1.6666666666666667,-0.4444444444444444
nih,balanced,guarded,284,9,-0.004166666666666676,0.11047453703703702,0.3333333333333333,-212.11111111111111
nih,balanced,empirical,285,9,0.064327485380117,0.026507276507276554,-4.888888888888889,-51.0
nih,balanced,guarded,285,9,0.09356725146198834,-0.028470778470778477,-7.111111111111111,54.77777777777778
nih,balanced,empirical,286,9,-0.040072859744990925,0.041143773995759574,2.4444444444444446,-79.77777777777777
nih,balanced,guarded,286,9,0.03460837887067395,0.07713025041544894,-2.111111111111111,-149.55555555555554
nih,balanced,empirical,287,9,-0.049382716049382686,0.04493548018727876,2.6666666666666665,-87.44444444444444
nih,balanced,guarded,287,9,-0.037037037037037056,0.13389288569144683,2.0,-260.55555555555554
nih,balanced,empirical,288,9,-0.04513888888888889,0.013372359963269057,2.888888888888889,-25.88888888888889
nih,balanced,guarded,288,9,0.001736111111111111,0.044249311294765836,-0.1111111111111111,-85.66666666666667
nih,balanced,empirical,289,9,-0.0617283950617284,0.08781546191618135,3.3333333333333335,-170.88888888888889
nih,balanced,guarded,289,9,-0.05144032921810699,0.154048190019413,2.7777777777777777,-299.77777777777777
nih,balanced,empirical,290,9,-0.05694444444444445,0.04230324074074073,4.555555555555555,-81.22222222222223
nih,balanced,guarded,290,9,-0.05833333333333332,0.13437500000000002,4.666666666666667,-258.0
nih,balanced,empirical,291,9,-0.032478632478632474,0.049325294286534614,2.111111111111111,-95.44444444444444
nih,balanced,guarded,291,9,0.008547008547008541,0.12242319839219065,-0.5555555555555556,-236.88888888888889
nih,balanced,empirical,292,9,0.01805555555555554,0.015914351851851846,-1.4444444444444444,-30.555555555555557
nih,balanced,guarded,292,9,-0.026388888888888882,0.15231481481481485,2.111111111111111,-292.44444444444446
nih,balanced,empirical,293,9,-0.035493827160493874,0.010488704472106961,2.5555555555555554,-20.22222222222222
nih,balanced,guarded,293,9,-0.027777777777777766,0.12678653757491926,2.0,-244.44444444444446
nih,balanced,empirical,294,9,-0.02503912363067293,0.028512182477967867,1.7777777777777777,-55.0
nih,balanced,guarded,294,9,0.03755868544600939,0.022752145613731907,-2.6666666666666665,-43.888888888888886
nih,balanced,empirical,295,9,-0.037037037037037014,0.016635117306258242,2.3333333333333335,-32.22222222222222
nih,balanced,guarded,295,9,-0.005291005291005285,0.09051798313543276,0.3333333333333333,-175.33333333333334
nih,balanced,empirical,296,9,0.0016103059581320275,0.03130214626848493,-0.1111111111111111,-60.44444444444444
nih,balanced,guarded,296,9,-2.4671622769447922e-17,0.12026008400943665,0.0,-232.22222222222223
nih,balanced,empirical,297,9,0.009523809523809526,0.062176165803108835,-0.6666666666666666,-120.0
nih,balanced,guarded,297,9,-0.049206349206349226,0.10817501439263098,3.4444444444444446,-208.77777777777777
nih,balanced,empirical,298,9,-0.027065527065527055,0.08949011446409992,2.111111111111111,-172.0
nih,balanced,guarded,298,9,0.0042735042735042705,0.14926581107642503,-0.3333333333333333,-286.8888888888889
nih,balanced,empirical,299,9,3.700743415417188e-17,0.002972107910379545,0.0,-5.777777777777778
nih,balanced,guarded,299,9,-0.023809523809523822,0.06441472336534065,1.3333333333333333,-125.22222222222223
nih,balanced,empirical,300,9,-0.008547008547008529,0.027964398507034124,0.5555555555555556,-54.111111111111114
nih,balanced,guarded,300,9,0.025641025641025623,0.11145564168819984,-1.6666666666666667,-215.66666666666666
nih,balanced,empirical,301,9,-0.030864197530864175,0.06920178143199726,1.6666666666666667,-134.66666666666666
nih,balanced,guarded,301,9,-0.008230452674897094,0.11470823341326936,0.4444444444444444,-223.22222222222223
nih,balanced,empirical,302,9,0.01428571428571426,0.013989637305699477,-1.0,-27.0
nih,balanced,guarded,302,0,,,,
nih,balanced,empirical,303,9,-0.06837606837606836,0.05707723227103074,4.444444444444445,-110.44444444444444
nih,balanced,guarded,303,9,-0.02735042735042734,0.15963250071777205,1.7777777777777777,-308.8888888888889
nih,balanced,empirical,304,9,-0.030303030303030314,0.07451453521774104,2.0,-144.11111111111111
nih,balanced,guarded,304,9,-0.0269360269360269,0.12443984832816272,1.7777777777777777,-240.66666666666666
nih,balanced,empirical,305,9,0.061507936507936546,0.019090077732053054,-3.4444444444444446,-37.111111111111114
nih,balanced,guarded,305,9,-0.017857142857142856,0.11585505258344764,1.0,-225.22222222222223
nih,balanced,empirical,306,9,-0.05344585091420533,0.03967840823645092,4.222222222222222,-76.22222222222223
nih,balanced,guarded,306,9,-0.06047819971870608,0.10469084388917807,4.777777777777778,-201.11111111111111
nih,balanced,empirical,307,9,-0.061728395061728364,0.027706074685940465,3.888888888888889,-53.666666666666664
nih,balanced,guarded,307,9,-0.021164021164021177,0.09332874433545575,1.3333333333333333,-180.77777777777777
nih,balanced,empirical,308,9,-0.047892720306513356,0.01859480489758552,2.7777777777777777,-36.111111111111114
nih,balanced,guarded,308,9,0.0019157088122605402,0.006408055841629488,-0.1111111111111111,-12.444444444444445
nih,balanced,empirical,309,9,0.1402777777777778,-0.019907407407407412,-11.222222222222221,38.22222222222222
nih,balanced,guarded,309,9,0.023611111111111163,0.08032407407407406,-1.8888888888888888,-154.22222222222223
nih,balanced,empirical,310,9,-0.05284552845528456,0.08764917159077742,4.333333333333333,-168.11111111111111
nih,balanced,guarded,310,9,-0.012195121951219511,0.12345035337736067,1.0,-236.77777777777777
nih,balanced,empirical,311,9,-0.02606310013717418,0.0017370158068438595,2.111111111111111,-3.3333333333333335
nih,balanced,guarded,311,9,-0.07544581618655694,0.14573562619419836,6.111111111111111,-279.6666666666667
nih,balanced,empirical,312,9,0.02272727272727272,0.028126452812645277,-2.0,-53.77777777777778
nih,balanced,guarded,312,9,0.02272727272727273,0.08339144583914461,-2.0,-159.44444444444446
nih,balanced,empirical,313,9,-0.03174603174603176,0.04404145077720207,2.2222222222222223,-85.0
nih,balanced,guarded,313,9,-0.034920634920634894,0.10708117443868742,2.4444444444444446,-206.66666666666666
nih,balanced,empirical,314,9,-0.048148148148148134,0.016838487972508594,2.888888888888889,-32.666666666666664
nih,balanced,guarded,314,9,-0.044444444444444446,0.1151775486827033,2.6666666666666665,-223.44444444444446
nih,balanced,empirical,315,9,-0.04074074074074078,0.024570446735395175,2.4444444444444446,-47.666666666666664
nih,balanced,guarded,315,9,-0.057407407407407414,0.14914089347079038,3.4444444444444446,-289.3333333333333
nih,balanced,empirical,316,9,-0.012820512820512787,0.012949473927621715,1.0,-24.88888888888889
nih,balanced,guarded,316,9,-0.005698005698005715,0.09677419354838704,0.4444444444444444,-186.0
nih,balanced,empirical,317,9,0.0338983050847458,0.007670731009216336,-2.0,-14.88888888888889
nih,balanced,guarded,317,9,0.018832391713747645,0.002003549144198301,-1.1111111111111112,-3.888888888888889
nih,balanced,empirical,318,9,-0.07181571815718157,0.07461476074614765,5.888888888888889,-143.11111111111111
nih,balanced,guarded,318,9,0.018970189701896987,0.028038465994670365,-1.5555555555555556,-53.77777777777778
nih,balanced,empirical,319,9,-0.07723577235772357,0.035859112501448256,6.333333333333333,-68.77777777777777
nih,balanced,guarded,319,9,-0.06097560975609757,0.13810682423821108,5.0,-264.8888888888889
nih,balanced,empirical,320,9,-0.018518518518518514,0.002593360995850613,1.3333333333333333,-5.0
nih,balanced,guarded,320,9,0.004629629629629601,0.03492392807745506,-0.3333333333333333,-67.33333333333333
nih,balanced,empirical,321,9,-0.06172839506172842,0.03492392807745502,4.444444444444445,-67.33333333333333
nih,balanced,guarded,321,9,-0.06790123456790126,0.10719225449515907,4.888888888888889,-206.66666666666666
nih,balanced,empirical,322,9,-0.1313131313131313,0.046409906839354705,5.777777777777778,-90.77777777777777
nih,balanced,guarded,322,9,-0.07828282828282827,0.13099295614633033,3.4444444444444446,-256.22222222222223
nih,balanced,empirical,323,9,-0.006349206349206327,0.002072538860103637,0.4444444444444444,-4.0
nih,balanced,guarded,323,9,0.01428571428571431,0.08209556706966033,-1.0,-158.44444444444446
nih,balanced,empirical,324,9,-0.01346801346801347,0.07146960818108697,0.8888888888888888,-138.22222222222223
nih,balanced,guarded,324,9,0.006734006734006765,0.10042514075606114,-0.4444444444444444,-194.22222222222223
nih,balanced,empirical,325,9,-0.04239766081871345,0.020385770385770385,3.2222222222222223,-39.22222222222222
nih,balanced,guarded,325,9,-0.07456140350877195,0.12647262647262647,5.666666666666667,-243.33333333333334
nih,balanced,empirical,326,9,-0.04809286898839141,0.07685233086164282,3.2222222222222223,-148.55555555555554
nih,balanced,guarded,326,9,-0.041459369817578744,0.1316893717307582,2.7777777777777777,-254.55555555555554
nih,balanced,empirical,327,9,0.016742770167427694,0.016721443810182812,-1.2222222222222223,-32.22222222222222
nih,balanced,guarded,327,9,0.02435312024353125,0.0757654385054489,-1.7777777777777777,-146.0
nih,balanced,empirical,328,9,-0.0507936507936508,0.021473805411629243,3.5555555555555554,-41.44444444444444
nih,balanced,guarded,328,9,-0.009523809523809514,0.12815198618307427,0.6666666666666666,-247.33333333333334
nih,balanced,empirical,329,9,-0.056360708534621606,0.029230680706599906,3.888888888888889,-56.44444444444444
nih,balanced,guarded,329,9,0.009661835748792277,0.09304332815466942,-0.6666666666666666,-179.66666666666666
nih,balanced,empirical,330,9,-0.02508960573476709,0.010950579062034128,1.5555555555555556,-21.22222222222222
nih,balanced,guarded,330,9,-0.06630824372759858,0.10113519091847267,4.111111111111111,-196.0
nih,balanced,empirical,331,9,-0.020833333333333332,0.03615702479338845,1.3333333333333333,-70.0
nih,balanced,guarded,331,9,0.015625,0.06479568411386596,-1.0,-125.44444444444444
nih,balanced,empirical,332,9,-0.024691358024691357,0.06685108344859385,1.7777777777777777,-128.88888888888889
nih,balanced,guarded,332,9,0.0015432098765432538,0.14096357768556939,-0.1111111111111111,-271.77777777777777
nih,balanced,empirical,333,9,-0.06372549019607844,0.09397285484242003,4.333333333333333,-181.55555555555554
nih,balanced,guarded,333,9,-0.06862745098039218,0.12922705314009664,4.666666666666667,-249.66666666666666
nih,balanced,empirical,334,9,-0.12581699346405234,0.17885898320680926,8.555555555555555,-345.55555555555554
nih,balanced,guarded,334,9,-0.037581699346405255,0.13123993558776165,2.5555555555555554,-253.55555555555554
nih,balanced,empirical,335,9,-0.047138047138047194,0.0876709180742273,3.111111111111111,-169.55555555555554
nih,balanced,guarded,335,9,-0.008417508417508398,0.1038147765138458,0.5555555555555556,-200.77777777777777
nih,balanced,empirical,336,9,0.05333333333333337,-0.0004040404040403943,-4.0,0.7777777777777778
nih,balanced,guarded,336,9,0.060740740740740734,0.07630591630591631,-4.555555555555555,-146.88888888888889
nih,balanced,empirical,337,9,-0.006349206349206339,0.01266551525618884,0.4444444444444444,-24.444444444444443
nih,balanced,guarded,337,9,-0.012698412698412678,0.09994242947610826,0.8888888888888888,-192.88888888888889
nih,balanced,empirical,338,9,-0.051282051282051294,0.08039046798736728,3.3333333333333335,-155.55555555555554
nih,balanced,guarded,338,9,0.02222222222222223,0.12271030720643121,-1.4444444444444444,-237.44444444444446
nih,balanced,empirical,339,9,-0.01288244766505637,0.0130617411818862,0.8888888888888888,-25.22222222222222
nih,balanced,guarded,339,9,-0.10628019323671499,0.14258587950975318,7.333333333333333,-275.3333333333333
nih,balanced,empirical,340,9,-0.03129890453834112,0.0472323022867346,2.2222222222222223,-91.11111111111111
nih,balanced,guarded,340,9,-0.01251956181533647,0.11888716087782959,0.8888888888888888,-229.33333333333334
nih,balanced,empirical,341,9,-0.10144927536231887,0.07301916105644747,7.0,-141.0
nih,balanced,guarded,341,9,-0.016103059581320474,0.15046895678692676,1.1111111111111112,-290.55555555555554
nih,balanced,empirical,342,9,-0.02003642987249548,0.006991003380895065,1.2222222222222223,-13.555555555555555
nih,balanced,guarded,342,9,-0.00182149362477234,0.04515500544381411,0.1111111111111111,-87.55555555555556
nih,balanced,empirical,343,9,-0.030864197530864185,0.04201244813278009,2.2222222222222223,-81.0
nih,balanced,guarded,343,9,-0.061728395061728385,0.17398570769940064,4.444444444444445,-335.44444444444446
nih,balanced,empirical,344,9,-0.04585537918871252,0.014455343314403742,2.888888888888889,-28.0
nih,balanced,guarded,344,9,0.005291005291005358,0.0187575288246429,-0.3333333333333333,-36.333333333333336
nih,balanced,empirical,345,9,-0.021604938271604923,0.08143153526970956,1.5555555555555556,-157.0
nih,balanced,guarded,345,9,-0.030864197530864185,0.13347164591977873,2.2222222222222223,-257.3333333333333
nih,balanced,empirical,346,9,-0.09722222222222225,0.08454861111111114,7.777777777777778,-162.33333333333334
nih,balanced,guarded,346,9,-0.031944444444444456,0.10023148148148148,2.5555555555555554,-192.44444444444446
nih,balanced,empirical,347,9,-0.109375,0.08350550964187324,7.0,-161.66666666666666
nih,balanced,guarded,347,9,-0.0625,0.14284894398530762,4.0,-276.55555555555554
nih,balanced,empirical,348,9,-0.013888888888888888,0.022130013831258653,1.0,-42.666666666666664
nih,balanced,guarded,348,9,0.012345679012345697,0.05186721991701246,-0.8888888888888888,-100.0
nih,balanced,empirical,349,9,-0.005747126436781584,0.02036846321089371,0.3333333333333333,-39.55555555555556
nih,balanced,guarded,349,9,0.01532567049808431,0.08101613456917266,-0.8888888888888888,-157.33333333333334
nih,balanced,empirical,350,9,-0.08024691358024694,0.046449976947902254,5.777777777777778,-89.55555555555556
nih,balanced,guarded,350,9,-0.08796296296296297,0.10736514522821579,6.333333333333333,-207.0
nih,balanced,empirical,351,9,-0.011904761904761862,0.021662094192958368,0.6666666666666666,-42.111111111111114
nih,balanced,guarded,351,9,0.033730158730158735,0.07778920896204844,-1.8888888888888888,-151.22222222222223
nih,balanced,empirical,352,9,0.0016835016835016943,0.035792255544065274,-0.1111111111111111,-69.22222222222223
nih,balanced,guarded,352,9,-0.0016835016835016574,0.1313340227507756,0.1111111111111111,-254.0
nih,balanced,empirical,353,9,-0.11695906432748535,0.13535769428718478,6.666666666666667,-263.0
nih,balanced,guarded,353,9,-0.04093567251461989,0.1470806885114657,2.3333333333333335,-285.77777777777777
nih,balanced,empirical,354,9,-0.06259780907668235,0.027705777316974805,4.444444444444445,-53.44444444444444
nih,balanced,guarded,354,9,-0.06259780907668236,0.11076550889925696,4.444444444444445,-213.66666666666666
nih,balanced,empirical,355,9,-0.09638554216867473,0.053324059583840504,8.0,-102.22222222222223
nih,balanced,guarded,355,9,-0.008032128514056226,0.144786413956993,0.6666666666666666,-277.55555555555554
nih,balanced,empirical,356,9,-0.08112874779541442,0.05179831354327997,5.111111111111111,-100.33333333333333
nih,balanced,guarded,356,9,-0.10758377425044094,0.18596913898927317,6.777777777777778,-360.22222222222223
nih,balanced,empirical,357,9,-0.08558558558558554,0.0229606553594093,6.333333333333333,-44.22222222222222
nih,balanced,guarded,357,9,-0.05105105105105109,0.15460943809853467,3.7777777777777777,-297.77777777777777
nih,balanced,empirical,358,9,-0.035007610350076074,0.0674623767514271,2.5555555555555554,-130.0
nih,balanced,guarded,358,9,-0.010654490106544932,0.14841722885313965,0.7777777777777778,-286.0
nih,balanced,empirical,359,9,-0.041310541310541266,0.046652792230315626,3.2222222222222223,-89.66666666666667
nih,balanced,guarded,359,9,-0.027065527065527055,0.12943692912475427,2.111111111111111,-248.77777777777777
nih,balanced,empirical,360,9,0.061904761904761935,-0.006735751295336779,-4.333333333333333,13.0
nih,balanced,guarded,360,9,-0.02380952380952385,0.08981001727115714,1.6666666666666667,-173.33333333333334
nih,balanced,empirical,361,9,-0.009132420091324225,0.05177881566049706,0.6666666666666666,-99.77777777777777
nih,balanced,guarded,361,9,-0.031963470319634694,0.08545234388514103,2.3333333333333335,-164.66666666666666
nih,balanced,empirical,362,9,0.05864197530864198,-0.002535730751498414,-4.222222222222222,4.888888888888889
nih,balanced,guarded,362,9,-0.0694444444444444,0.11220608575380364,5.0,-216.33333333333334
nih,balanced,empirical,363,9,-0.05913978494623658,0.0715514275885793,3.6666666666666665,-138.66666666666666
nih,balanced,guarded,363,9,-0.05017921146953408,0.1514161220043573,3.111111111111111,-293.44444444444446
nih,balanced,empirical,364,9,-0.05022831050228308,0.027849852966614748,3.6666666666666665,-53.666666666666664
nih,balanced,guarded,364,9,-0.022831050228310494,0.0561609871417863,1.6666666666666667,-108.22222222222223
nih,balanced,empirical,365,9,-0.0030864197530864213,0.05947441217150759,0.2222222222222222,-114.66666666666667
nih,balanced,guarded,365,9,-0.013888888888888876,0.11940986629783307,1.0,-230.22222222222223
nih,balanced,empirical,366,9,-0.026900584795321633,0.038670166229221335,2.5555555555555554,-73.66666666666667
nih,balanced,guarded,366,9,0.0035087719298245723,0.09460484106153395,-0.3333333333333333,-180.22222222222223
nih,balanced,empirical,367,9,-0.032163742690058506,0.04452529452529452,2.4444444444444446,-85.66666666666667
nih,balanced,guarded,367,9,0.0058479532163742375,0.09967659967659964,-0.4444444444444444,-191.77777777777777
nih,balanced,empirical,368,9,-0.09121061359867333,0.08633672472265327,6.111111111111111,-166.88888888888889
nih,balanced,guarded,368,9,-0.04145936981757878,0.13548312927516237,2.7777777777777777,-261.8888888888889
nih,balanced,empirical,369,9,-0.008291873963515765,0.028453181583031548,0.5555555555555556,-55.0
nih,balanced,guarded,369,9,0.014925373134328401,0.08162326837960568,-1.0,-157.77777777777777
nih,balanced,empirical,370,9,-0.09836065573770494,0.08561113976276431,6.0,-166.0
nih,balanced,guarded,370,9,-0.10382513661202183,0.18423013007850556,6.333333333333333,-357.22222222222223
nih,balanced,empirical,371,9,-0.036075036075036086,0.07124284971398857,2.7777777777777777,-137.0
nih,balanced,guarded,371,9,-0.01298701298701298,0.14525914369908133,1.0,-279.3333333333333
nih,balanced,empirical,372,9,0.008771929824561455,0.02933702933702938,-0.6666666666666666,-56.44444444444444
nih,balanced,guarded,372,9,0.032163742690058506,0.06416031416031416,-2.4444444444444446,-123.44444444444444
nih,balanced,empirical,373,9,0.015065913370998127,0.017001545595054107,-0.8888888888888888,-33.0
nih,balanced,guarded,373,9,-0.020715630885122367,0.14969374320224396,1.2222222222222223,-290.55555555555554
nih,balanced,empirical,374,9,-0.0820512820512821,0.061670973298880286,5.333333333333333,-119.33333333333333
nih,balanced,guarded,374,9,-0.08376068376068381,0.13017513637668673,5.444444444444445,-251.88888888888889
nih,balanced,empirical,375,9,-0.06739526411657558,0.08647068935877597,4.111111111111111,-167.66666666666666
nih,balanced,guarded,375,9,-0.04371584699453549,0.07374935533780301,2.6666666666666665,-143.0
nih,balanced,empirical,376,9,-0.03463203463203465,0.03241462991853009,2.6666666666666665,-62.333333333333336
nih,balanced,guarded,376,9,-0.02453102453102453,0.08453227017969604,1.8888888888888888,-162.55555555555554
nih,balanced,empirical,377,9,-0.08576998050682262,0.06810773717618801,4.888888888888889,-132.33333333333334
nih,balanced,guarded,377,9,-0.05068226120857697,0.09652885000285925,2.888888888888889,-187.55555555555554
nih,balanced,empirical,378,9,-0.08960573476702507,0.12647632152276117,5.555555555555555,-245.11111111111111
nih,balanced,guarded,378,9,-0.04838709677419354,0.15405343423919277,3.0,-298.55555555555554
nih,balanced,empirical,379,9,0.012698412698412678,0.016753022452504294,-0.8888888888888888,-32.333333333333336
nih,balanced,guarded,379,9,0.02222222222222223,0.10811744386873923,-1.5555555555555556,-208.66666666666666
nih,balanced,empirical,380,9,-0.03566529492455411,0.024202420242024222,2.888888888888889,-46.44444444444444
nih,balanced,guarded,380,9,0.008230452674897118,0.08430316715882116,-0.6666666666666666,-161.77777777777777
nih,balanced,empirical,381,9,-0.08333333333333333,0.04049737622632902,4.333333333333333,-78.88888888888889
nih,balanced,guarded,381,9,-0.036324786324786335,0.0822496007300936,1.8888888888888888,-160.22222222222223
nih,balanced,empirical,382,9,0.04007285974499091,0.002521345481634284,-2.4444444444444446,-4.888888888888889
nih,balanced,guarded,382,9,-0.010928961748633868,0.10818864248467135,0.6666666666666666,-209.77777777777777
nih,balanced,empirical,383,9,0.003267973856209151,0.010869565217391304,-0.2222222222222222,-21.0
nih,balanced,guarded,383,9,-0.013071895424836591,0.107890499194847,0.8888888888888888,-208.44444444444446
nih,balanced,empirical,384,9,-0.08376068376068374,0.06505885730691933,5.444444444444445,-125.88888888888889
nih,balanced,guarded,384,9,-0.06324786324786327,0.10967556703990815,4.111111111111111,-212.22222222222223
nih,balanced,empirical,385,9,0.03333333333333331,0.014507772020725408,-2.3333333333333335,-28.0
nih,balanced,guarded,385,9,0.025396825396825404,0.034542314335060484,-1.7777777777777777,-66.66666666666667
nih,balanced,empirical,386,9,0.06042884990253409,0.02905015154114489,-3.4444444444444446,-56.44444444444444
nih,balanced,guarded,386,9,-0.0038986354775828336,0.09447017784640019,0.2222222222222222,-183.55555555555554
nih,balanced,empirical,387,9,-0.08585858585858583,0.04262897851315636,5.666666666666667,-82.44444444444444
nih,balanced,guarded,387,9,-0.0606060606060606,0.15460186142709412,4.0,-299.0
nih,balanced,empirical,388,9,-0.08980213089802128,0.044455976474658376,6.555555555555555,-85.66666666666667
nih,balanced,guarded,388,0,,,,
nih,balanced,empirical,389,9,-0.032679738562091436,0.05607315389924086,2.2222222222222223,-108.33333333333333
nih,balanced,guarded,389,9,-0.060457516339869254,0.18627789279963192,4.111111111111111,-359.8888888888889
nih,balanced,empirical,390,9,-0.162754303599374,0.03363861528713779,11.555555555555555,-64.88888888888889
nih,balanced,guarded,390,9,0.00469483568075118,0.03755544035481827,-0.3333333333333333,-72.44444444444444
nih,balanced,empirical,391,9,0.013468013468013443,0.04389291049063542,-0.8888888888888888,-84.88888888888889
nih,balanced,guarded,391,9,-0.001683501683501682,0.09904630587153856,0.1111111111111111,-191.55555555555554
nih,balanced,empirical,392,9,-0.1315789473684211,0.08009933009933011,10.0,-154.11111111111111
nih,balanced,guarded,392,9,-0.054093567251462006,0.15609840609840603,4.111111111111111,-300.3333333333333
nih,balanced,empirical,393,9,-0.011299435028248619,0.03016772568550004,0.6666666666666666,-58.55555555555556
nih,balanced,guarded,393,9,-0.02259887005649715,0.12725399278722305,1.3333333333333333,-247.0
nih,balanced,empirical,394,9,-0.06088280060882799,0.07086432566453325,4.444444444444445,-136.55555555555554
nih,balanced,guarded,394,9,-0.028919330289193308,0.12477656691460533,2.111111111111111,-240.44444444444446
nih,balanced,empirical,395,9,-0.04654654654654655,0.030402676820122272,3.4444444444444446,-58.55555555555556
nih,balanced,guarded,395,9,-0.006006006006005994,0.12593746394369448,0.4444444444444444,-242.55555555555554
nih,balanced,empirical,396,9,-0.0507936507936508,0.014507772020725384,3.5555555555555554,-28.0
nih,balanced,guarded,396,9,-0.028571428571428567,0.058376511226252155,2.0,-112.66666666666667
nih,balanced,empirical,397,9,-0.014492753623188408,0.01789516082628457,1.0,-34.55555555555556
nih,balanced,guarded,397,9,-0.012882447665056343,0.1118591403417918,0.8888888888888888,-216.0
nih,balanced,empirical,398,9,0.019786910197869132,0.032116704145764854,-1.4444444444444444,-61.888888888888886
nih,balanced,guarded,398,9,-0.007610350076103556,0.1316381248918872,0.5555555555555556,-253.66666666666666
nih,balanced,empirical,399,9,-0.07111111111111112,0.0517171717171717,5.333333333333333,-99.55555555555556
nih,balanced,guarded,399,9,0.011851851851851903,0.13004329004329004,-0.8888888888888888,-250.33333333333334
nih,balanced,empirical,400,9,-0.09116809116809116,0.04665279223031565,7.111111111111111,-89.66666666666667
nih,balanced,guarded,400,9,-0.05840455840455838,0.1331367788183605,4.555555555555555,-255.88888888888889
nih,balanced,empirical,401,9,-0.01564945226917056,0.00547203502102415,1.1111111111111112,-10.555555555555555
nih,balanced,guarded,401,9,0.010954616588419378,0.0292609872703185,-0.7777777777777778,-56.44444444444444
nih,balanced,empirical,402,9,-0.017713365539452512,0.08677139075896192,1.2222222222222223,-167.55555555555554
nih,balanced,guarded,402,9,0.009661835748792277,0.11047816330053511,-0.6666666666666666,-213.33333333333334
nih,balanced,empirical,403,9,-0.044802867383512565,0.06925811260176584,2.7777777777777777,-134.22222222222223
nih,balanced,guarded,403,9,-0.0035842293906810374,0.13381492948056417,0.2222222222222222,-259.3333333333333
nih,balanced,empirical,404,9,0.028248587570621455,0.017974698036521852,-1.6666666666666667,-34.888888888888886
nih,balanced,guarded,404,9,0.030131826741996263,0.06514396931707594,-1.7777777777777777,-126.44444444444444
nih,balanced,empirical,405,9,-0.05291005291005292,0.12332931796019048,3.3333333333333335,-238.88888888888889
nih,balanced,guarded,405,9,-0.010582010582010606,0.12373085527447941,0.6666666666666666,-239.66666666666666
nih,balanced,empirical,406,9,-0.07264957264957267,0.051451034801711176,5.666666666666667,-98.88888888888889
nih,balanced,guarded,406,9,-0.029914529914529895,0.034686090877558064,2.3333333333333335,-66.66666666666667
nih,balanced,empirical,407,9,-0.06416275430359937,0.08092851794251482,4.555555555555555,-156.11111111111111
nih,balanced,guarded,407,9,-0.06572769953051646,0.12960082944530843,4.666666666666667,-250.0
nih,balanced,empirical,408,9,-0.03703703703703703,0.049580604389291065,2.4444444444444446,-95.88888888888889
nih,balanced,guarded,408,9,-0.04882154882154884,0.16626450649201424,3.2222222222222223,-321.55555555555554
nih,balanced,empirical,409,9,-0.02886002886002887,0.050499797769688576,2.2222222222222223,-97.11111111111111
nih,balanced,guarded,409,9,-0.06493506493506493,0.17368694747789912,5.0,-334.0
nih,balanced,empirical,410,9,-0.05864197530864195,0.06379668049792533,4.222222222222222,-123.0
nih,balanced,guarded,410,9,-0.027777777777777776,0.09618487782388202,2.0,-185.44444444444446
nih,balanced,empirical,411,9,-0.07777777777777774,0.04699074074074069,6.222222222222222,-90.22222222222223
nih,balanced,guarded,411,9,-0.044444444444444446,0.15104166666666666,3.5555555555555554,-290.0
nih,balanced,empirical,412,9,-0.056384742951907096,0.06133241363453471,3.7777777777777777,-118.55555555555556
nih,balanced,guarded,412,9,-0.04643449419568821,0.11341035810771977,3.111111111111111,-219.22222222222223
nih,balanced,empirical,413,9,-0.055555555555555546,0.03539009536941283,3.6666666666666665,-68.44444444444444
nih,balanced,guarded,413,9,-0.018518518518518504,0.10473399977019418,1.2222222222222223,-202.55555555555554
nih,balanced,empirical,414,9,0.0017921146953405126,0.00550395596835228,-0.1111111111111111,-10.666666666666666
nih,balanced,guarded,414,9,0.025089605734767026,0.03245040706341017,-1.5555555555555556,-62.888888888888886
nih,balanced,empirical,415,9,0.07070707070707068,-0.006644710232853734,-5.444444444444445,12.777777777777779
nih,balanced,guarded,415,9,0.0,0.07655861790027159,0.0,-147.22222222222223
nih,balanced,empirical,416,9,-0.026143790849673207,0.054692891649413364,1.7777777777777777,-105.66666666666667
nih,balanced,guarded,416,9,-0.044117647058823546,0.1270416379112031,3.0,-245.44444444444446
nih,balanced,empirical,417,9,0.006837606837606838,-0.004306632213608978,-0.4444444444444444,8.333333333333334
nih,balanced,guarded,417,9,0.05299145299145296,0.004938271604938266,-3.4444444444444446,-9.555555555555555
nih,balanced,empirical,418,9,0.015089163237311378,0.013548723293381958,-1.2222222222222223,-26.0
nih,balanced,guarded,418,9,-0.03978052126200271,0.13809275664408543,3.2222222222222223,-265.0
nih,balanced,empirical,419,9,-0.053872053872053835,0.0552108468344249,3.5555555555555554,-106.77777777777777
nih,balanced,guarded,419,9,-0.025252525252525266,0.08985407330805471,1.6666666666666667,-173.77777777777777
nih,balanced,empirical,420,9,-0.02329749103942654,0.045636968237587415,1.4444444444444444,-88.44444444444444
nih,balanced,guarded,420,9,-0.03405017921146953,0.14195619768375184,2.111111111111111,-275.1111111111111
nih,balanced,empirical,421,9,0.033950617283950595,0.015272014753342548,-2.4444444444444446,-29.444444444444443
nih,balanced,guarded,421,9,-0.03703703703703701,0.1278815122176118,2.6666666666666665,-246.55555555555554
nih,balanced,empirical,422,9,-0.026604068857589973,0.0588675767524912,1.8888888888888888,-113.55555555555556
nih,balanced,guarded,422,9,-0.08920187793427228,0.17257070445250852,6.333333333333333,-332.8888888888889
nih,balanced,empirical,423,9,0.04480286738351255,-0.003554638229560863,-2.7777777777777777,6.888888888888889
nih,balanced,guarded,423,9,-0.026881720430107517,0.08966861598440547,1.6666666666666667,-173.77777777777777
nih,balanced,empirical,424,9,-0.12037037037037034,0.08018327605956471,7.222222222222222,-155.55555555555554
nih,balanced,guarded,424,9,-0.05370370370370367,0.13516609392898055,3.2222222222222223,-262.22222222222223
nih,balanced,empirical,425,9,0.0028129395218003455,0.021747932211232588,-0.2222222222222222,-41.77777777777778
nih,balanced,guarded,425,9,0.018284106891701804,0.07831569205853434,-1.4444444444444444,-150.44444444444446
nih,balanced,empirical,426,9,-0.09589041095890416,0.06440638874473853,7.0,-124.11111111111111
nih,balanced,guarded,426,9,-0.0639269406392694,0.11295623594533821,4.666666666666667,-217.66666666666666
nih,balanced,empirical,427,9,-0.0535947712418301,0.06916158978822164,4.555555555555555,-132.44444444444446
nih,balanced,guarded,427,9,-0.03790849673202612,0.09434290687554397,3.2222222222222223,-180.66666666666666
nih,balanced,empirical,428,9,-0.11469534050179209,0.03353973168214655,7.111111111111111,-65.0
nih,balanced,guarded,428,9,-0.04838709677419354,0.11197110423116619,3.0,-217.0
nih,balanced,empirical,429,9,-0.06837606837606841,0.08607522250933104,4.444444444444445,-166.55555555555554
nih,balanced,guarded,429,9,-0.008547008547008541,0.1063451047947172,0.5555555555555556,-205.77777777777777
nih,balanced,empirical,430,9,-0.07936507936507936,0.03655728267127231,5.555555555555555,-70.55555555555556
nih,balanced,guarded,430,9,-0.038095238095238085,0.1055267702936097,2.6666666666666665,-203.66666666666666
nih,balanced,empirical,431,9,0.1045751633986928,-0.031631009891879475,-7.111111111111111,61.111111111111114
nih,balanced,guarded,431,9,0.02777777777777774,0.016448125143777345,-1.8888888888888888,-31.77777777777778
nih,balanced,empirical,432,9,0.015325670498084285,0.05069229889003316,-0.8888888888888888,-98.44444444444444
nih,balanced,guarded,432,9,0.0038314176245210683,0.07271999084563452,-0.2222222222222222,-141.22222222222223
nih,balanced,empirical,433,9,-0.003527336860670169,0.07084265473527218,0.2222222222222222,-137.22222222222223
nih,balanced,guarded,433,9,0.005291005291005297,0.07090001720874203,-0.3333333333333333,-137.33333333333334
nih,balanced,empirical,434,9,-0.04669887278582929,0.09344611312503592,3.2222222222222223,-180.44444444444446
nih,balanced,guarded,434,9,-0.057971014492753596,0.15881235974451918,4.0,-306.6666666666667
nih,balanced,empirical,435,9,-0.06447187928669414,0.03306120085692779,5.222222222222222,-63.44444444444444
nih,balanced,guarded,435,9,-0.0013717421124828716,0.11290602744484973,0.1111111111111111,-216.66666666666666
nih,balanced,empirical,436,9,-0.07051282051282048,0.0920602327173169,3.6666666666666665,-179.33333333333334
nih,balanced,guarded,436,9,-0.0705128205128205,0.16997490303445134,3.6666666666666665,-331.1111111111111
nih,balanced,empirical,437,9,-0.07610350076103502,0.07455457533298734,5.555555555555555,-143.66666666666666
nih,balanced,guarded,437,9,-0.03805175038051748,0.15003171308308824,2.7777777777777777,-289.1111111111111
nih,balanced,empirical,438,9,-0.038800705467372146,0.02145356507772615,2.4444444444444446,-41.55555555555556
nih,balanced,guarded,438,9,-0.04056437389770725,0.1468479320828314,2.5555555555555554,-284.44444444444446
nih,balanced,empirical,439,9,-0.06637806637806641,0.055757785866990206,5.111111111111111,-107.22222222222223
nih,balanced,guarded,439,9,-0.05483405483405485,0.12665395504709076,4.222222222222222,-243.55555555555554
nih,balanced,empirical,440,9,-0.1095890410958904,0.09640777258836421,8.0,-185.77777777777777
nih,balanced,guarded,440,9,-0.03500761035007611,0.14801360779565245,2.5555555555555554,-285.22222222222223
nih,balanced,empirical,441,9,0.03594771241830062,0.009834368530020707,-2.4444444444444446,-19.0
nih,balanced,guarded,441,9,0.0016339869281045694,0.06314699792960661,-0.1111111111111111,-122.0
nih,balanced,empirical,442,9,-0.007407407407407381,0.025486827033218733,0.4444444444444444,-49.44444444444444
nih,balanced,guarded,442,9,0.012962962962962966,0.06202749140893472,-0.7777777777777778,-120.33333333333333
nih,balanced,empirical,443,9,-0.055555555555555566,0.09795777085496714,4.111111111111111,-188.66666666666666
nih,balanced,guarded,443,9,-0.06156156156156156,0.15484019845390565,4.555555555555555,-298.22222222222223
nih,balanced,empirical,444,9,-0.05472636815920399,0.03402885554980742,3.6666666666666665,-65.77777777777777
nih,balanced,guarded,444,9,-0.04975124378109451,0.12065298614703684,3.3333333333333335,-233.22222222222223
nih,balanced,empirical,445,9,0.06790123456790123,-0.002939142461964065,-4.888888888888889,5.666666666666667
nih,balanced,guarded,445,9,0.07407407407407407,-0.0017865375749193113,-5.333333333333333,3.4444444444444446
nih,balanced,empirical,446,9,-0.0172143974960876,0.06220839813374809,1.2222222222222223,-120.0
nih,balanced,guarded,446,9,-0.028169014084507043,0.10586947756465641,2.0,-204.22222222222223
nih,balanced,empirical,447,9,-0.06666666666666671,0.07193585337915234,4.0,-139.55555555555554
nih,balanced,guarded,447,9,-0.07592592592592594,0.1514318442153494,4.555555555555555,-293.77777777777777
nih,balanced,empirical,448,9,-0.07503607503607504,0.06569596117178021,5.777777777777778,-126.33333333333333
nih,balanced,guarded,448,9,-0.06782106782106784,0.14872594903796152,5.222222222222222,-286.0
nih,balanced,empirical,449,9,-0.08249158249158249,0.05141905090198781,5.444444444444445,-99.44444444444444
nih,balanced,guarded,449,9,-0.12794612794612792,0.20102263587268757,8.444444444444445,-388.77777777777777
nih,balanced,empirical,450,9,-0.02932098765432096,0.014868603042876911,2.111111111111111,-28.666666666666668
nih,balanced,guarded,450,9,-0.009259259259259252,0.13854310742277548,0.6666666666666666,-267.1111111111111
nih,balanced,empirical,451,9,-0.0933977455716586,0.05046320271592147,6.444444444444445,-97.44444444444444
nih,balanced,guarded,451,9,-0.10628019323671495,0.13815524483572128,7.333333333333333,-266.77777777777777
nih,balanced,empirical,452,9,0.02485380116959066,0.06312081312081312,-1.8888888888888888,-121.44444444444444
nih,balanced,guarded,452,9,0.04824561403508771,0.09788634788634791,-3.6666666666666665,-188.33333333333334
nih,balanced,empirical,453,9,-0.03703703703703706,0.03699831561828425,3.2222222222222223,-70.77777777777777
nih,balanced,guarded,453,9,-0.010217113665389528,0.06795608991113435,0.8888888888888888,-130.0
nih,balanced,empirical,454,9,0.03292181069958849,0.006137455850848251,-2.6666666666666665,-11.777777777777779
nih,balanced,guarded,454,9,-0.010973936899862825,0.14208789299982627,0.8888888888888888,-272.6666666666667
nih,balanced,empirical,455,9,-0.002962962962962957,0.016738816738816734,0.2222222222222222,-32.22222222222222
nih,balanced,guarded,455,9,-0.029629629629629624,0.15474747474747472,2.2222222222222223,-297.8888888888889
nih,balanced,empirical,456,9,-0.018018018018018007,0.04926733587169728,1.3333333333333333,-94.88888888888889
nih,balanced,guarded,456,9,0.010510510510510503,0.11820699203876776,-0.7777777777777778,-227.66666666666666
nih,balanced,empirical,457,9,0.013550135501354976,0.052543158382574444,-1.1111111111111112,-100.77777777777777
nih,balanced,guarded,457,9,0.010840108401084021,0.11997451048545936,-0.8888888888888888,-230.11111111111111
nih,balanced,empirical,458,9,0.010582010582010545,0.029254861469626563,-0.6666666666666666,-56.666666666666664
nih,balanced,guarded,458,9,0.003527336860670157,0.09212413239258878,-0.2222222222222222,-178.44444444444446
nih,balanced,empirical,459,9,0.007407407407407381,0.011626575028636905,-0.4444444444444444,-22.555555555555557
nih,balanced,guarded,459,9,-0.038888888888888876,0.13928980526918672,2.3333333333333335,-270.22222222222223
nih,balanced,empirical,460,9,-0.03614457831325299,0.09951892424505886,3.0,-190.77777777777777
nih,balanced,guarded,460,9,0.006693440428380197,0.10369211151683765,-0.5555555555555556,-198.77777777777777
nih,balanced,empirical,461,9,-0.04722222222222223,0.08240740740740743,3.7777777777777777,-158.22222222222223
nih,balanced,guarded,461,9,-0.012500000000000004,0.13749999999999998,1.0,-264.0
nih,balanced,empirical,462,9,0.0013386880856760541,0.030139685851735914,-0.1111111111111111,-57.77777777777778
nih,balanced,guarded,462,9,-0.046854082998661305,0.11279197820668872,3.888888888888889,-216.22222222222223
nih,balanced,empirical,463,9,-0.07744107744107745,0.11674135355624499,5.111111111111111,-225.77777777777777
nih,balanced,guarded,463,9,0.008417508417508435,0.09152016546018615,-0.5555555555555556,-177.0
nih,balanced,empirical,464,9,-0.019943019943019946,0.038732801479939884,1.5555555555555556,-74.44444444444444
nih,balanced,guarded,464,9,-0.07692307692307693,0.1737773152965661,6.0,-334.0
nih,balanced,empirical,465,9,0.02003642987249547,0.014096613374591708,-1.2222222222222223,-27.333333333333332
nih,balanced,guarded,465,9,-0.01092896174863388,0.10526617385823162,0.6666666666666666,-204.11111111111111
nih,balanced,empirical,466,9,0.010654490106544907,0.052643717926540975,-0.7777777777777778,-101.44444444444444
nih,balanced,guarded,466,9,0.012176560121765588,0.10113590497607106,-0.8888888888888888,-194.88888888888889
nih,balanced,empirical,467,9,0.026365348399246685,0.056442841605129086,-1.5555555555555556,-109.55555555555556
nih,balanced,guarded,467,9,-0.03389830508474577,0.16841261663518228,2.0,-326.8888888888889
nih,balanced,empirical,468,9,-0.04761904761904756,0.08762233736326999,3.3333333333333335,-169.11111111111111
nih,balanced,guarded,468,9,-0.036507936507936524,0.13730569948186527,2.5555555555555554,-265.0
nih,balanced,empirical,469,9,0.012750455373406208,0.004355051286459226,-0.7777777777777778,-8.444444444444445
nih,balanced,guarded,469,9,0.009107468123861564,0.09747292418772563,-0.5555555555555556,-189.0
nih,balanced,empirical,470,9,-0.05811965811965809,0.04771748492678726,3.7777777777777777,-92.33333333333333
nih,balanced,guarded,470,9,-0.015384615384615392,0.06414010910134943,1.0,-124.11111111111111
nih,balanced,empirical,471,9,-0.16374269005847955,0.12601062601062601,12.444444444444445,-242.44444444444446
nih,balanced,guarded,471,9,-0.05847953216374266,0.12941787941787938,4.444444444444445,-249.0
nih,balanced,empirical,472,9,0.019005847953216345,0.015477015477015521,-1.4444444444444444,-29.77777777777778
nih,balanced,guarded,472,9,0.03654970760233916,0.09540309540309538,-2.7777777777777777,-183.55555555555554
nih,balanced,empirical,473,9,-0.04411764705882356,0.05624568668046928,3.0,-108.66666666666667
nih,balanced,guarded,473,9,-0.04575163398692813,0.11433172302737521,3.111111111111111,-220.88888888888889
nih,balanced,empirical,474,9,-0.03703703703703706,0.09127187731600248,1.8888888888888888,-177.88888888888889
nih,balanced,guarded,474,9,0.00871459694989105,0.10575223761473118,-0.4444444444444444,-206.11111111111111
nih,balanced,empirical,475,9,-0.05437352245862887,0.03362348523638846,2.5555555555555554,-65.66666666666667
nih,balanced,guarded,475,9,-0.04728132387706853,0.10126870341924105,2.2222222222222223,-197.77777777777777
nih,balanced,empirical,476,9,-0.10119047619047622,0.03223593964334705,5.666666666666667,-62.666666666666664
nih,balanced,guarded,476,9,-0.08531746031746033,0.1457475994513032,4.777777777777778,-283.3333333333333
nih,balanced,empirical,477,9,0.007936507936507933,0.04312032239493378,-0.5555555555555556,-83.22222222222223
nih,balanced,guarded,477,9,-0.007936507936507933,0.09470351180195737,0.5555555555555556,-182.77777777777777
nih,balanced,empirical,478,9,-0.08126036484245439,0.10174167959993102,5.444444444444445,-196.66666666666666
nih,balanced,guarded,478,9,-0.013266998341625221,0.09317698453756397,0.8888888888888888,-180.11111111111111
nih,balanced,empirical,479,9,-0.10470085470085469,0.09126169290440336,5.444444444444445,-177.77777777777777
nih,balanced,guarded,479,9,-0.07905982905982906,0.14989733059548255,4.111111111111111,-292.0
nih,balanced,empirical,480,9,-0.012012012012011988,0.05405561324564442,0.8888888888888888,-104.11111111111111
nih,balanced,guarded,480,9,-0.01951951951951953,0.0745932848736587,1.4444444444444444,-143.66666666666666
nih,balanced,empirical,481,9,0.07131011608623551,0.0003448870494912912,-4.777777777777778,-0.6666666666666666
nih,balanced,guarded,481,9,0.013266998341625246,0.009599356210840935,-0.8888888888888888,-18.555555555555557
nih,balanced,empirical,482,9,-0.04513888888888889,0.09027777777777775,2.888888888888889,-174.77777777777777
nih,balanced,guarded,482,9,-0.046875,0.16092745638200182,3.0,-311.55555555555554
nih,balanced,empirical,483,9,-0.0525252525252525,0.07929163096258213,2.888888888888889,-154.22222222222223
nih,balanced,guarded,483,9,-0.014141414141414146,0.10579834333047702,0.7777777777777778,-205.77777777777777
nih,balanced,empirical,484,9,-0.08126036484245436,0.14674943955854458,5.444444444444445,-283.6666666666667
nih,balanced,guarded,484,9,-0.043117744610281915,0.157268494568029,2.888888888888889,-304.0
nih,balanced,empirical,485,9,-0.0448028673835125,0.056530214424951285,2.7777777777777777,-109.55555555555556
nih,balanced,guarded,485,9,-0.02867383512544804,0.16523334479990825,1.7777777777777777,-320.22222222222223
nih,balanced,empirical,486,9,-0.034293552812071325,0.08928261247177349,2.7777777777777777,-171.33333333333334
nih,balanced,guarded,486,9,-0.00960219478737999,0.09831509466736149,0.7777777777777778,-188.66666666666666
nih,balanced,empirical,487,9,-0.10964912280701754,0.03955878955878957,8.333333333333334,-76.11111111111111
nih,balanced,guarded,487,9,-0.05701754385964913,0.12300762300762298,4.333333333333333,-236.66666666666666
nih,balanced,empirical,488,9,-0.030441400304414,0.034134809433200713,2.2222222222222223,-65.77777777777777
nih,balanced,guarded,488,9,-0.0776255707762557,0.14939745142132269,5.666666666666667,-287.8888888888889
nih,balanced,empirical,489,9,-0.06725146198830408,0.09089859089859094,5.111111111111111,-174.88888888888889
nih,balanced,guarded,489,9,-0.03654970760233921,0.11861861861861864,2.7777777777777777,-228.22222222222223
nih,balanced,empirical,490,9,-0.037037037037037056,0.07822313577709263,2.0,-152.22222222222223
nih,balanced,guarded,490,9,-0.03497942386831278,0.13726161927600777,1.8888888888888888,-267.1111111111111
nih,balanced,empirical,491,9,-0.05320813771517996,0.028684983583894954,3.7777777777777777,-55.333333333333336
nih,balanced,guarded,491,9,0.004694835680751192,0.10402626576810095,-0.3333333333333333,-200.66666666666666
nih,balanced,empirical,492,9,-0.11481481481481476,0.10355097365406646,6.888888888888889,-200.88888888888889
nih,balanced,guarded,492,9,-0.09814814814814815,0.16580756013745704,5.888888888888889,-321.6666666666667
nih,balanced,empirical,493,9,-0.024691358024691343,0.02891068662880747,1.5555555555555556,-56.0
nih,balanced,guarded,493,9,-0.003527336860670194,0.10061377846612753,0.2222222222222222,-194.88888888888889
nih,balanced,empirical,494,9,-0.054012345679012315,0.008759797141539873,3.888888888888889,-16.88888888888889
nih,balanced,guarded,494,9,-0.055555555555555546,0.08218072844628856,4.0,-158.44444444444446
nih,balanced,empirical,495,9,-0.02910052910052911,0.023718394803989788,2.4444444444444446,-45.44444444444444
nih,balanced,guarded,495,9,-0.01322751322751323,0.07707028531663185,1.1111111111111112,-147.66666666666666
nih,balanced,empirical,496,9,-0.029629629629629624,0.11849942726231388,1.7777777777777777,-229.88888888888889
nih,balanced,guarded,496,9,0.033333333333333326,0.10137457044673538,-2.0,-196.66666666666666
nih,balanced,empirical,497,9,-0.12522045855379188,0.07766878907818504,7.888888888888889,-150.44444444444446
nih,balanced,guarded,497,9,-0.07407407407407403,0.1262548041071531,4.666666666666667,-244.55555555555554
nih,balanced,empirical,498,9,-0.026041666666666668,0.1258034894398531,1.6666666666666667,-243.55555555555554
nih,balanced,guarded,498,9,0.036458333333333336,0.1332644628099174,-2.3333333333333335,-258.0
nih,balanced,empirical,499,9,0.040229885057471285,0.007266277606133446,-2.3333333333333335,-14.11111111111111
nih,balanced,guarded,499,9,0.022988505747126457,0.07947133539306558,-1.3333333333333333,-154.33333333333334
nih,balanced,empirical,500,9,-0.050347222222222224,0.01974288337924701,3.2222222222222223,-38.22222222222222
nih,balanced,guarded,500,9,-0.027777777777777776,0.10330578512396692,1.7777777777777777,-200.0
